query,citing_pmid,citing_abstract,ground_truth_title,confirmed_protocol_ids,self_return_position,ground_truth_link,exact_match_position,top1_title,top1_sts_title_only,top1_sts_title_plus_desc,top1_sts_vs_source_paper,best_sts_title_only,best_sts_title_plus_desc,best_sts_vs_source_paper,best_sts_position,best_sts_title
Search query: does the human domesticated transposase gene PGBD5 retain active cut-and-paste DNA transposition activity in human cells?,26406119,"Transposons are mobile genetic elements that are found in nearly all organisms, including humans. Mobilization of DNA transposons by transposase enzymes can cause genomic rearrangements, but our knowledge of human genes derived from transposases is limited. Here, we find that the protein encoded by human PGBD5, the most evolutionarily conserved transposable element-derived gene in chordates, can induce stereotypical cut-and-paste DNA transposition in human cells. Genomic integration activity of PGBD5 requires distinct aspartic acid residues in its transposase domain, and specific DNA sequences with inverted terminal repeats with similarity to piggyBac transposons. DNA transposition catalyzed by PGBD5 in human cells occurs genome-wide, with precise transposon excision and preference for insertion at TTAA sites. The apparent conservation of DNA transposition activity by PGBD5 raises the possibility that genomic remodeling may contribute to its biological function.",Transposon mapping using flanking sequence exponential anchored (FLEA) PCR,121687,1,https://www.protocols.io/view/transposon-mapping-using-flanking-sequence-exponen-d23x8gpn,0,Functional indications for transposase domestications - Characterization of the human piggyBac transposase derived (PGBD) activities.,0.275,0.4637,0.6677,0.282,0.48,0.6032,4,Cognate restriction of transposition by piggyBac-like proteins.
Identifying new drug candidates against Schistosoma using cheminformatics databases and ex vivo larval and adult worm assays to overcome praziquantel resistance.,37242601,"Schistosomiasis is one of the most important neglected tropical diseases. Until an effective vaccine is registered for use, the cornerstone of schistosomiasis control remains chemotherapy with praziquantel. The sustainability of this strategy is at substantial risk due to the possibility of praziquantel insensitive/resistant schistosomes developing. Considerable time and effort could be saved in the schistosome drug discovery pipeline if available functional genomics, bioinformatics, cheminformatics and phenotypic resources are systematically leveraged. Our approach, described here, outlines how schistosome-specific resources/methodologies, coupled to the open-access drug discovery database ChEMBL, can be cooperatively used to accelerate early-stage, schistosome drug discovery efforts. Our process identified seven compounds (fimepinostat, trichostatin A, NVP-BEP800, luminespib, epoxomicin, CGP60474 and staurosporine) with ex vivo anti-schistosomula potencies in the sub-micromolar range. Three of those compounds (epoxomicin, CGP60474 and staurosporine) also demonstrated potent and fast-acting ex vivo effects on adult schistosomes and completely inhibited egg production. ChEMBL toxicity data were also leveraged to provide further support for progressing CGP60474 (as well as luminespib and TAE684) as a novel anti-schistosomal compound. As very few compounds are currently at the advanced stages of the anti-schistosomal pipeline, our approaches highlight a strategy by which new chemical matter can be identified and quickly progressed through preclinical development.",Creating a screening set of potential anthelmintic compounds using ChEMBL,122031,0,https://www.protocols.io/view/creating-a-screening-set-of-potential-anthelmintic-d3ep8jdn,0,Robenidine derivatives as potential antischistosomal drug candidates.,0.3077,0.3976,0.4937,0.321,0.4785,0.6236,2,Pyrazoline derivatives as promising novel antischistosomal agents.
Rat auxiliary partial liver transplant model with arterial anastomosis and retrorsine treatment to study recipient cell recruitment into regenerating liver grafts.,28009756,"Background Auxiliary partial liver transplantation (APLT) in humans is a therapeutic modality used especially to treat liver failure in children or congenital metabolic disease. Animal models of APLT have helped to explore therapeutic options. Though many groups have suggested improvements, standardizing the surgical procedure has been challenging. Additionally, the question of whether graft livers are reconstituted by recipient-derived cells after transplantation has been controversial. The aim of this study was to improve experimental APLT in rats and to assess cell recruitment in the liver grafts. Methods To inhibit recipient liver regeneration and to promote graft regeneration, we treated recipients with retrorsine and added arterial anastomosis. Using green fluorescence protein transgenic rats as recipients, we examined liver resident cell recruitment within graft livers by immunofluorescence costaining. Results In the improved APLT model, we achieved well-regenerated grafts that could maintain regeneration for at least 4 weeks. Regarding the cell recruitment, there was no evidence of recipient-derived hepatocyte, cholangiocyte, or hepatic stellate cell recruitment into the graft. Macrophages/monocytes, however, were consistently recruited into the graft and increased over time, which might be related to inflammatory responses. Very few endothelial cells showed colocalization of markers. Conclusions We have successfully established an improved rat APLT model with arterial anastomosis as a standard technique. Using this model, we have characterized cell recruitment into the regenerating grafts.",Surgical Model of Auxiliary Partial Liver Transplantation in the Rat,121741,2,https://www.protocols.io/view/surgical-model-of-auxiliary-partial-liver-transpla-d25m8g46,1,Surgical Model of Auxiliary Partial Liver Transplantation in the Rat,1.0,0.9985,0.86,1.0,0.9985,0.86,1,Surgical Model of Auxiliary Partial Liver Transplantation in the Rat
Single-tube barcoding method to co-tag long DNA fragments for haplotype phasing and structural variant detection using short-read sequencing in human genome assembly.,30940689,"Here, we describe single-tube long fragment read (stLFR), a technology that enables sequencing of data from long DNA molecules using economical second-generation sequencing technology. It is based on adding the same barcode sequence to subfragments of the original long DNA molecule (DNA cobarcoding). To achieve this efficiently, stLFR uses the surface of microbeads to create millions of miniaturized barcoding reactions in a single tube. Using a combinatorial process, up to 3.6 billion unique barcode sequences were generated on beads, enabling practically nonredundant cobarcoding with 50 million barcodes per sample. Using stLFR, we demonstrate efficient unique cobarcoding of more than 8 million 20- to 300-kb genomic DNA fragments. Analysis of the human genome NA12878 with stLFR demonstrated high-quality variant calling and phase block lengths up to N50 34 Mb. We also demonstrate detection of complex structural variants and complete diploid de novo assembly of NA12878. These analyses were all performed using single stLFR libraries, and their construction did not significantly add to the time or cost of whole-genome sequencing (WGS) library preparation. stLFR represents an easily automatable solution that enables high-quality sequencing, phasing, SV detection, scaffolding, cost-effective diploid de novo genome assembly, and other long DNA sequencing applications.",A simple bead-based method for generating cost-effective co-barcoded sequence reads,122070,0,https://www.protocols.io/view/a-simple-bead-based-method-for-generating-cost-eff-d3fw8jpe,1,A simple bead-based method for generating cost-effective co-barcoded sequence reads,1.0,0.9489,0.6595,1.0,0.9489,0.6595,1,A simple bead-based method for generating cost-effective co-barcoded sequence reads
Map protein-DNA interactions genome-wide using antibody-tethered methyltransferase and Nanopore long-read sequencing to profile binding in repetitive regions and detect haplotype-specific interactions.,39237830,"We recently developed Directed Methylation with Long-read sequencing (DiMeLo-seq) to map protein-DNA interactions genome wide. DiMeLo-seq is capable of mapping multiple interaction sites on single DNA molecules, profiling protein binding in the context of endogenous DNA methylation, identifying haplotype specific protein-DNA interactions, and mapping protein-DNA interactions in repetitive regions of the genome that are difficult to study with short-read methods. With DiMeLo-seq, adenines in the vicinity of a protein of interest are methylated in situ by tethering the Hia5 methyltransferase to an antibody using protein A. Protein-DNA interactions are then detected by direct readout of adenine methylation with long-read, single-molecule, DNA sequencing platforms such as Nanopore sequencing. Here, we present a detailed protocol and practical guidance for performing DiMeLo-seq. This protocol can be run on nuclei from fresh, lightly fixed, or frozen cells. The protocol requires 1-2 days for performing in situ targeted methylation, 1-5 days for library preparation depending on desired fragment length, and 1-3 days for Nanopore sequencing depending on desired sequencing depth. The protocol requires basic molecular biology skills and equipment, as well as access to a Nanopore sequencer. We also provide a Python package, dimelo, for analysis of DiMeLo-seq data. Key papers Altemose, N., Maslan, A., Smith, O.K., Sundararajan, K., Brown, R.R., Mishra, R., Detweiler, A.M., Neff, N., Miga, K.H., Straight, A.F. and Streets, A., 2022. DiMeLo-seq: a long-read, single-molecule method for mapping protein–DNA interactions genome wide. Nature Methods, pp.1-13. (https://doi.org/10.1038/s41592-022-01475-6)",AlphaHOR-RES: a method for enriching centromeric DNA,"51194,55936",2,https://www.protocols.io/view/alphahor-res-a-method-for-enriching-centromeric-dn-bv9vn966,1,DiMeLo-seq: Directed Methylation with Long-read sequencing,0.3759,0.6477,0.8503,0.3759,0.6477,0.8503,1,DiMeLo-seq: Directed Methylation with Long-read sequencing
Identify proteins localized at specific genomic loci like telomeres using dCas9-APEX2 proximity labeling and mass spectrometry in living human cells.,29735996,"Mapping proteomic composition at distinct genomic loci in living cells has been a long-standing challenge. Here we report that dCas9–APEX2 biotinylation at genomic elements by restricted spatial tagging (C-BERST) allows the rapid, unbiased mapping of proteomes near defined genomic loci, as demonstrated for telomeres and centromeres. C-BERST enables the high-throughput identification of proteins associated with specific sequences, thereby facilitating annotation of these factors and their roles. dCas9 fused to ascorbate peroxidase (APEX2) biotinylates proteins around targeted loci so they can be enriched and characterized.",Mapping subnuclear proteomes onto genome architecture via C-BERST,122009,2,https://www.protocols.io/view/mapping-subnuclear-proteomes-onto-genome-architect-d3dz8i76,1,Mapping subnuclear proteomes onto genome architecture via C-BERST,1.0,0.9924,0.9288,1.0,0.9924,0.9288,1,Mapping subnuclear proteomes onto genome architecture via C-BERST
How does elevation drive natural selection on group aggregation behavior across globally sampled wild C. elegans strains using GWAS and heritability analysis?,41676688,"Animal behavior can diverge in natural populations in response to different environmental conditions, but if and how natural selection also shapes the evolution of collective behavior in groups of animals remains underexplored. With their cosmopolitan distribution and known collective behaviours, wild populations of Caenorhabditis elegans provide a powerful system to address how collective behavior could evolve across natural habitats on a global scale. We screened a panel of 196 genetically diverse C. elegans strains sampled from around the world, conducting aggregation behavior experiments and analysis to quantify natural variation among these populations. We found substantial variation in the spatial magnitude and the temporal dynamics of aggregation across strains, which were significantly explained by the elevation of the source habitats. Accounting for neutral evolutionary processes, our maximum likelihood population effects (MLPE) models further support a role of selection on aggregation. Furthermore, the two behavioral traits are highly heritable, and genome-wide association studies (GWAS) revealed a quantitative trait locus (QTL) containing several candidate genes associated with oxygen response and foraging behaviors. Our results showcase C. elegans aggregation as a collective behavior that has diverged globally across elevational gradients, and support that natural selection has shaped the evolution of this collective behavior.",Making low peptone NGM for imaging plates,44774,1,https://www.protocols.io/view/making-low-peptone-ngm-for-imaging-plates-bpyempte,0,High-throughput Behavioral Assay (HTBA),0.0972,0.3443,0.3051,0.2852,0.6978,0.321,9,NGM Preparation – Maintenance c. elegans
Comparing single-cell versus single-nucleus RNA sequencing cell-type composition differences in matched fresh versus frozen human colon and liver tissue.,36460793,"Single-cell ribonucleic acid (RNA) sequencing (scRNA-seq) is an effective technique for estimating the cellular composition and transcriptional profiles of individual cells from fresh tissue. Single-nucleus RNA sequencing (snRNA-seq) is necessary to perform this type of analysis in frozen or difficult-to-dissociate tissues, which cannot be subjected to scRNA-seq. This difference in the state of tissues leads to variation in cell-type distributions among each platform. To identify the characteristics of these methods and their differences, scRNA-seq and snRNA-seq were performed in parallel for colon and liver tissues. The two platforms revealed similar diversity but different proportions of cell types in matched tissues. The proportions of epithelial cells in the colon and hepatocytes in the liver were relatively high in snRNA-seq and that of immune cells was relatively high in scRNA-seq. This difference could be explained by variations in the expression scores of adhesion genes due to the disruption of the cytoplasmic contents during scRNA-seq. The enrichment of epithelial cells in the colon resulted in a discrepancy in the differentiation of epithelial cells. This enrichment was also well matched with the images of hematoxylin and eosin staining and the estimated distribution of cell types in bulk RNA sequencing. These results showed that snRNA-seq could be used to analyze tissues that cannot be subjected to scRNA-seq and provides more information in specific cell type analysis. Methods that analyze single-cell RNA sequences in fresh clinical samples are skewed toward examining a different subset of cell types than methods analyzing single-nucleus sequences in frozen tissues. A team led by Chang Eun Yoo and Woong-Yang Park from the Samsung Medical Center in Seoul, South Korea, applied two different RNA-sequencing techniques in parallel on a common set of colon and liver tissues collected from cancer patients. They showed that single-cell profiling, which works best with fresh samples that can be readily dissociated into component cells, returned results on more immune cells, whereas single-nucleus methods, best for archived -frozen tissues, were enriched for more cells of epithelial origin. The different cell distributions revealed by this matched tissue analysis should help inform data interpretation and assay selection for future RNA-sequencing studies.",Single-nucleus isolation from frozen human lung tissue for single-nucleus RNA-seq,22144,0,https://www.protocols.io/view/single-nucleus-isolation-from-frozen-human-lung-ti-zu8f6zw,0,10X Genomics Single-Nucleus RNA-Sequencing for Transcriptomic Profiling of Adult Human Tissues,0.6239,0.5979,0.6869,0.6805,0.7132,0.6975,2,(P75) Isolation of single nuclei from frozen tissues
Looking for methods to detect or remove heterophilic antibody interference in plasma p-tau217 immunoassays used for Alzheimer's biomarker testing.,41457950,"Plasma phosphorylated tau at threonine 217 (p‐tau217) has emerged as one of the most promising blood‐based biomarkers for Alzheimer's disease (AD). While rare, heterophilic antibodies (HAb) are a persistent potential confounding factor in immunoassays.",Interference in ELISA,259411,1,https://www.protocols.io/view/interference-in-elisa-h9jtb94np,5,Decrease in plasma levels of α-synuclein is evident in patients with Parkinson's disease after elimination of heterophilic antibody interference.,0.2609,0.2805,0.394,1.0,0.9342,0.276,5,Interference in ELISA
Multi-omics analysis of gut microbiome metabolic changes including metabolomics and metatranscriptomics in Parkinson's disease patients versus healthy controls to identify functional microbial alterations.,41053825,"Parkinson’s disease (PD) is associated with gut microbiome shifts, but the functional consequences remain unclear. Here, we use an integrated multi-omics approach to compare the gut microbiomes of individuals with PD and prodromal PD as well as healthy individuals. After analyzing each omics, meta-metabolomic was selected to inform the analysis as it represents the most discriminatory and robust ome. We identified 11 metabolites that were differentially abundant between the groups, amongst which β-glutamate was increased in PD and prodromal PD, and correlated with the transcriptional activities of Methanobrevibacter smithii and Clostridium spp. We identified decreases in transcripts, but not in gene abundances, related to glutamate metabolism, bile acids, chemotaxis and flagellar assembly in PD, particularly in keystone genera such as Roseburia, Agathobacter and Blautia. Our findings, integrated into the Expobiome map, reveal multifactorial microbiome alterations which converge with PD pathways. Our study highlights the importance of investigating the gut microbiome’s functional dimensions to better resolve microbiome-host interactions in health and disease.","The sequential isolation of metabolites, RNA, DNA, and proteins from a single, undivided mixed microbial community sample",121607,1,https://www.protocols.io/view/the-sequential-isolation-of-metabolites-rna-dna-an-d2zf8f3n,0,Integrative multi-omics analysis reveals host-microbiome metabolic alterations and candidate biomarkers in Parkinson's disease.,0.3908,0.6092,0.9034,0.2259,0.668,0.4664,5,bioBakery Protocols
How does reference population size and linkage disequilibrium pattern affect genomic breeding value prediction accuracy using GBLUP and weighted GBLUP in multi-population beef cattle scenarios?,41413855,"Genomic selection (GS) is a key tool to enhance genetic progress in livestock and poultry breeding, but the effects of differences in linkage disequilibrium (LD) patterns between populations and the way reference populations are constructed on the accuracy of genomic prediction (GP) still need to be thoroughly investigated. Therefore, in this study, three beef cattle populations with different genetic backgrounds and LD patterns were simulated to compare the performance of GBLUP, WGBLUP, and their mixed reference population derivation methods (GBLUPmix and WGBLUPmix) in predicting genomic breeding values, with a focus on analyzing the effects of different LD patterns and reference population sizes on prediction performance. The results showed that increasing the reference population size significantly improved the accuracy of GP, especially when the reference population was increased from 4000 to 5000, and the WGBLUPmix model showed the highest prediction accuracy in multi-population integration scenarios. In addition, the performance of the WGBLUPmix model was significantly different in different LD modes. The superiority may be due to the realization of capturing different LD patterns in the genome, adaptation to different genetic contexts of population structure, and better capture of large effect SNP contributions through weight adjustment or assignment. These results highlight the importance of using the WGBLUPmix model to flexibly adjust weights to accommodate different reference population sizes and LD patterns in multi-population genome prediction, demonstrate the superiority of WGBLUP in low-LD populations and its synergistic effect with mixed reference populations, and provide an effective strategy to improve prediction accuracy.",Genomic Best Linear Unbiased Prediction (gBLUP) for the Estimation of Genomic Breeding Values,239360,1,https://www.protocols.io/view/genomic-best-linear-unbiased-prediction-gblup-for-hmy8b47zx,0,Improving Genomic Predictions in Multi-Breed Cattle Populations: A Comparative Analysis of BayesR and GBLUP Models.,0.6614,0.6508,0.8104,0.6614,0.6508,0.8104,2,Improving Genomic Predictions in Multi-Breed Cattle Populations: A Comparative Analysis of BayesR and GBLUP Models.
Track individual NLRP3 inflammasome ASC speck formation and dissolution over time in live macrophages using single-cell imaging to compare dynamics across different triggers.,42082551,"Formation of the NLRP3 inflammasome occurs in response to a wide range of triggers and leads to pyroptosis and release of IL-1β and IL-18. This has widely been considered an “all or nothing” response leading to similar cellular outcomes each time, once the inflammasome has formed, a view that has been challenged over the years. This assumption has largely been based on endpoint measurements at the population level, producing metrics that fail to adequately capture dynamic responses. Herein, we utilize live-cell imaging combined with an algorithmic approach to track individual ASC-GFP specks over time, formed in response to the triggers ATP, monosodium urate and nigericin. Using this approach, we report trigger-dependent differences in speck lifetime. The use of the proposed algorithm requires a relatively small dataset, while still providing insights into NLRP3 inflammasome dynamics downstream of inflammasome activation at the single-cell level.",ASC Speck Formation as a Readout for Inflammasome Activation,310914,0,https://www.protocols.io/view/asc-speck-formation-as-a-readout-for-inflammasome-jtvacnn2f,6,Measuring NLR Oligomerization II: Detection of ASC Speck Formation by Confocal Microscopy and Immunofluorescence.,0.6113,0.8317,0.7518,1.0,0.959,0.6972,6,ASC Speck Formation as a Readout for Inflammasome Activation
Metabolic RNA labeling with 4-thiouridine combined with sequencing to measure transcription rates and RNA decay dynamics simultaneously in mouse embryonic stem cells.,28945705,"Gene expression profiling by high-throughput sequencing reveals qualitative and quantitative changes in RNA species at steady state but obscures the intracellular dynamics of RNA transcription, processing and decay. We developed thiol(SH)-linked alkylation for the metabolic sequencing of RNA (SLAM seq), an orthogonal-chemistry-based RNA sequencing technology that detects 4-thiouridine (s4U) incorporation in RNA species at single-nucleotide resolution. In combination with well-established metabolic RNA labeling protocols and coupled to standard, low-input, high-throughput RNA sequencing methods, SLAM seq enabled rapid access to RNA-polymerase-II-dependent gene expression dynamics in the context of total RNA. We validated the method in mouse embryonic stem cells by showing that the RNA-polymerase-II-dependent transcriptional output scaled with Oct4/Sox2/Nanog-defined enhancer activity, and we provide quantitative and mechanistic evidence for transcript-specific RNA turnover mediated by post-transcriptional gene regulatory pathways initiated by microRNAs and N6-methyladenosine. SLAM seq facilitates the dissection of fundamental mechanisms that control gene expression in an accessible, cost-effective and scalable manner.",Thiol-linked alkylation for the metabolic sequencing of RNA (SLAMseq),116161,2,https://www.protocols.io/view/thiol-linked-alkylation-for-the-metabolic-sequenci-dvn965h6,0,A Protocol for Transcriptome-Wide Inference of RNA Metabolic Rates in Mouse Embryonic Stem Cells.,0.5081,0.4646,0.4329,0.5497,0.64,0.6759,3,Determining mRNA Stability by Metabolic RNA Labeling and Chemical Nucleoside Conversion.
How do I sequence and assemble a plant genome from scratch using Oxford Nanopore long-read sequencing as a beginner?,41652543,"Access to genome sequences is crucial to investigate and engineer traits in plants, explore biodiversity, and support phylogenetic studies. Over the last decade, affordable sequencing devices have substantially increased the size of the genomics community by enabling individual research groups to sequence the genomes of plant species of interest. There has also been a quick development of novel tools for sequencing data analysis. Here, we share experiences with plant long-read genomics methods for Oxford Nanopore Technologies (ONT) and provide hands-on guidelines to support newcomers entering plant genomics. The full workflow from planning a plant genome sequencing project to the public release of associated data sets is covered.",Scalable high-molecular weight DNA extraction for long-read sequencing,"33432,43337",0,https://www.protocols.io/view/scalable-high-molecular-weight-dna-extraction-for-bnjhmcj6,0,"De-novo whole genome assembly of the orange jewelweed, Impatiens capensis Meerb. (Balsaminaceae) using nanopore long-read sequencing.",0.4652,0.414,0.5152,0.5792,0.6411,0.6154,3,Assembling Plant Genomes with Long-Read Sequencing.
"How should I standardize fasting, cage-changing, and glucose tolerance test protocols in mouse diabetes research to improve reproducibility and animal welfare?",34596274,"Mice are used extensively in preclinical diabetes research to model various aspects of blood glucose homeostasis. Careful experimental design is vital for maximising welfare and improving reproducibility of data. Alongside decisions regarding physiological characteristics of the animal cohort (e.g., sex, strain and age), experimental protocols must also be carefully considered. This includes choosing relevant end points of interest and understanding what information they can provide and what their limitations are. Details of experimental protocols must, therefore, be carefully planned during the experimental design stage, especially considering the impact of researcher interventions on preclinical end points. Indeed, in line with the 3Rs of animal research, experiments should be refined where possible to maximise welfare. The role of welfare may be particularly pertinent in preclinical diabetes research as blood glucose concentrations are directly altered by physiological stress responses. Despite the potential impact of variations in experimental protocols, there is distinct lack of standardisation and consistency throughout the literature with regards to several experimental procedures including fasting, cage changing and glucose tolerance test protocol. This review firstly highlights practical considerations with regard to the choice of end points in preclinical diabetes research and the potential for novel technologies such as continuous glucose monitoring and glucose clamping techniques to improve data resolution. The potential influence of differing experimental protocols and in vivo procedures on both welfare and experimental outcomes is then discussed with focus on standardisation, consistency and full disclosure of methods.",The Glucose Tolerance Test in Mice,247022,0,https://www.protocols.io/view/the-glucose-tolerance-test-in-mice-hvgnb63vf,10,"The glucose tolerance test in mice: Sex, drugs and protocol.",0.9022,0.7277,0.638,1.0,0.976,0.5193,10,The Glucose Tolerance Test in Mice
Pooled CRISPR knockout of multiple tumor suppressors in mouse lung cancer models with barcode sequencing to quantify individual tumor growth effects.,28530655,"Cancer growth is a multistage, stochastic evolutionary process. While cancer genome sequencing has been instrumental in identifying the genomic alterations that occur in human tumors, the consequences of these alterations on tumor growth remain largely unexplored. Conventional genetically engineered mouse models enable the study of tumor growth in vivo, but they are neither readily scalable nor sufficiently quantitative to unravel the magnitude and mode of action of many tumor-suppressor genes. Here, we present a method that integrates tumor barcoding with ultradeep barcode sequencing (Tuba-seq) to interrogate tumor-suppressor function in mouse models of human cancer. Tuba-seq uncovers genotype-dependent distributions of tumor sizes. By combining Tuba-seq with multiplexed CRISPR–Cas9-mediated genome editing, we quantified the effects of 11 tumor-suppressor pathways that are frequently altered in human lung adenocarcinoma. Tuba-seq enables the broad quantification of the function of tumor-suppressor genes with unprecedented resolution, parallelization, and precision.",Genomic DNA Isolation from Tissue Samples and Library Prep for Tuba-Seq Barcode Analysis,"121893,121894",0,https://www.protocols.io/view/genomic-dna-isolation-from-tissue-samples-and-libr-d3ae8ibe,0,Protocol for CRISPR screening by AAV episome sequencing (CrAAVe-seq) for cell type-specific CRISPR screens in vivo,0.3295,0.2717,0.376,0.4109,0.6029,0.1304,5,Barcode Sequencing by Illumina NGS
Delivering siRNA specifically to osteoblasts using aptamer-functionalized lipid nanoparticles to silence Plekho1 and promote bone formation in osteoporotic rodents.,25665179,"Currently, major concerns about the safety and efficacy of RNA interference (RNAi)-based bone anabolic strategies still exist because of the lack of direct osteoblast-specific delivery systems for osteogenic siRNAs. Here we screened the aptamer CH6 by cell-SELEX, specifically targeting both rat and human osteoblasts, and then we developed CH6 aptamer–functionalized lipid nanoparticles (LNPs) encapsulating osteogenic pleckstrin homology domain-containing family O member 1 (Plekho1) siRNA (CH6-LNPs-siRNA). Our results showed that CH6 facilitated in vitro osteoblast-selective uptake of Plekho1 siRNA, mainly via macropinocytosis, and boosted in vivo osteoblast-specific Plekho1 gene silencing, which promoted bone formation, improved bone microarchitecture, increased bone mass and enhanced mechanical properties in both osteopenic and healthy rodents. These results indicate that osteoblast-specific aptamer-functionalized LNPs could act as a new RNAi-based bone anabolic strategy, advancing the targeted delivery selectivity of osteogenic siRNAs from the tissue level to the cellular level.",Preparation of aptamer-functionalized lipid nanoparticles (LNPs) encapsulating siRNAs,121611,1,https://www.protocols.io/view/preparation-of-aptamer-functionalized-lipid-nanopa-d2zj8f4n,3,Osteoblast-specific down-regulation of NLRP3 inflammasome by aptamer-functionalized liposome nanoparticles improves bone quality in postmenopausal osteoporosis rats.,0.4308,0.3441,0.529,1.0,1.0,0.65,3,Preparation of aptamer-functionalized lipid nanoparticles (LNPs) encapsulating siRNAs
"Analyze how retracted scientific papers continue to be cited by characterizing citing articles across disciplines, sentiment, and topics using metadata extraction and topic modeling.",35853087,"In this article, we present a methodology which takes as input a collection of retracted articles, gathers the entities citing them, characterizes such entities according to multiple dimensions (disciplines, year of publication, sentiment, etc.), and applies a quantitative and qualitative analysis on the collected values. The methodology is composed of four phases: (1) identifying, retrieving, and extracting basic metadata of the entities which have cited a retracted article, (2) extracting and labeling additional features based on the textual content of the citing entities, (3) building a descriptive statistical summary based on the collected data, and finally (4) running a topic modeling analysis. The goal of the methodology is to generate data and visualizations that help understanding possible behaviors related to retraction cases. We present the methodology in a structured step-by-step form following its four phases, discuss its limits and possible workarounds, and list the planned future improvements.",A methodology for gathering and annotating the raw-data/characteristics of the documents citing a retracted article,45556,0,https://www.protocols.io/view/a-methodology-for-gathering-and-annotating-the-raw-bqqumvww,0,Retracted papers originating from paper mills: a cross-sectional analysis of references and citations.,0.6972,0.6216,0.6885,0.6972,0.6216,0.6885,1,Retracted papers originating from paper mills: a cross-sectional analysis of references and citations.
Fast open-database search tool for identifying peptide modifications in mass spectrometry proteomics data using fragment-ion indexing to catch post-translational and chemical modifications typically missed.,28394336,"There is a need to better understand and handle the 'dark matter' of proteomics—the vast diversity of post-translational and chemical modifications that are unaccounted in a typical mass spectrometry–based analysis and thus remain unidentified. We present a fragment-ion indexing method, and its implementation in peptide identification tool MSFragger, that enables a more than 100-fold improvement in speed over most existing proteome database search tools. Using several large proteomic data sets, we demonstrate how MSFragger empowers the open database search concept for comprehensive identification of peptides and all their modified forms, uncovering dramatic differences in modification rates across experimental samples and conditions. We further illustrate its utility using protein–RNA cross-linked peptide data and using affinity purification experiments where we observe, on average, a 300% increase in the number of identified spectra for enriched proteins. We also discuss the benefits of open searching for improved false discovery rate estimation in proteomics.",Using MSFragger for ultrafast database searching,121866,1,https://www.protocols.io/view/using-msfragger-for-ultrafast-database-searching-d29i8h4e,3,Identification of modified peptides using localization-aware open search.,0.1887,0.6777,0.8397,1.0,0.9923,0.7725,3,Using MSFragger for ultrafast database searching
Chromosome-level reference genome assembly for Betta splendens to study genetic basis of aggression using Hi-C scaffolding and comparative genomics.,30010754,"Abstract Background Siamese fighting fish Betta splendens are notorious for their aggressiveness and accordingly have been widely used to study aggression. However, the lack of a reference genome has, to date, limited the understanding of the genetic basis of aggression in this species. Here, we present the first reference genome assembly of the Siamese fighting fish. Findings Frist, we sequenced and de novo assembled a 465.24-Mb genome for the B. splendens variety Giant, with a weighted average (N50) scaffold size of 949.03 Kb and an N50 contig size of 19.01 Kb, covering 99.93% of the estimated genome size. To obtain a chromosome-level genome assembly, we constructed one Hi-C library and sequenced 75.24 Gb reads using the BGISEQ-500 platform. We anchored approximately 93% of the scaffold sequences into 21 chromosomes and evaluated the quality of our assembly using the high-contact frequency heat map and Benchmarking Universal Single-Copy Orthologs. We also performed comparative chromosome analyses between Oryzias latipes and B. splendens, revealing a chromosome conservation evolution in B. splendens. We predicted  23,981 genes assisted by RNA-sequencing data generated from brain, liver, muscle, and heart tissues of Giant and annotated 15% repetitive sequences in the genome. Additionally, we resequenced five other B. splendens varieties and detected ∼3.4 M single-nucleotide variations and  27,305 insertions and deletions. Conclusions We provide the first chromosome-level genome for the Siamese fighting fish. The genome will lay a valuable foundation for future research on aggression in B. splendens.",DNA extraction for the Betta splendens genome,12801,1,https://www.protocols.io/view/dna-extraction-for-the-betta-splendens-genome-qvedw3e,6,"High-quality reference genome of the Siamese fighting fish Betta splendens, a model species for the study of aggression",0.5713,0.5122,0.9665,1.0,1.0,0.4952,7,DNA extraction for the Betta splendens genome
Pooling pig skeletal muscle satellite cells from multiple donors to create myoblast cell pools that represent average proliferative and differentiation behavior for long-term in vitro studies.,31873830,"Primary cell cultures derived from satellite cells of skeletal muscle provide an appropriate in vitro model for proliferating myoblasts and differentiating myotubes for muscle biological research. These cell cultures may consist of harvested cells per animal or of a cell pool made of cells from several animals. However, cell pooling reduces the biological variability of the different cell donors. On the other hand, the use of cell pools offers an opportunity to use less donor tissue and to perform long-term projects with a broad spectrum of analysis and replications. In the literature, information about the donors of cell pools, the procedure used for pooling, and the characterization/validation of cell pools is often lacking. In this study, we established three cell pools consisting of M. rhomboideus or M. longissimus from ten or six piglets, each with one gender and medium birth weight. Real-time impedimetric monitoring was used to evaluate the proliferative growth behavior of myoblasts for the cell pools in comparison to their corresponding unpooled cells over a period of 72 h, with a measurement being taken every 30 min. For each of the tested cell pools, cell index, slope, and doubling time did not differ between the cell pool and the unpooled cells of the donor animals. Differentiation capacity and mRNA expression of PAX7 , MYOD and MYOG remained unchanged between the cell pool and the unpooled cells. Current results support that the use of cell pools is an appropriate method to reflect the average proliferative growth behavior of unpooled cells.",Approaches to isolate porcine skeletal muscle stem and progenitor cells,121278,1,https://www.protocols.io/view/approaches-to-isolate-porcine-skeletal-muscle-stem-d2n68dhe,0,Passaging Mammalian Cells,0.359,0.3562,0.4975,0.4256,0.4411,0.5845,3,Mammalian Cell Culture: Subculturing
"How does E. coli RNase H1 bind and cleave R-loops of different RNA-DNA hybrid lengths, and does RNA polymerase protect these structures from degradation?",39596330,"R-loops can act as replication fork barriers, creating transcription–replication collisions and inducing replication stress by arresting DNA synthesis, thereby possibly causing aberrant processing and the formation of DNA strand breaks. RNase H1 (RH1) is one of the enzymes that participates in R-loop degradation by cleaving the RNA strand within a hybrid RNA–DNA duplex. In this study, the kinetic features of the interaction of RH1 from Escherichia coli with R-loops of various structures were investigated. It was found that the values of the dissociation constants Kd were minimal for complexes of RH1 with model R-loops containing a 10–11-nt RNA–DNA hybrid part, indicating effective binding. Analysis of the kinetics of RNA degradation in the R-loops by RH1 revealed that the rate-limiting step of the process was catalytic-complex formation. In the presence of RNA polymerase, the R-loops containing a ≤16-nt RNA–DNA hybrid part were efficiently protected from cleavage by RH1. In contrast, R-loops containing longer RNA–DNA hybrid parts, as a model of an abnormal transcription process, were not protected by RNA polymerase and were effectively digested by RH1.","RNase H1, the Gold Standard for R-Loop Detection",237311,1,https://www.protocols.io/view/rnase-h1-the-gold-standard-for-r-loop-detection-hjy7b4pzp,2,"RNase H1, the Gold Standard for R-Loop Detection",1.0,0.9892,0.745,1.0,0.9892,0.745,2,"RNase H1, the Gold Standard for R-Loop Detection"
Screen fungal isolates from a plant microorganism collection for antimycobacterial activity against M. abscessus using a bioluminescence-based medium-throughput assay to find new antibiotic compounds.,34552577,"There is a real and urgent need for new antibiotics able to kill Mycobacteria, acid-fast bacilli capable of causing multiple deadly diseases. These include members of the Mycobacterium tuberculosis complex, which causes the lung disease tuberculosis (TB) as well as non-tuberculous Mycobacteria (NTM) a growing cause of lung, skin, soft tissue, and other infections. Here we describe a medium-throughput bioluminescence-based pipeline to screen fungi for activity against Mycobacteria using the NTM species Mycobacterium abscessus and Mycobacterium marinum. We used this pipeline to screen 36 diverse fungal isolates from the International Collection of Microorganisms from Plants (ICMP) grown on a wide variety of nutrient-rich and nutrient-poor media and discovered that almost all the tested isolates produced considerable anti-mycobacterial activity. Our data also provides strong statistical evidence for the impact of growth media on antibacterial activity. Chemical extraction and fractionation of a subset of the ICMP isolates revealed that much of the activity we observed may be due to the production of the known anti-mycobacterial compound linoleic acid. However, we have identified several ICMP isolates that retained their anti-mycobacterial activity in non-linoleic acid containing fractions. These include isolates of Lophodermium culmigenum, Pseudaegerita viridis, and Trametes coccinea, as well as an unknown species of Boeremia and an isolate of an unknown genus and species in the family Phanerochaetaceae. Investigations are ongoing to identify the sources of their anti-mycobacterial activity and to determine whether any may be due to the production of novel bioactive compounds.",Bioluminescence-based 24 well plate assay for screening fungi for activity against Mycobacterium abscessus,"50594,50595,50675",0,https://www.protocols.io/view/bioluminescence-based-24-well-plate-assay-for-scre-bvqtn5wn,0,6-methylflavone exerts selective antimycobacterial activity with membrane energetics disruption and demonstrates therapeutic potential against Mycobacterium abscessus infection.,0.5003,0.561,0.5333,0.4881,0.6686,0.5967,4,Study of drug susceptibility of slowly growing nontuberculous mycobacteria (NTM).
Draft de novo genome assembly of Indian peafowl using hybrid Illumina and Oxford Nanopore sequencing to improve scaffold contiguity and repeat resolution.,31077316,"Abstract Background The Indian peafowl (Pavo cristanus) is native to South Asia and is the national bird of India. Here we present a draft genome sequence of the male blue peacock using Illumina and Oxford Nanopore technology (ONT). Results ONT sequencing gave ∼2.3-fold sequencing coverage, whereas Illumina generated 150–base pair paired-end sequence data at 284.6-fold coverage from 5 libraries. Subsequently, we generated a 0.915-gigabase pair de novo assembly of the peacock genome with a scaffold N50 of 0.23 megabase pairs (Mb). We predict that the peacock genome contains 23,153 protein-coding genes and 75.3 Mb (7.33%) of repetitive sequences. Conclusions We report a high-quality assembly of the peacock genome using a hybrid approach of sequences generated by both Illumina and ONT. The long-read chemistry generated by ONT was useful for addressing challenges related to de novo assembly, particularly at regions containing repetitive sequences spanning longer than the read length, and which could not be resolved with only short-read–based assembly. Contig assembly of Illumina short reads gave an N50 of 1,639 bases, whereas with ONT, the N50 increased by >9-fold to 14,749 bases. The initial contig assembly based on Illumina sequencing reads alone gave 685,241 contigs. Further scaffolding on assembled contigs using both Illumina and ONT sequencing reads resulted in a final assembly of 15,025 super-scaffolds, with an N50 of ∼0.23 Mb. Ninety-five percent of proteins predicted by homology matched with those in a public repository, verifying the completeness of our assembly. Like other phylogenetic studies of avian conserved genes, we found P. cristatus to be most closely related to Gallus gallus, followed by Meleagris gallopavo and Anas platyrhynchos. Compared with the recently published peacock genome assembly, the current, superior, hybrid assembly has greater sequencing depth, fewer non-ATGC sequences, and fewer scaffolds.",Hiseq 4000 Sequencing protocol,13216,1,https://www.protocols.io/view/hiseq-4000-sequencing-protocol-q58dy9w,0,Genome assembly (Nanopore and Illumina reads),0.3557,0.5053,0.4995,0.4367,0.5178,0.4283,8,Heat fragmented genomic DNA before Illumina library preparation for sequencing GC rich fraction of heterogeneous genome  
"Comparing qPCR, culture, and shotgun metagenomics to quantify Klebsiella pneumoniae abundance in turkey versus broiler poultry gut microbiome samples.",38388166,"Abstract Previously, Klebsiella pneumoniae was found to occur more frequently in healthy turkey flocks than in healthy broiler flocks in Norway. This study aimed to investigate whether this higher occurrence could be attributed to a greater abundance of K. pneumoniae in turkey flocks. We compared culturing, qPCR, and shotgun metagenomic sequencing for the detection and quantification of K. pneumoniae. Using qPCR, we found that 20.7% of broiler flock samples and 63.9% of turkey flock samples were positive for K. pneumoniae. Culturing revealed a significantly higher abundance of K. pneumoniae in turkey flocks compared to broiler flocks. However, metagenomic analysis showed no difference in the relative abundance of Klebsiella spp. between broiler and turkey flocks, and no correlation between the results of culturing and metagenomic quantification. Interestingly, the differential abundance of K. quasipneumoniae was significantly different between the two hosts. Our results indicate that Klebsiella spp. are present in both turkey and broiler flocks at relatively low levels but with a higher abundance in turkey flocks. Our findings also suggest that shotgun metagenomic studies targeting low‐abundance taxa such as Klebsiella have poor sensitivity when comparing groups, indicating that reliance on results from metagenomic analysis without experimental validation should be done with caution.",Detection of Klebsiella pneumoniae and closely related species by real-time PCR with the ZKIR system,28094,0,https://www.protocols.io/view/detection-of-klebsiella-pneumoniae-and-closely-rel-7n6hmhe,2,Identification of the different phylogroups from the Klebsiella pneumoniae species complex by real-time PCR,0.8141,0.7834,0.5902,1.0,1.0,0.5996,2,Detection of Klebsiella pneumoniae and closely related species by real-time PCR with the ZKIR system
Sequencing a complete genome from a single tiny marine worm specimen of a rare nemertodermatid xenacoelomorph using low-input long-read methods for comparative genomics.,37829276,"Background Xenacoelomorpha is a marine phylum of microscopic worms that is an important model system for understanding the evolution of key bilaterian novelties, such as the nervous or excretory systems. Nevertheless, Xenacoelomorpha genomics has been restricted to the few species that either can be cultured in the lab or are centimetres long. Thus far, no genomes are available for Nemertodermatida, one of the phylum’s main clades and whose origin has been dated more than 400 million years ago. Results We present the first nemertodermatid genome sequenced from a single specimen of Nemertoderma westbladi. Although genome contiguity remains challenging (N50: 48 kbps), it is very complete (BUSCO: 81.4%, Metazoa; 91.8%, Eukaryota) and the quality of the annotation allows fine-detail analyses of genome evolution. Acoelomorph genomes seem to be conserved in terms of the percentage of repeats, number of genes, number of exons per gene and intron size. In addition, a high fraction of genes present in both protostomes and deuterostomes are absent in Acoelomorpha. Interestingly, we show that all genes related to the excretory system are present in Xenacoelomorpha but Osr, a key element in the development of these organs and whose acquisition might explain the origin of the specialised excretory system. Conclusions Overall, these analyses highlight the potential of the Ultra-Low Input DNA protocol and HiFi to generate high-quality genomes from single animals, even for relatively large genomes, making it a feasible option for sequencing challenging taxa, which will be an exciting resource for comparative genomics analyses.",DNA extraction (Salting out),"18087,239646",0,https://www.protocols.io/view/dna-extraction-salting-out-vwfe7bn,0,Picogram input multimodal sequencing (PiMmS) ,0.132,0.3566,0.4098,0.55,0.5342,0.4474,8,HMW DNA extraction from frozen nematodes (bulk)
How do I optimize mammosphere assay seeding density to avoid cell aggregation when measuring breast cancer stem cell frequency in MCF-7 cells?,30268511,"Summary The mammosphere assay has become widely employed to quantify stem-like cells in a population. However, the problem is there is no standard protocol employed by the field. Cell seeding densities of 1,000 to 100,000 cells/mL have been reported. These high densities lead to cellular aggregation. To address this, we have individually tracked 1,127 single MCF-7 and 696 single T47D human breast tumor cells by eye over the course of 14 days. This tracking has given us detailed information for the commonly used endpoints of 5, 7, and 14 days that is unclouded by cellular aggregation. This includes mean sphere sizes, sphere-forming efficiencies, and a well-defined minimum size for both lines. Importantly, we have correlated early cell division with eventual sphere formation. At 24 hr post seeding, we can predict the total spheres on day 14 with 98% accuracy in both lines. This approach removes cell aggregation and potentially shortens a 5- to 14-day assay to a 24 hours.",Tumorsphere Passage for Breast Cancer Stem Cells,121476,1,https://www.protocols.io/view/tumorsphere-passage-for-breast-cancer-stem-cells-d2vc8e2w,2,Tumorsphere Passage for Breast Cancer Stem Cells,1.0,0.9933,0.6402,1.0,0.9933,0.6402,2,Tumorsphere Passage for Breast Cancer Stem Cells
Newly isolated lytic phage active against multidrug-resistant Pseudomonas aeruginosa strains characterized genomically and tested in Galleria mellonella infection model for phage therapy applications.,40872802,"Antibiotic-resistant Pseudomonas aeruginosa presents a critical global health challenge, particularly in hospital-acquired infections. Bacteriophages offer a promising therapeutic avenue due to their ability to target and lyse resistant strains. This study characterizes Pseudomonas phage Banzai, a newly isolated Pbunavirus (family Lindbergviridae) with lytic activity against multiple P. aeruginosa isolates, including multidrug-resistant strains. Genomic analysis revealed a 66,189 bp genome, lacking antibiotic resistance or virulence factors, and suggested a headful packaging mechanism and the presence of a bidirectional component in the replication. In vivo experiments using Galleria mellonella showed therapeutic potential, significantly improving larval survival (87% at 24 h). Host range analysis revealed activity against 13 of 30 P. aeruginosa isolates, including members of O1, O3, O5 and O6 in silico predicted serogroups. Phylogenomic analyses place phage Banzai within the genus Pbunavirus, sharing 94.8% intergenomic similarity with its closest relatives, supporting its classification as a novel species. These findings highlight phage Banzai as a potential candidate for phage therapy, demonstrating genomic stability, a strictly lytic lifestyle, and in vivo efficacy.",Isolation and life cycle characterization of lytic viruses infecting heterotrophic bacteria and cyanobacteria,1744,1,https://www.protocols.io/view/Isolation-and-life-cycle-characterization-of-lytic-dxq7mv,0,Characterisation of a new virulent phage isolated from Hainan Island with potential against multidrug-resistant Pseudomonas aeruginosa infections.,0.3679,0.4776,0.6683,0.3088,0.6489,0.6162,9,Protocol collection: Phage DNA isolation and chemical analysis
How to extract high molecular weight DNA from filamentous fungi for long-read third-generation sequencing to get complete genome assemblies?,35438621,"During the last two decades, whole-genome sequencing has revolutionized genetic research in all kingdoms, including fungi. More than 1000 fungal genomes have been submitted to sequence databases, mostly obtained through second generation short-read DNA sequencing. As a result, highly fragmented genome drafts have typically been obtained. However, with the emergence of third generation long-read DNA sequencing, the assembly challenge can be overcome and highly contiguous assemblies obtained. Such attractive results, however, are extremely dependent on the ability to extract highly purified high molecular weight (HMW) DNA. Extraction of such DNA is currently a significant challenge for all species with cell walls, not least fungi. In this study, four isolates of filamentous ascomycetes (Apiospora pterospermum, Aspergillus sp. (subgen. Cremei), Aspergillus westerdijkiae, and Penicillium aurantiogriseum) were used to develop extraction and purification methods that result in HMW DNA suitable for third generation sequencing. We have tested and propose two straightforward extraction methods based on treatment with either a commercial kit or traditional phenol-chloroform extraction both in combination with a single commercial purification method that result in high quality HMW DNA from filamentous ascomycetes. Our results demonstrated that using these DNA extraction methods and coverage, above 75 x of our haploid filamentous ascomycete fungal genomes result in complete and contiguous assemblies.",Large Volume Fungal Genomic DNA Extraction Protocol for PacBio,"12875,38624,54341",4,https://www.protocols.io/view/large-volume-fungal-genomic-dna-extraction-protoco-qtjdwkn,1,Large Volume Fungal Genomic DNA Extraction Protocol for PacBio,1.0,0.995,0.6677,1.0,0.995,0.6677,1,Large Volume Fungal Genomic DNA Extraction Protocol for PacBio
"How are primordial germ cells specified in pig embryos compared to humans, focusing on SOX17, BLIMP1, WNT, and BMP signaling during gastrulation?",28607482,"Human primordial germ cells (hPGCs), the precursors of sperm and eggs, originate during weeks 2–3 of early post-implantation development. Using in vitro models of hPGC induction, recent studies have suggested that there are marked mechanistic differences in the specification of human and mouse PGCs. This may be due in part to the divergence in their pluripotency networks and early post-implantation development. As early human embryos are not accessible for direct study, we considered alternatives including porcine embryos that, as in humans, develop as bilaminar embryonic discs. Here we show that porcine PGCs originate from the posterior pre-primitive-streak competent epiblast by sequential upregulation of SOX17 and BLIMP1 in response to WNT and BMP signalling. We use this model together with human and monkey in vitro models simulating peri-gastrulation development to show the conserved principles of epiblast development for competency for primordial germ cell fate. This process is followed by initiation of the epigenetic program and regulated by a balanced SOX17–BLIMP1 gene dosage. Our combinatorial approach using human, porcine and monkey in vivo and in vitro models provides synthetic insights into early human development.",Simulating gastrulation development and germ cell fate in vitro using human and monkey pluripotent stem cells,121900,1,https://www.protocols.io/view/simulating-gastrulation-development-and-germ-cell-d3ak8icw,4,The balance between NANOG and SOX17 mediated by TET proteins regulates specification of human primordial germ cell fate.,0.3746,0.5287,0.6447,1.0,1.0,0.7548,4,Simulating gastrulation development and germ cell fate in vitro using human and monkey pluripotent stem cells
Comparing cost-effectiveness of oyster reef and wetland restoration versus seawalls for reducing coastal flood risk along the US Gulf Coast under climate change scenarios.,29641611,"Coastal risks are increasing from both development and climate change. Interest is growing in the protective role that coastal nature-based measures (or green infrastructure), such as reefs and wetlands, can play in adapting to these risks. However, a lack of quantitative information on their relative costs and benefits is one principal factor limiting their use more broadly. Here, we apply a quantitative risk assessment framework to assess coastal flood risk (from climate change and economic exposure growth) across the United States Gulf of Mexico coast to compare the cost effectiveness of different adaptation measures. These include nature-based (e.g. oyster reef restoration), structural or grey (e.g., seawalls) and policy measures (e.g. home elevation). We first find that coastal development will be a critical driver of risk, particularly for major disasters, but climate change will cause more recurrent losses through changes in storms and relative sea level rise. By 2030, flooding will cost $134–176.6 billion (for different economic growth scenarios), but as the effects of climate change, land subsidence and concentration of assets in the coastal zone increase, annualized risk will more than double by 2050 with respect to 2030. However, from the portfolio we studied, the set of cost-effective adaptation measures (with benefit to cost ratios above 1) could prevent up to $57–101 billion in losses, which represents 42.8–57.2% of the total risk. Nature-based adaptation options could avert more than $50 billion of these costs, and do so cost effectively with average benefit to cost ratios above 3.5. Wetland and oyster reef restoration are found to be particularly cost-effective. This study demonstrates that the cost effectiveness of nature-based, grey and policy measures can be compared quantitatively with one another, and that the cost effectiveness of adaptation becomes more attractive as climate change and coastal development intensifies in the future. It also shows that investments in nature-based adaptation could meet multiple objectives for environmental restoration, adaptation and flood risk reduction.",Assessing Coastal Risk and the Economics of Climate Adaptation,9528,1,https://www.protocols.io/view/assessing-coastal-risk-and-the-economics-of-climat-miyc4fw,3,On the cost-effectiveness of Nature-based Solutions for reducing disaster risk.,0.4617,0.5164,0.64,1.0,0.9919,0.6252,3,Assessing Coastal Risk and the Economics of Climate Adaptation
Genome-scale metabolic model with protein structures for Staphylococcus aureus USA300 to predict gene essentiality and metabolic responses under different growth conditions.,30625152,"S. aureus is classified as a serious threat pathogen and is a priority that guides the discovery and development of new antibiotics. Despite growing knowledge of S. aureus metabolic capabilities, our understanding of its systems-level responses to different media types remains incomplete. Here, we develop a manually reconstructed genome-scale model (GEM-PRO) of metabolism with 3D protein structures for S. aureus USA300 str. JE2 containing 854 genes, 1,440 reactions, 1,327 metabolites and 673 3-dimensional protein structures. Computations were in 85% agreement with gene essentiality data from random barcode transposon site sequencing (RB-TnSeq) and 68% agreement with experimental physiological data. Comparisons of computational predictions with experimental observations highlight: 1) cases of non-essential biomass precursors; 2) metabolic genes subject to transcriptional regulation involved in Staphyloxanthin biosynthesis; 3) the essentiality of purine and amino acid biosynthesis in synthetic physiological media; and 4) a switch to aerobic fermentation upon exposure to extracellular glucose elucidated as a result of integrating time-course of quantitative exo-metabolomics data. An up-to-date GEM-PRO thus serves as a knowledge-based platform to elucidate S. aureus’ metabolic response to its environment.",Reciprocal Best Hit BLAST,13137,2,https://www.protocols.io/view/reciprocal-best-hit-blast-q3rdym6,0,GEMsembler: consensus model assembly and structural comparison of genome-scale metabolic models across tools improve functional performance.,0.1552,0.2925,0.6481,0.1395,0.4902,0.4185,6,Querying for Bacterial Pathogen Genomic Data at NCBI
Convert arbitrary fluorescence units from microplate reader measurements into absolute protein concentrations per bacterial cell using fluorescent protein calibrants without requiring protein purification.,36329019,"This paper presents a generalisable method for the calibration of fluorescence readings on microplate readers, in order to convert arbitrary fluorescence units into absolute units. FPCountR relies on the generation of bespoke fluorescent protein (FP) calibrants, assays to determine protein concentration and activity, and a corresponding analytical workflow. We systematically characterise the assay protocols for accuracy, sensitivity and simplicity, and describe an ‘ECmax’ assay that outperforms the others and even enables accurate calibration without requiring the purification of FPs. To obtain cellular protein concentrations, we consider methods for the conversion of optical density to either cell counts or alternatively to cell volumes, as well as examining how cells can interfere with protein counting via fluorescence quenching, which we quantify and correct for the first time. Calibration across different instruments, disparate filter sets and mismatched gains is demonstrated to yield equivalent results. It also reveals that mCherry absorption at 600 nm does not confound cell density measurements unless expressed to over 100,000 proteins per cell. FPCountR is presented as pair of open access tools (protocol and R package) to enable the community to use this method, and ultimately to facilitate the quantitative characterisation of synthetic microbial circuits. A challenge in synthetic biology is the empirical characterisation of genetic parts. Here the authors present FPCountR, a validated method and accompanying R package that enables the precise quantification of fluorescent protein reporters per bacterial cell to be enumerated in ‘proteins per cell’ or nanomolar units without requiring protein purification.",FPCount protocol - in-lysate (purification free) protocol,54885,1,https://www.protocols.io/view/fpcount-protocol-in-lysate-purification-free-proto-bzudp6s6,0,Microplate reader operating procedure,0.1853,0.5848,0.631,0.681,0.886,0.7717,5,FPCount protocol - Full protocol
Intratracheal LPS mouse model of acute lung injury histopathology in aged C57BL/6J mice to study ARDS pathogenesis in elderly.,42007381,"Acute lung injury (ALI) and acute respiratory distress syndrome (ARDS) are clinically important inflammatory lung conditions that contribute to substantial morbidity and mortality in humans, notably in the elderly population. Direct lung infection is a common cause of ALI and can be modeled by experimental administration of lipopolysaccharide (LPS) bacterial endotoxin. Acute pulmonary pathology observations are presented using an intratracheal LPS-induced ALI experimental model in aged C57BL/6J mice. Collectively the histopathologic findings in LPS treated mice demonstrate several key characteristic features of ALI, supporting the translational relevance of this model for investigating the pathogenesis of lung injury in older adults.",Mouse Models of Acute Lung Injury and ARDS,239679,1,https://www.protocols.io/view/mouse-models-of-acute-lung-injury-and-ards-hna7b5ahp,3,"LPS-induce acute lung injury (LPS nebulization, mice)",0.6936,0.6301,0.6342,1.0,0.9625,0.6924,3,Mouse Models of Acute Lung Injury and ARDS
How does climate variability influence reproductive isolation and hybridization dynamics between Mimulus guttatus and Mimulus nasutus in natural admixed populations using whole-genome sequencing?,40163522,"Hybridization among taxa impacts a variety of evolutionary processes from adaptation to extinction. We seek to understand both patterns of hybridization across taxa and the evolutionary and ecological forces driving those patterns. To this end, we use whole-genome low-coverage sequencing of 458 wild-grown and 1565 offspring individuals to characterize the structure, stability, and mating dynamics of admixed populations of Mimulus guttatus and Mimulus nasutus across a decade of sampling. In three streams, admixed genomes are common and a M. nasutus organellar haplotype is fixed in M. guttatus, but new hybridization events are rare. Admixture is strongly unidirectional, but each stream has a unique distribution of ancestry proportions. In one stream, three distinct cohorts of admixed ancestry are spatially structured at ~20-50m resolution and stable across years. Mating system provides almost complete isolation of M. nasutus from both M. guttatus and admixed cohorts, and is a partial barrier between admixed and M. guttatus cohorts. Isolation due to phenology is near-complete between M. guttatus and M. nasutus. Phenological isolation is a strong barrier in some years between admixed and M. guttatus cohorts, but a much weaker barrier in other years, providing a potential bridge for gene flow. These fluctuations are associated with differences in water availability across years, supporting a role for climate in mediating the strength of reproductive isolation. Together, mating system and phenology accurately predict fluctuations in assortative mating across years, which we estimate directly using paired maternal and offspring genotypes. Climate-driven fluctuations in reproductive isolation may promote the longer-term stability of a complex mosaic of hybrid ancestry, preventing either complete isolation or complete collapse of species barriers.",96-well CTAB-chloroform DNA extraction,37534,4,https://www.protocols.io/view/96-well-ctab-chloroform-dna-extraction-bgv6jw9e,3,Whole Genome Sequencing Protocol using Illumina NextSeq 1000 Platform,0.1785,0.3315,0.3115,1.0,0.9871,0.4152,3,96-well CTAB-chloroform DNA extraction
Identify extrachromosomal circular DNA including oncogene amplifications from nanopore long-read sequencing data using a graph-based bioinformatics pipeline in human cancer cells.,35711922,"Occurrence of extra-chromosomal circular DNA is a phenomenon frequently observed in tumor cells, and the presence of such DNA has been recognized as a marker of adverse outcome across cancer types. We here describe a computational workflow for identification of DNA circles from long-read sequencing data. The workflow is implemented based on the Snakemake workflow management system. Its key step uses a graph-theoretic approach to identify putative circular fragments validated on simulated reads. We then demonstrate robustness of our approach using nanopore sequencing of selectively enriched circular DNA by highly sensitive and specific recovery of plasmids and the mitochondrial genome, which is the only circular DNA in normal human cells. Finally, we show that the workflow facilitates detection of larger circular DNA fragments containing extrachromosomal copies of the MYCN oncogene and the respective breakpoints, which is a potentially useful application in disease monitoring of several cancer types.",Purification and Sequencing of Large Circular DNA from Human Cells,122089,0,https://www.protocols.io/view/purification-and-sequencing-of-large-circular-dna-d3gh8jt6,0,"scCircle-seq unveils the diversity and complexity of circular DNAs in single cells
",0.7028,0.616,0.6058,0.7028,0.616,0.6058,1,"scCircle-seq unveils the diversity and complexity of circular DNAs in single cells
"
Show me an R tool for visualizing and comparing quality control metrics across multiple Oxford Nanopore MinION flowcell sequencing runs.,30052755,"Summary MinIONQC provides rapid diagnostic plots and quality control data from one or more flowcells of sequencing data from Oxford Nanopore Technologies’ MinION instrument. It can be used to assist with the optimisation of extraction, library preparation, and sequencing protocols, to quickly and directly compare the data from many flowcells, and to provide publication‐ready figures summarising sequencing data. Availability and implementation MinIONQC is implemented in R and released under an MIT license. It is available for all platforms from https://github.com/roblanf/minion_qc.",DNA size selection (>1kb) and clean up using an optimized SPRI beads mixture,6285,0,https://www.protocols.io/view/dna-size-selection-1kb-and-clean-up-using-an-optim-idmca46,0,Quality control and preliminary data analysis of Sequencing Data: GalaxyTrakr ONT workflow,0.2755,0.3202,0.6251,0.0765,0.4156,0.6317,9,Quality Control
Find the DNA binding motif of a CRP-family transcription factor in Thermus thermophilus using in vitro selection to identify regulated genes in this extremophile.,33114549,"Transcription factors (TFs) have been extensively researched in certain well-studied organisms, but far less so in others. Following the whole-genome sequencing of a new organism, TFs are typically identified through their homology with related proteins in other organisms. However, recent findings demonstrate that structurally similar TFs from distantly related bacteria are not usually evolutionary orthologs. Here we explore TTHB099, a cAMP receptor protein (CRP)-family TF from the extremophile Thermus thermophilus HB8. Using the in vitro iterative selection method Restriction Endonuclease Protection, Selection and Amplification (REPSA), we identified the preferred DNA-binding motif for TTHB099, 5′–TGT(A/g)NBSYRSVN(T/c)ACA–3′, and mapped potential binding sites and regulated genes within the T. thermophilus HB8 genome. Comparisons with expression profile data in TTHB099-deficient and wild type strains suggested that, unlike E. coli CRP (CRPEc), TTHB099 does not have a simple regulatory mechanism. However, we hypothesize that TTHB099 can be a dual-regulator similar to CRPEc.",Design and PCR Synthesis of Infrared Fluorophore-Labeled Modular DNA Probes,"18635,39818",2,https://www.protocols.io/view/design-and-pcr-synthesis-of-infrared-fluorophore-l-wfjfbkn,8,Discovering the DNA-Binding Consensus of the Thermus thermophilus HB8 Transcriptional Regulator TTHA1359.,0.2567,0.174,0.7272,0.4172,0.4315,0.3157,8,Restriction Endonuclease Protection Assays using Infrared-Fluorescent Probes
How does wearing soft-soled shoes affect gait kinematics and spatiotemporal parameters in newly walking toddlers compared to barefoot walking?,33970926,"The development of walking in young toddlers is an important motor milestone. Walking patterns can differ widely amongst toddlers, and are characterised by unique biomechanical strategies. This makes comparisons between newly walking toddler’s and older children’s walking difficult. Little is currently understood regarding the effects of footwear on the gait in newly walking toddlers. A quasi-experimental pre-post study design was used to assess whether spatiotemporal parameters of gait, and in-shoe foot and lower limb kinematics, differed when walking barefoot and in soft-soled footwear in newly walking toddlers. There were 18 toddlers recruited, with 14 undergoing testing. The GAITRite system collected spatial and temporal data. The Vicon camera system collected kinematic data. The testing conditions included barefoot and footwear. Footwear tested was a commercially available soft soled shoe (Bobux XPLORER). Data was extracted directly from the GAITRite system and analysed. Walking in footwear did not change spatial or temporal data, however there were small but significant decreases in hip adduction/abduction range of motion (mean difference (MD) = 1.79°, 95% CI = -3.51 to -0.07, p = 0.04), knee flexion (MD = -7.63°, 95% CI = 2.70 to 12.55, p = 0.01), and knee flexion/extension range of movement (MD = 6.25°, 95% CI = -10.49 to -2.01, p = 0.01), and an increase in subtalar joint eversion (MD = 2.85°, 95% CI = 5.29 to -0.41, p = 0.03). Effect sizes were small for hip and ankle range, peak knee extension, and subtalar joint ranges (d<0.49), medium for knee flexion/extension range (d = 0.75) and large for peak knee flexion (d = 0.87). The magnitude of kinematic changes with soft-soled footwear were small thus the clinical importance of these findings is uncertain. Future longitudinal studies are needed to develop recommendations regarding footwear for newly walking toddlers.","Understanding the impact of sole soled footwear on toddler spatial, temporal and kinetic gait parameters.",45989,3,https://www.protocols.io/view/understanding-the-impact-of-sole-soled-footwear-on-bq6dmza6,1,"Understanding the impact of sole soled footwear on toddler spatial, temporal and kinetic gait parameters.",1.0,1.0,0.8124,1.0,1.0,0.8124,1,"Understanding the impact of sole soled footwear on toddler spatial, temporal and kinetic gait parameters."
"Measuring strontium, oxygen, and carbon isotope variation within single human third molar enamel samples to assess how caries affect isotopic integrity for forensic and archaeological mobility studies.",32333689,"Abstract Objectives Isotopic analyses using human dental enamel provide information on the mobility and diet of individuals in forensic and archeological studies. Thus far, no study has systematically examined intraindividual coupled strontium (Sr), oxygen (O), and carbon (C) isotope variation in human enamel or the effect that caries have on the isotopic integrity of the enamel. The inadequate quantification of isotopic variation affects interpretations and may constrain sample selection of elements affected by caries. This study aims to quantify the intraindividual isotopic variation and provides recommendations for enamel sampling methods. Material and Methods This study presents the first systematic results on intraindividual variation in Sr–O–C isotope composition and Sr concentration in modern human dental enamel of third molars (affected and unaffected by caries). A multiloci sampling approach (n = 6–20) was used to analyze surface and inner enamel, employing thermal ionization mass spectrometry (TIMS) and isotope ratio mass spectrometry (IRMS). Third molars were analyzed from 47 individuals from the Netherlands, Iceland, the United States, the Caribbean, Colombia, Somalia, and South Africa. Results Intradental isotopic variation in modern Dutch dental elements was recorded for Sr, O, and C and exceeded the variation introduced by the analytical error. Single loci and bulk sampling approaches of third molars established that a single analysis is only representative of the bulk Sr isotope composition in 60% of the elements analyzed. Dental elements affected by caries showed twice the variation seen in unaffected dental elements. Caries did not consistently incorporate the isotopic composition of the geographical environment in which they developed. Discussion The isotopic variability recorded in unaffected inner enamel indicates that variations greater than 0.000200 for 87Sr/86Sr and larger than 2‰ for δ18O and δ13C are required to demonstrate changes in modern Dutch human diet or geographic location.",Chromatographic separation of strontium isotopes in human dental enamel for Thermal Ionisation Mass Spectrometry (TIMS) analysis,24517,0,https://www.protocols.io/view/chromatographic-separation-of-strontium-isotopes-i-37dgri6,1,Chromatographic separation of strontium isotopes in human dental enamel for Thermal Ionisation Mass Spectrometry (TIMS) analysis,1.0,1.0,0.8147,1.0,1.0,0.8147,1,Chromatographic separation of strontium isotopes in human dental enamel for Thermal Ionisation Mass Spectrometry (TIMS) analysis
Nuclear staining and flow cytometry cell cycle analysis protocol for Malassezia yeast with thick lipid-rich cell walls using DAPI or propidium iodide.,39251619,"Malassezia is a lipophilic commensal yeast that resides mainly on the mammalian skin and is also found to associate with the internal organs. Dysbiosis of Malassezia is related to several diseases and often escapes detection as it is difficult to culture and maintain. Malassezia cell wall differs from other budding yeasts like S. cerevisiae due to the difference in the lipid content and is difficult to transform. In this study, we present a methodology to stain Malassezia's nucleus and perform cell cycle studies. However, staining presents a challenge due to its exceptionally thick cell wall with high lipid content, hindering conventional methods. Our novel methodology addresses this challenge and enables the staining of the Malassezia nucleus with a low background. This would allow researchers to visualize the overall nuclear health specifically nuclear morphology and analyze DNA content, crucial for cell cycle progression. By employing DNA-specific dyes like DAPI or Hoechst, we can observe the nuclear structure, and using PI we can differentiate cells in distinct cell cycle phases using techniques like flow cytometry. This novel staining methodology unlocks the door for in-depth cell cycle analysis in Malassezia which has challenged us through ages being refractory to genetic manipulations, paving the way for a deeper understanding of this commensal fungus and its potential role in human health.",Yeast DAPI Staining,2344,1,https://www.protocols.io/view/Yeast-DAPI-Staining-eigbcbw,3,"Detecting Cell Cycle Stage and Progression in Fission Yeast, Schizosaccharomyces pombe",0.4731,0.4718,0.3493,1.0,1.0,0.47,3,Yeast DAPI Staining
Mapping protein-RNA contact sites at single amino acid and nucleotide resolution using crosslinking with isotope-labeled RNA and tandem mass spectrometry in ribonucleoprotein complexes.,28346450,"Ribonucleoproteins (RNPs) are key regulators of cellular function. We established an efficient approach, crosslinking of segmentally isotope-labeled RNA and tandem mass spectrometry (CLIR-MS/MS), to localize protein–RNA interactions simultaneously at amino acid and nucleotide resolution. The approach was tested on polypyrimidine tract binding protein 1 and U1 small nuclear RNP. Our method provides distance restraints to support integrative atomic-scale structural modeling and to gain mechanistic insights into RNP-regulated processes.",Mapping protein-RNA interactions with single residue resolution by CLIR-MS/MS,121864,0,https://www.protocols.io/view/mapping-protein-rna-interactions-with-single-resid-d29g8h3w,0,RNxQuest: An Extension to the xQuest Pipeline Enabling Analysis of Protein-RNA Cross-Linking/Mass Spectrometry Data.,0.5505,0.5883,0.6678,0.5647,0.6237,0.734,3,Analyzing RNA-protein crosslinking sites in unlabeled ribonucleoprotein complexes by mass spectrometry.
R package for calibrating and converting raw fluorescence units from flow cytometry and plate reader data into absolute units for GFP expression in engineered E. coli.,32854500,"The measurement of gene expression using fluorescence markers has been a cornerstone of synthetic biology for the last two decades. However, the use of arbitrary units has limited the usefulness of this data for many quantitative purposes. Calibration of fluorescence measurements from flow cytometry and plate reader spectrophotometry has been implemented previously but the tools are disjointed. Here we pull together, and in some cases improve, extant methods into a single software tool, written as a package in the R statistical framework. The workflow is validated using Escherichia coli engineered to express GFP from a set of commonly used constitutive promoters. We then demonstrate its power by identifying the time evolution of distinct subpopulations of bacteria from bulk plate reader data, a task previously reliant on laborious flow cytometry experiments. Along with standardized parts and experimental methods, the development and dissemination of usable tools for quantitative measurement and data analysis will benefit the synthetic biology community by improving interoperability. Graphical Abstract",Calibration Protocol - Plate Reader Fluorescence Calibration,"21741,27409",1,https://www.protocols.io/view/calibration-protocol-plate-reader-fluorescence-cal-6zrhf56,0,PLATERO: A calibration protocol for plate reader green fluorescence measurements.,0.839,0.7873,0.6097,0.693,0.9017,0.5804,5,Calibration Protocol - Fluorescence Standard Curve with Fluorescein
Computational modeling tool to simulate electrical stimulation and recording from rat visceral nerves accounting for anatomical variability in fascicle size and axon diameter.,34740201,"Objective. Neuromodulation of visceral nerves is being intensively studied for treating a wide range of conditions, but effective translation requires increasing the efficacy and predictability of neural interface performance. Here we use computational models of rat visceral nerve to predict how neuroanatomical variability could affect both electrical stimulation and recording with an experimental planar neural interface. Approach. We developed a hybrid computational pipeline, Visceral Nerve Ensemble Recording and Stimulation (ViNERS), to couple finite-element modelling of extracellular electrical fields with biophysical simulations of individual axons. Anatomical properties of fascicles and axons in rat pelvic and vagus nerves were measured or obtained from public datasets. To validate ViNERS, we simulated pelvic nerve stimulation and recording with an experimental four-electrode planar array. Main results. Axon diameters measured from pelvic nerve were used to model a population of myelinated and unmyelinated axons and simulate recordings of electrically evoked single-unit field potentials (SUFPs). Across visceral nerve fascicles of increasing size, our simulations predicted an increase in stimulation threshold and a decrease in SUFP amplitude. Simulated threshold changes were dominated by changes in perineurium thickness, which correlates with fascicle diameter. We also demonstrated that ViNERS could simulate recordings of electrically-evoked compound action potentials (ECAPs) that were qualitatively similar to pelvic nerve recording made with the array used for simulation. Significance. We introduce ViNERS as a new open-source computational tool for modelling large-scale stimulation and recording from visceral nerves. ViNERS predicts how neuroanatomical variation in rat pelvic nerve affects stimulation and recording with an experimental planar electrode array. We show ViNERS can simulate ECAPS that capture features of our recordings, but our results suggest the underlying NEURON models need to be further refined and specifically adapted to accurately simulate visceral nerve axons.",Nerve tissue processing for transmission electron microscopy (TEM),"19271,19927,36536",1,https://www.protocols.io/view/nerve-tissue-processing-for-transmission-electron-xpxfmpn,0,Carbon nanotube (CNT) yarn fabrication for chronic interfacing with the autonomic nervous system,0.3364,0.3384,0.4285,0.4081,0.4788,0.4795,4,"Pelvic nerve implantation, testing and processing in awake rats"
Sequencing packaged AAV genome to check for mutations or truncations using a simple low-input NGS method suitable for academic labs without GMP resources.,31855083,"Adeno-associated viral (AAV) vectors have shown great promise in gene delivery as evidenced by recent FDA approvals. Despite efforts to optimize manufacturing for good manufacturing practice (GMP) productions, few academic laboratories have the resources to assess vector composition. One critical component of vector quality is packaged genome fidelity. Errors in viral genome replication and packaging can result in the incorporation of faulty genomes with mutations, truncations, or rearrangements, compromising vector potency. Thus, sequence validation of packaged genome composition is an important quality control (QC), even in academic settings. We developed Fast-Seq, an end-to-end method for extraction, purification, sequencing, and data analysis of packaged single-stranded AAV (ssAAV) genomes intended for non-GMP preclinical environments. We validated Fast-Seq on ssAAV vectors with three different genome compositions (CAG-GFP, CAG-tdTomato, EF1α-FLuc), three different genome sizes (2.9, 3.6, 4.4 kb), packaged in four different capsid serotypes (AAV1, AAV2, AAV5, and AAV8), and produced using the two most common production methods (Baculovirus-Sf9 and human HEK293), from both common commercial vendors and academic core facilities supplying academic laboratories. We achieved an average genome coverage of >1,400 × and an average inverted terminal repeat coverage of >280 × , despite the many differences in composition of each ssAAV sample. When compared with other ssAAV next-generation sequencing (NGS) methods for GMP settings, Fast-Seq has several unique advantages: Tn5 transposase-based fragmentation rather than sonication, 125 × less input DNA, simpler adapter ligation, compatibility with commonly available inexpensive sequencing instruments, and free open-source data analysis code in a preassembled customizable Docker container designed for novices. Fast-Seq can be completed in 18 h, is more cost-effective than other NGS methods, and is more accurate than Sanger sequencing, which is generally only applied at 1–2 × sequencing depth. Fast-Seq is a rapid, simple, and inexpensive methodology to validate packaged ssAAV genomes in academic settings.","Fast-Seq, a universal method for rapid and inexpensive genomic validation of rAAV vectors in preclinical settings",16985,0,https://www.protocols.io/view/fast-seq-a-universal-method-for-rapid-and-inexpens-utzewp6,0,Targeted gene sequencing using LR-PCR-NGS approach,0.4699,0.547,0.3596,0.4208,0.5912,0.4938,10,PCR-NGS for RNA viruses
How does beta-cell SENP1 knockout affect incretin-stimulated insulin secretion and glucose tolerance in high-fat diet mice?,34462260,"SUMOylation reduces oxidative stress and preserves islet mass at the expense of robust insulin secretion. To investigate a role for the deSUMOylating enzyme sentrin-specific protease 1 (SENP1) following metabolic stress, we put pancreas/gut-specific SENP1 knockout (pSENP1-KO) mice on a high-fat diet (HFD). Male pSENP1-KO mice were more glucose intolerant following HFD than littermate controls but only in response to oral glucose. A similar phenotype was observed in females. Plasma glucose-dependent insulinotropic polypeptide (GIP) and glucagon-like peptide 1 (GLP-1) responses were identical in pSENP1-KO and wild-type littermates, including the HFD-induced upregulation of GIP responses. Islet mass was not different, but insulin secretion and β-cell exocytotic responses to the GLP-1 receptor agonist exendin-4 (Ex4) and GIP were impaired in islets lacking SENP1. Glucagon secretion from pSENP1-KO islets was also reduced, so we generated β-cell–specific SENP1 KO mice. These phenocopied the pSENP1-KO mice with selective impairment in oral glucose tolerance following HFD, preserved islet mass expansion, and impaired β-cell exocytosis and insulin secretion to Ex4 and GIP without changes in cAMP or Ca2+ levels. Thus, β-cell SENP1 limits oral glucose intolerance following HFD by ensuring robust insulin secretion at a point downstream of incretin signaling.",Complexing Sodium Oleate for use in insulin secretion,"14815,19145",1,https://www.protocols.io/view/complexing-sodium-oleate-for-use-in-insulin-secret-buamnsc6,7,Oral Glucose Tolerance Test in Mouse,0.212,0.2096,0.4161,0.5432,0.4994,0.4175,5,UC Davis - IN-VIVO Glucose-stimulates Insulin Secretion Test
"Integrate transcription factor activity, metabolite levels, and metabolic fluxes from scRNA-seq data into a joint latent factor model to better characterize functional cell states in cancer.",42524695,"Abstract Motivation Single-cell RNA sequencing enables high-resolution characterization of transcriptional heterogeneity, but provides only a partial view of the regulatory and metabolic processes associated with cellular states. Several computational methods infer transcription factor (TF) activity and metabolic features directly from RNA, yielding complementary functional representations of cellular organisation. Results Here, we use a latent factor organisational strategy to jointly model four transcriptome-derived functional projections, namely gene expression, TF regulon activity, metabolite-level features and predicted metabolic fluxes. Although all layers originate from the same measurement, each captures distinct regulatory or metabolic programs. The resulting latent space organizes these inferred programs into coordinated axes of variation guided by complementary regulatory and metabolic constraints, facilitating functional interpretation beyond gene expression alone. When applied to a breast cancer cell line dataset, the proposed framework identifies distinct functional programs, including proliferative, oxidative-metabolic and stress-associated axes, that are only partially resolved in RNA-only analyses of this dataset. Overall, our results suggest that regulatory and metabolic programs inferred from scRNA-seq can be structured into an interpretable latent representation, supporting a more coherent functional characterization of cellular states from transcriptome-derived functional projections.",Inference of Gene Regulatory Network from Single-Cell Transcriptomic Data Using pySCENIC,252068,1,https://www.protocols.io/view/inference-of-gene-regulatory-network-from-single-c-h2ecb8bax,0,scNT-seq2: single-cell metabolically labelled new RNA tagging sequencing for time-resolved analysis of gene expression in single cells,0.5015,0.5903,0.6804,0.4802,0.675,0.5887,7,Accelerating Single-Cell Sequencing Data Analysis with SciDAP: A User-Friendly Approach
"Find differentially expressed genes and pathogenic variants shared across vitamin K deficiency-related conditions like myocardial infarction, renal failure, and prostate cancer using systems genetics and lncRNA analysis.",36360315,"Systems genetics is key for integrating a large number of variants associated with diseases. Vitamin K (VK) is one of the scarcely studied disease conditions. In this work, we ascertained the differentially expressed genes (DEGs) and variants associated with individual subpopulations of VK disease phenotypes, viz., myocardial infarction, renal failure and prostate cancer. We sought to ask whether or not any DEGs harbor pathogenic variants common in these conditions, attempt to bridge the gap in finding characteristic biomarkers and discuss the role of long noncoding RNAs (lncRNAs) in the biogenesis of VK deficiencies.",A bioinformatics pipeline for processing and analysis of whole transcriptome sequence data,46880,1,https://www.protocols.io/view/a-bioinformatics-pipeline-for-processing-and-analy-brz8m79w,0,"FASTQ alignment, gene counts, and differential expression analysis and functional annotation of DEGs",0.5615,0.6228,0.4207,0.5615,0.6228,0.4207,2,"FASTQ alignment, gene counts, and differential expression analysis and functional annotation of DEGs"
How does H3.3 histone variant downregulation affect B cell to plasma cell differentiation and chromatin accessibility changes in mice?,38902223,"The differentiation of B cells into plasma cells is associated with substantial transcriptional and epigenetic remodeling. H3.3 histone variant marks active chromatin via replication-independent nucleosome assembly. However, its role in plasma cell development remains elusive. Herein, we show that during plasma cell differentiation, H3.3 is downregulated, and the deposition of H3.3 and chromatin accessibility are dynamically changed. Blockade of H3.3 downregulation by enforced H3.3 expression impairs plasma cell differentiation in an H3.3-specific sequence-dependent manner. Mechanistically, enforced H3.3 expression inhibits the upregulation of plasma cell-associated genes such as Irf4, Prdm1, and Xbp1 and maintains the expression of B cell-associated genes, Pax5, Bach2, and Bcl6. Concomitantly, sustained H3.3 expression prevents the structure of chromatin accessibility characteristic for plasma cells. Our findings suggest that appropriate H3.3 expression and deposition control plasma cell differentiation. During plasma cell differentiation, H3.3 histone variant is downregulated, and the H3.3 deposition and chromatin accessibility are dynamically changed. Blockade of H3.3 downregulation by enforced H3.3 expression impairs plasma cell differentiation.",Detailed protocol ─ Chromatin Integration labeling,122074,1,https://www.protocols.io/view/detailed-protocol-chromatin-integration-labeling-d3f28jqe,0,SHARE-seq V1,0.094,0.6526,0.5126,0.094,0.6526,0.5126,2,SHARE-seq V1
Whole-genome sequencing of SARS-CoV-2 clinical samples from Uganda using the ARTIC amplicon protocol to characterize viral lineages and phylogenetic relationships.,34457243,"Background: In January 2020, a previously unknown coronavirus strain was identified as the cause of a severe acute respiratory syndrome (SARS-CoV-2). The first viral whole-genome was sequenced using high-throughput sequencing from a sample collected in Wuhan, China. Whole-genome sequencing (WGS) is imperative in investigating disease outbreak transmission dynamics and guiding decision-making in public health. Methods: We retrieved archived SARS-CoV-2 samples at the Integrated Biorepository of H3Africa Uganda, Makerere University (IBRH3AU). These samples were collected previously from individuals diagnosed with coronavirus disease 2019 (COVID-19) using real-time reverse transcription quantitative polymerase chain reaction (RT-qPCR). 30 samples with cycle thresholds (Cts) values <25 were selected for WGS using SARS-CoV-2 ARTIC protocol at Makerere University Molecular Diagnostics Laboratory. Results: 28 out of 30 (93.3%) samples generated analyzable genomic sequence reads. We detected SARS-CoV-2 and lineages A (22/28) and B (6/28) from the samples. We further show phylogenetic relatedness of these isolates alongside other 328 Uganda (lineage A = 222, lineage B = 106) SARS-CoV-2 genomes available in GISAID by April 22, 2021 and submitted by the Uganda Virus Research Institute. Conclusions: Our study demonstrated adoption and optimization of the low-cost ARTIC SARS-CoV-2 WGS protocol in a resource limited laboratory setting. This work has set a foundation to enable rapid expansion of SARS-CoV-2 WGS in Uganda as part of the Presidential Scientific Initiative on Epidemics (PRESIDE) CoV-bank project and IBRH3AU.",SARS-CoV-2 Sequencing on Illumina MiSeq Using ARTIC Protocol: Part 1 - Tiling PCR,36007,0,https://www.protocols.io/view/sars-cov-2-sequencing-on-illumina-miseq-using-arti-bfefjjbn,0,Optimization of the SARS-CoV-2 ARTIC Network V4 Primers and Whole Genome Sequencing Protocol.,0.7209,0.7141,0.6238,0.7209,0.7141,0.6238,1,Optimization of the SARS-CoV-2 ARTIC Network V4 Primers and Whole Genome Sequencing Protocol.
Monitoring acetogenic bacteria communities in biogas digesters using FTHFS gene amplicon sequencing and high-throughput analysis to track community shifts and improve process stability.,34484143,"Acetogens play a very important role in anaerobic digestion and are essential in ensuring process stability. Despite this, targeted studies of the acetogenic community in biogas processes remain limited. Some efforts have been made to identify and understand this community, but the lack of a reliable molecular analysis strategy makes the detection of acetogenic bacteria tedious. Recent studies suggest that screening of bacterial genetic material for formyltetrahydrofolate synthetase (FTHFS), a key marker enzyme in the Wood-Ljungdahl pathway, can give a strong indication of the presence of putative acetogens in biogas environments. In this study, we applied an acetogen-targeted analyses strategy developed previously by our research group for microbiological surveillance of commercial biogas plants. The surveillance comprised high-throughput sequencing of FTHFS gene amplicons and unsupervised data analysis with the AcetoScan pipeline. The results showed differences in the acetogenic community structure related to feed substrate and operating parameters. They also indicated that our surveillance method can be helpful in the detection of community changes before observed changes in physico-chemical profiles, and that frequent high-throughput surveillance can assist in management towards stable process operation, thus improving the economic viability of biogas plants. To our knowledge, this is the first study to apply a high-throughput microbiological surveillance approach to visualise the potential acetogenic population in commercial biogas digesters.",Genomic DNA extraction from anaerobic digester samples,37580,2,https://www.protocols.io/view/genomic-dna-extraction-from-anaerobic-digester-sam-bgxkjxkw,0,High-Throughput Sequencing and Unsupervised Analysis of Formyltetrahydrofolate Synthetase (FTHFS) Gene Amplicons to Estimate Acetogenic Community Structure.,0.2605,0.3168,0.4716,0.7037,0.6189,0.3773,8,High-Quality Extraction of Medium-to-Long DNA Fragments from Biogas Digestate for Nanopore Sequencing
Recovering and classifying archaeal viruses from marine estuaries that infect Poseidoniales archaea using metagenomic sequencing and phylogenetic analysis.,39777783,"ABSTRACT Viruses infecting archaea play significant ecological roles in marine ecosystems through host infection and lysis, yet they have remained an underexplored component of the virosphere. In this study, we recovered 451 archaeal viruses from a subtropical estuary, identifying 63 that are associated with the dominant marine order Poseidoniales (Marine Group II Archaea). Phylogenetic analyses of a subset of complete and nearly‐complete viral genomes assigned these viruses to the order Magrovirales, a lineage of Poseidoniales viruses, and identified a novel group of viruses distinct from Magrovirales. Utilising demarcation criteria established for the classification of archaeal tailed viruses, we propose two families within the order Magrovirales: Apasviridae (magrovirus group A), comprising the genera Agnivirus and Savitrvirus, and Krittikaviridae (magrovirus group E) encompassing the genus Velanvirus. Additionally, we propose a new order, distinct from Magrovirales, named Adrikavirales, which includes the genus Vyasavirus. Our detailed genomic characterisation of the new viral lineages revealed genes involved in viral assembly and egress, such as those responsible for creating holin rafts to lyse host cell membranes, a feature predominantly known from bacteriophages. Furthermore, we identified a broad spectrum of auxiliary metabolic genes, suggesting that these viruses can modulate host metabolism. Collectively, our findings substantially enhance the current understanding of the diversity and functional potential of Poseidoniales viruses.",DNase I Treatment,"57770,830,845",0,https://www.protocols.io/view/DNase-I-Treatment-c3myk5,0,Diverse viruses of marine archaea discovered using metagenomics.,0.1018,0.3435,0.6338,0.3234,0.5565,0.5312,4,Preparation of Virus DNA from Seawater for Metagenomics
How does phosphorylated Rab8 and Rab10 binding to LRRK2 create a feed-forward loop that amplifies kinase activity at membranes in Parkinson's disease?,36149401,"Activating mutations in the leucine-rich repeat kinase 2 (LRRK2) cause Parkinson’s disease, and previously we showed that activated LRRK2 phosphorylates a subset of Rab GTPases (Steger et al., 2017). Moreover, Golgi-associated Rab29 can recruit LRRK2 to the surface of the Golgi and activate it there for both auto- and Rab substrate phosphorylation. Here, we define the precise Rab29 binding region of the LRRK2 Armadillo domain between residues 360–450 and show that this domain, termed ‘site #1,’ can also bind additional LRRK2 substrates, Rab8A and Rab10. Moreover, we identify a distinct, N-terminal, higher-affinity interaction interface between LRRK2 phosphorylated Rab8 and Rab10 termed ‘site #2’ that can retain LRRK2 on membranes in cells to catalyze multiple, subsequent phosphorylation events. Kinase inhibitor washout experiments demonstrate that rapid recovery of kinase activity in cells depends on the ability of LRRK2 to associate with phosphorylated Rab proteins, and phosphorylated Rab8A stimulates LRRK2 phosphorylation of Rab10 in vitro. Reconstitution of purified LRRK2 recruitment onto planar lipid bilayers decorated with Rab10 protein demonstrates cooperative association of only active LRRK2 with phospho-Rab10-containing membrane surfaces. These experiments reveal a feed-forward pathway that provides spatial control and membrane activation of LRRK2 kinase activity.",Microscale Thermophoresis determination of Rab29 binding to LRRK2 Armadillo Domain,50829,1,https://www.protocols.io/view/microscale-thermophoresis-determination-of-rab29-b-bvvmn646,0,LRRK2 phosphorylation of Rab GTPases in Parkinson's disease.,0.3563,0.4388,0.8504,0.546,0.6291,0.6828,4,Immunofluorescence-based assay to assess LRRK2 recruitment by Rab29
How does TMEM127 loss affect RET receptor endocytosis and surface accumulation to drive constitutive signaling in pheochromocytoma cells?,37425958,"Internalization from the cell membrane and endosomal trafficking of receptor tyrosine kinases (RTK) are important regulators of signaling in normal cells that can frequently be disrupted in cancer. The adrenal tumour pheochromocytoma (PCC) can be caused by activating mutations of the RET receptor tyrosine kinase, or inactivation of TMEM127, a transmembrane tumour suppressor implicated in trafficking of endosomal cargos. However, the role of aberrant receptor trafficking in PCC is not well understood. Here, we show that loss of TMEM127 causes wildtype RET protein accumulation on the cell surface, where increased receptor density facilitates constitutive ligand-independent activity and downstream signaling, driving cell proliferation. Loss of TMEM127 altered normal cell membrane organization and recruitment and stabilization of membrane protein complexes, impaired assembly, and maturation of clathrin coated pits, and reduced internalization and degradation of cell surface RET. In addition to RTKs, TMEM127 depletion also promoted surface accumulation of several other transmembrane proteins, suggesting it may cause global defects in surface protein activity and function. Together, our data identify TMEM127 as an important determinant of membrane organization including membrane protein diffusability, and protein complex assembly and provide a novel paradigm for oncogenesis in PCC where altered membrane dynamics promotes cell surface accumulation and constitutive activity of growth factor receptors to drive aberrant signaling and promote transformation.",Evaluating Cell Membrane Localization and Intracellular Transport of Proteins by Biotinylation,256618,2,https://www.protocols.io/view/evaluating-cell-membrane-localization-and-intracel-h6uib9euf,0,Loss of tumor suppressor TMEM127 drives RET-mediated transformation through disrupted membrane dynamics.,0.308,0.3969,0.9802,0.308,0.3969,0.9802,1,Loss of tumor suppressor TMEM127 drives RET-mediated transformation through disrupted membrane dynamics.
"How does GABA inhibition of vasopressin neurons in the supraoptic nucleus change in bile duct-ligated cirrhotic rats, and does intracellular chloride dysregulation contribute?",37337093,"Dilutional hyponatremia due to increased plasma arginine vasopressin (AVP) is associated with liver cirrhosis. However, plasma AVP remains elevated despite progressive hypoosmolality. This study investigated changes to inhibitory control of supraoptic nucleus (SON) AVP neurons during liver cirrhosis. Experiments were conducted with adult male Sprague–Dawley rats. Bile duct ligation was used as a model of chronic liver cirrhosis. An adeno‐associated virus containing a construct with an AVP promoter and either green fluorescent protein (GFP) or a ratiometric chloride indicator, ClopHensorN, was bilaterally injected into the SON of rats. After 2 weeks, rats received either BDL or sham surgery, and liver cirrhosis was allowed to develop for 4 weeks. In vitro, loose patch recordings of action potentials were obtained from GFP‐labeled and unlabeled SON neurons in response to a brief focal application of the GABAA agonist muscimol (100 μM). Changes to intracellular chloride ([Cl]i) following muscimol application were determined by changes to the fluorescence ratio of ClopHensorN. The contribution of cation chloride cotransporters NKCC1 and KCC2 to changes in intracellular chloride was investigated using their respective antagonists, bumetanide (BU, 10 μM) and VU0240551 (10 μM). Plasma osmolality and hematocrit were measured as a marker of dilutional hyponatremia. The results showed reduced or absent GABAA‐mediated inhibition in a greater proportion of AVP neurons from BDL rats as compared to sham rats (100% inhibition in sham vs. 47% in BDL, p = .001). Muscimol application was associated with increased [Cl]i in most cells from BDL as compared to cells from sham rats (χ2 = 30.24, p < .001). NKCC1 contributed to the impaired inhibition observed in BDL rats (p < .001 BDL − BU vs. BDL + BU). The results show that impaired inhibition of SON AVP neurons and increased intracellular chloride contribute to the sustained dilutional hyponatremia in liver cirrhosis.",A suitable microsurgical method for obstructive cholestasis in the rat,121261,1,https://www.protocols.io/view/a-suitable-microsurgical-method-for-obstructive-ch-d2nm8dc6,2,A suitable microsurgical method for obstructive cholestasis in the rat,1.0,0.9907,0.3498,1.0,0.9907,0.3498,2,A suitable microsurgical method for obstructive cholestasis in the rat
How does SRPK1-mediated protamine phosphorylation trigger protamine-to-histone exchange and chromatin reprogramming in fertilized mouse oocytes?,32169215,"SUMMARY The paternal genome undergoes massive exchange of histone with protamine for compaction into sperm during spermiogenesis. Upon fertilization, this process is potently reversed, which is essential for parental genome reprogramming and subsequent activation; however, it remains poorly understood how this fundamental process is initiated and regulated. Here, we report that the previously characterized splicing kinase SRPK1 initiates this life-beginning event by catalyzing site-specific phosphorylation of protamine, thereby triggering protamine-to-histone exchange in the fertilized oocyte. Interestingly, protamine undergoes a DNA-dependent phase transition to gel-like condensates and SRPK1-mediated phosphorylation likely helps open up such structures to enhance protamine dismissal by nucleoplasmin (NPM2) and enable the recruitment of HIRA for H3.3 deposition. Remarkably, genome-wide ATAC-seq analysis reveals that selective chromatin accessibility in both sperm and MII oocytes is largely erased in early pronuclei in a protamine phosphorylation-dependent manner, suggesting that SRPK1-catalyzed phosphorylation initiates a highly synchronized reorganization program in both parental genomes.",siRNA-mediated depletion of stable proteins in mouse oocytes,121580,1,https://www.protocols.io/view/sirna-mediated-depletion-of-stable-proteins-in-mou-d2yk8fuw,8,In vitro kinase assay,0.2,0.1922,0.3254,1.0,0.99,0.4789,8,siRNA-mediated depletion of stable proteins in mouse oocytes
Does the C. elegans gustatory receptor LITE-1 function as both a photoreceptor and chemoreceptor for diacetyl avoidance behavior?,42539119,"The nematode C. elegans does not have eyes but can respond to aversive UV and blue light stimulation and even distinguish colours. The gustatory receptor homolog LITE-1 was identified in forward genetic screens for worms that failed to respond to blue light stimulation. When LITE-1 is expressed in body-wall muscles, it causes contraction in response to blue light suggesting that LITE-1 is both necessary and sufficient for blue light response. Here we show that in addition to light avoidance, LITE-1 is also required for worms’ avoidance of high concentrations of diacetyl, an odorant that is attractive at low concentrations. Like blue light, diacetyl causes muscle contraction in transgenic worms engineered to express LITE-1 in body-wall muscles. These data are consistent with a direct chemoreceptor function for LITE-1 which would make it a multimodal sensor of aversive stimuli.",Bleach synchronisation of C. elegans,22617,1,https://www.protocols.io/view/bleach-synchronisation-of-c-elegans-2bzgap6,0,Histamine-HisCl1 system for C elegans,0.5501,0.4994,0.5247,0.9553,0.7856,0.4593,9,Bleaching – Synchronization C. elegans
Standardizing cell-free microRNA profiling from serum or plasma using spike-in controls and Two-tailed RT-qPCR to assess RNA isolation quality and inhibition in liquid biopsy workflows.,30862831,"Circulating cell-free microRNAs are promising candidates for minimally invasive clinical biomarkers for the diagnosis, prognosis and monitoring of many human diseases. Despite substantial efforts invested in the field, the research so far has failed to deliver expected results. One of the contributing factors is general lack of agreement between various studies, partly due to the considerable technical challenges accompanying the workflow. Pre-analytical variables including sample collection, RNA isolation, and quantification are sources of bias that may hamper biological interpretation of the results. Here, we present a Two-tailed RT-qPCR panel for quality control, monitoring of technical performance, and optimization of microRNA profiling experiments from biofluid samples. The Two-tailed QC (quality control) panel is based on two sets of synthetic spike-in molecules and three endogenous microRNAs that are quantified with the highly specific Two-tailed RT-qPCR technology. The QC panel is a cost-effective way to assess quality of isolated microRNA, degree of inhibition, and erythrocyte contamination to ensure technical soundness of the obtained results. We provide assay sequences, detailed experimental protocol and guide to data interpretation. The application of the QC panel is demonstrated on the optimization of RNA isolation from biofluids with the miRNeasy Serum/Plasma Advanced Kit (Qiagen).",Serum Collection Procedure (Small Scale) for the analysis of extracellular RNA,121717,1,https://www.protocols.io/view/serum-collection-procedure-small-scale-for-the-ana-d24v8gw6,0,Quantification of circulating microRNA using single TaqMan assays,0.5469,0.5439,0.69,0.5737,0.6004,0.5132,4,Isolation of exosomal RNA from serum or plasma using the Qiagen miRNeasy Micro kit
How does proline-to-serine tRNA mistranslation differentially affect gene expression in male versus female Drosophila using RNA-seq transcriptomics?,38989890,"Mistranslation is the misincorporation of an amino acid into a polypeptide. Mistranslation has diverse effects on multicellular eukaryotes and is implicated in several human diseases. In Drosophila melanogaster, a serine transfer RNA (tRNA) that misincorporates serine at proline codons (P→S) affects male and female flies differently. The mechanisms behind this discrepancy are currently unknown. Here, we compare the transcriptional response of male and female flies to P→S mistranslation to identify genes and cellular processes that underlie sex-specific differences. Both males and females downregulate genes associated with various metabolic processes in response to P→S mistranslation. Males downregulate genes associated with extracellular matrix organization and response to negative stimuli such as wounding, whereas females downregulate aerobic respiration and ATP synthesis genes. Both sexes upregulate genes associated with gametogenesis, but females also upregulate cell cycle and DNA repair genes. These observed differences in the transcriptional response of male and female flies to P→S mistranslation have important implications for the sex-specific impact of mistranslation on disease and tRNA therapeutics. ARTICLE SUMMARY Proline-to-serine mistranslation affects male and female flies differently, but the mechanisms underlying this discrepancy are unknown. We present a transcriptomic analysis of male and female flies showing that mistranslation disrupts metabolic pathways and gametogenesis in both sexes, whereas processes such as DNA repair and cell cycle regulation are affected only in one sex. This is the first analysis that characterizes sex-specific effects of mistranslation and provides intriguing avenues for future research to understand how mistranslation affects males and females.",RNA Extraction from Drosophila Tissues using TRIzol Reagent,3315,1,https://www.protocols.io/view/RNA-Extraction-from-Drosophila-Tissues-using-TRIzo-fgtbjwn,0,Impact of tRNA-induced proline-to-serine mistranslation on the transcriptome of Drosophila melanogaster.,0.4481,0.3709,0.9976,0.8522,0.7832,0.4032,7,Genomic RNA extraction by TRIzol method by using Drosophila melanogaster  gut
Find tumor-specific mutation-derived splice junctions from RNA-seq data in melanoma patients to identify neoantigen candidates for immunotherapy.,38863673,"Splicing is dysregulated in many tumors and may result in tumor-specific transcripts that can encode neoantigens, which are promising targets for cancer immunotherapy. Detecting tumor-specific splicing is challenging because many non-canonical splice junctions identified in tumor transcriptomes also appear in healthy tissues. Here, we developed splice2neo to integrate the predicted splice effects from somatic mutations with splice junctions detected in tumor RNA-seq for individual cancer patients. Splice2neo excludes splice junctions from healthy tissue samples, annotates resulting transcript and peptide sequences, and provides targeted re-quantification of supporting RNA-seq reads. We developed a stringent detection rule to predict splice junctions as mutation-derived targets and identified 1.7 target splice junctions per tumor with a false discovery rate below 5% in a melanoma cohort. We confirmed tumor-specificity using independent, healthy tissue samples. Furthermore, using tumor-derived RNA, we confirmed individual exon skipping events experimentally. Most target splice junctions encoded neoepitope candidates with predicted MHC-I or MHC-II binding. Compared to neoepitope candidates derived from non-synonymous point mutations, the splicing-derived MHC-I neoepitope candidates had a lower self-similarity to corresponding wild-type peptides. In conclusion, we demonstrate that identifying mutation-derived and tumor-specific splice junctions can lead to additional neoantigen candidates to expand the target repertoire for cancer immunotherapies. Key Points splice2neo is a versatile tool for identifying and analyzing of splice junctions as a source of neoantigen candidates We identified mutation-retrieved splice junctions supported by RNA-seq in melanoma samples The predicted target splice junctions exhibited a strong tumor-specificity as they were absent in healthy tissues. Target splice junctions often lead to frame-shift peptides and encode promising neoantigen candidates",Alternative Splicing Analysis,11534,1,https://www.protocols.io/view/alternative-splicing-analysis-phndj5e,3,Bulk RNA sequencing (mRNA seq),0.3649,0.3507,0.2808,1.0,1.0,0.6087,3,Alternative Splicing Analysis
Map mouse primary motor cortex cell types using single-cell RNA-seq and epigenomics to build a multimodal reference atlas of neuronal and non-neuronal populations.,34616066,"Single-cell transcriptomics can provide quantitative molecular signatures for large, unbiased samples of the diverse cell types in the brain1–3. With the proliferation of multi-omics datasets, a major challenge is to validate and integrate results into a biological understanding of cell-type organization. Here we generated transcriptomes and epigenomes from more than 500,000 individual cells in the mouse primary motor cortex, a structure that has an evolutionarily conserved role in locomotion. We developed computational and statistical methods to integrate multimodal data and quantitatively validate cell-type reproducibility. The resulting reference atlas—containing over 56 neuronal cell types that are highly replicable across analysis methods, sequencing technologies and modalities—is a comprehensive molecular and genomic account of the diverse neuronal and non-neuronal cell types in the mouse primary motor cortex. The atlas includes a population of excitatory neurons that resemble pyramidal cells in layer 4 in other cortical regions4. We further discovered thousands of concordant marker genes and gene regulatory elements for these cell types. Our results highlight the complex molecular regulation of cell types in the brain and will directly enable the design of reagents to target specific cell types in the mouse primary motor cortex for functional analysis. The authors describe an integrated atlas of the diverse cell types in the mouse primary motor cortex.",Extraction of Nuclei from Brain Tissue,11605,2,https://www.protocols.io/view/extraction-of-nuclei-from-brain-tissue-2srged6,8,A multimodal cell census and atlas of the mammalian primary motor cortex.,0.2442,0.4025,0.7751,0.579,0.6025,0.427,10,Tissue Dissociation and Nuclei Isolation
"Standardized methods for isolating and analyzing extracellular RNA from biofluids including best practices for biofluid collection, particle separation, and exRNA profiling across different vesicle types.",26320937,"Extracellular RNAs (exRNAs) have been identified in all tested biofluids and have been associated with a variety of extracellular vesicles, ribonucleoprotein complexes and lipoprotein complexes. Much of the interest in exRNAs lies in the fact that they may serve as signalling molecules between cells, their potential to serve as biomarkers for prediction and diagnosis of disease and the possibility that exRNAs or the extracellular particles that carry them might be used for therapeutic purposes. Among the most significant bottlenecks to progress in this field is the lack of robust and standardized methods for collection and processing of biofluids, separation of different types of exRNA-containing particles and isolation and analysis of exRNAs. The Sample and Assay Standards Working Group of the Extracellular RNA Communication Consortium is a group of laboratories funded by the U.S. National Institutes of Health to develop such methods. In our first joint endeavour, we held a series of conference calls and in-person meetings to survey the methods used among our members, placed them in the context of the current literature and used our findings to identify areas in which the identification of robust methodologies would promote rapid advancements in the exRNA field.",Isolation of extracellular vesicle RNA from serum,121622,0,https://www.protocols.io/view/isolation-of-extracellular-vesicle-rna-from-serum-d2zw8f7e,10,Isolation of extracellular vesicles and RNA from serum or plasma using the ExoRNeasy Mini Kit.,0.7991,0.8087,0.7253,1.0,1.0,0.664,10,Isolation of extracellular vesicle RNA from serum
Map protein-protein interactions among Arabidopsis transcription factors using a high-throughput yeast two-hybrid sequencing approach.,28650476,"Broad-scale protein–protein interaction mapping is a major challenge given the cost, time, and sensitivity constraints of existing technologies. Here, we present a massively multiplexed yeast two-hybrid method, CrY2H-seq, which uses a Cre recombinase interaction reporter to intracellularly fuse the coding sequences of two interacting proteins and next-generation DNA sequencing to identify these interactions en masse. We applied CrY2H-seq to investigate sparsely annotated Arabidopsis thaliana transcription factors interactions. By performing ten independent screens testing a total of 36 million binary interaction combinations, and uncovering a network of 8,577 interactions among 1,453 transcription factors, we demonstrate CrY2H-seq′s improved screening capacity, efficiency, and sensitivity over those of existing technologies. The deep-coverage network resource we call AtTFIN-1 recapitulates one-third of previously reported interactions derived from diverse methods, expands the number of known plant transcription factor interactions by three-fold, and reveals previously unknown family-specific interaction module associations with plant reproductive development, root architecture, and circadian coordination.",CrY2H-seq interactome screening,121906,2,https://www.protocols.io/view/cry2h-seq-interactome-screening-d3as8iee,3,E3 decoy library high-throughput yeast two-hybrid screening assay,0.4039,0.4922,0.486,1.0,0.9981,0.9054,3,CrY2H-seq interactome screening
Engineering yeast to produce vinblastine precursors vindoline and catharanthine from scratch using heterologous plant genes expressed in Saccharomyces cerevisiae.,36045295,"Monoterpene indole alkaloids (MIAs) are a diverse family of complex plant secondary metabolites with many medicinal properties, including the essential anti-cancer therapeutics vinblastine and vincristine1. As MIAs are difficult to chemically synthesize, the world’s supply chain for vinblastine relies on low-yielding extraction and purification of the precursors vindoline and catharanthine from the plant Catharanthus roseus, which is then followed by simple in vitro chemical coupling and reduction to form vinblastine at an industrial scale2,3. Here, we demonstrate the de novo microbial biosynthesis of vindoline and catharanthine using a highly engineered yeast, and in vitro chemical coupling to vinblastine. The study showcases a very long biosynthetic pathway refactored into a microbial cell factory, including 30 enzymatic steps beyond the yeast native metabolites geranyl pyrophosphate and tryptophan to catharanthine and vindoline. In total, 56 genetic edits were performed, including expression of 34 heterologous genes from plants, as well as deletions, knock-downs and overexpression of ten yeast genes to improve precursor supplies towards de novo production of catharanthine and vindoline, from which semisynthesis to vinblastine occurs. As the vinblastine pathway is one of the longest MIA biosynthetic pathways, this study positions yeast as a scalable platform to produce more than 3,000 natural MIAs and a virtually infinite number of new-to-nature analogues. De novo microbial biosynthesis of vindoline and catharanthine using a highly engineered yeast and in vitro chemical coupling to vinblastine is carried out, positioning yeast as a scalable platform to produce many monoterpene indole alkaloids.",Chloroform-Methanol Protein Extraction with Zymolyase Treatment for Yeast (High Throughput),36887,2,https://www.protocols.io/view/chloroform-methanol-protein-extraction-with-zymoly-bhptj5nn,0,Expressing genes in Saccharomyces cerevisiae,0.2867,0.3135,0.2119,0.4355,0.4287,0.1845,8,Liquid Growth Medium - Yeast
Multiplex RT-qPCR assay to rapidly distinguish Omicron subvariants of SARS-CoV-2 in clinical samples without whole genome sequencing.,36555794,"Whole genome sequencing (WGS) is considered the best instrument to track both virus evolution and the spread of new, emerging variants. However, WGS still does not allow the analysis of as many samples as qPCR does. Epidemiological and clinical research needs to develop advanced qPCR methods to identify emerging variants of SARS-CoV-2 while collecting data on their spreading in a faster and cheaper way, which is critical for introducing public health measures. This study aimed at designing a one-step RT-qPCR assay for multiplex detection of the Omicron lineage and providing additional data on its subvariants in clinical samples. The RT-qPCR assay demonstrated high sensitivity and specificity on multiple SARS-CoV-2 variants and was cross-validated by WGS.",One-step RT-PCR Ins214EPE assay for Omicron (B.1.1.529) variant detection,"199148,55889",2,https://www.protocols.io/view/one-step-rt-pcr-ins214epe-assay-for-omicron-b-1-1-b2trqem6,0, SARS-CoV-2 Omicron detection RT-qPCR assay with BA.1 and BA.2/BA.3 differentitation,0.5746,0.7364,0.8122,0.5746,0.7364,0.8122,1, SARS-CoV-2 Omicron detection RT-qPCR assay with BA.1 and BA.2/BA.3 differentitation
How did the FDA use wastewater sequencing to track SARS-CoV-2 variant prevalence across US communities during the COVID-19 pandemic using next-generation sequencing?,38819130,"ABSTRACT Wastewater surveillance has emerged as a crucial public health tool for population-level pathogen surveillance. Supported by funding from the American Rescue Plan Act of 2021, the FDA‘s genomic epidemiology program, GenomeTrakr, was leveraged to sequence SARS-CoV-2 from wastewater sites across the United States. This initiative required the evaluation, optimization, development, and publication of new methods and analytical tools spanning sample collection through variant analyses. Version-controlled protocols for each step of the process were developed and published on protocols.io. A custom data analysis tool and a publicly accessible dashboard were built to facilitate real-time visualization of the collected data, focusing on the relative abundance of SARS-CoV-2 variants and sub-lineages across different samples and sites throughout the project. From September 2021 through June 2023, a total of 3,389 wastewater samples were collected, with 2,517 undergoing sequencing and submission to NCBI under the umbrella BioProject, PRJNA757291. Sequence data were released with explicit quality control (QC) tags on all sequence records, communicating our confidence in the quality of data. Variant analysis revealed wide circulation of Delta in the fall of 2021 and captured the sweep of Omicron and subsequent diversification of this lineage through the end of the sampling period. This project successfully achieved two important goals for the FDA’s GenomeTrakr program: first, contributing timely genomic data for the SARS-CoV-2 pandemic response, and second, establishing both capacity and best practices for culture-independent, population-level environmental surveillance for other pathogens of interest to the FDA. IMPORTANCE This paper serves two primary objectives. First, it summarizes the genomic and contextual data collected during a Covid-19 pandemic response project, which utilized the FDA’s laboratory network, traditionally employed for sequencing foodborne pathogens, for sequencing SARS-CoV-2 from wastewater samples. Second, it outlines best practices for gathering and organizing population-level next generation sequencing (NGS) data collected for culture-free, surveillance of pathogens sourced from environmental samples. This paper serves two primary objectives. First, it summarizes the genomic and contextual data collected during a Covid-19 pandemic response project, which utilized the FDA’s laboratory network, traditionally employed for sequencing foodborne pathogens, for sequencing SARS-CoV-2 from wastewater samples. Second, it outlines best practices for gathering and organizing population-level next generation sequencing (NGS) data collected for culture-free, surveillance of pathogens sourced from environmental samples.",RNA Extraction from Wastewater Concentrates Using RNeasy and Zymo Kits,"53258,53350,53493",0,https://www.protocols.io/view/rna-extraction-from-wastewater-concentrates-using-bygvptw6,0,SARS-CoV-2 Whole Genome Amplicon Sequencing from Wastewater Solids or Liquid Wastewater ,0.405,0.6976,0.7584,0.2961,0.7977,0.8169,7,RT-qPCR Detection of SARS-CoV-2 from Wastewater Using the AB 7500
How does microglial DISC1 knockout affect synaptic pruning and spatial memory in mice through actin cytoskeletal dysregulation?,40880479,"Synaptic dysfunction is a hallmark of neurodevelopmental disorders (NDDs), often linked to genes involved in cytoskeletal regulation. While the role of these genes has been extensively studied in neurons, microglial functions such as phagocytosis are also dependent on cytoskeletal dynamics. We demonstrate that disturbance of actin cytoskeletal regulation in microglia, modeled by genetically impairing the scaffold protein Disrupted-in-Schizophrenia 1 (DISC1), which integrates actin-binding proteins, causes a shift in actin regulatory balance favoring filopodial versus lamellipodial actin organization. The resulting microglia-specific dysregulation of actin dynamics leads to excessive uptake of synaptic proteins. Genetically engineered DISC1-deficient mice show diminished hippocampal excitatory transmission and associated spatial memory deficits. Reintroducing wild-type microglia-like cells via bone marrow transplantation in adult DISC1-deficient mice restores the synaptic function of neurons and rescues cognitive performance. These findings reveal a pivotal role for microglial actin cytoskeletal remodeling in preserving synaptic integrity and cognitive health. Targeting microglial cytoskeletal dynamics may effectively address cognitive impairments associated with NDDs, even in adulthood.",An easy and fast way to obtain a high number of glial cells from rat cerebral tissue: A beginners approach.,161270,1,https://www.protocols.io/view/an-easy-and-fast-way-to-obtain-a-high-number-of-gl-d2qw8dxe,0,"Primary murine microglia, neurons and co-cultures ",0.5098,0.6301,0.401,0.5098,0.6301,0.401,2,"Primary murine microglia, neurons and co-cultures "
Detecting mosquito salivary protein-specific IgE in human serum using a capture ELISA to avoid IgG interference and improve sensitivity for diagnosing Aedes aegypti bite allergy.,40875780,"Mosquito saliva contains numerous distinct mosquito salivary proteins (MSPs) that mediate mosquito-host interactions. Repeated mosquito exposure can trigger allergic reactions, with MSP-specific IgE playing a central role. Current enzyme-linked immunosorbent assay (ELISA) and immunoblotting methods for detecting MSP-specific IgE suffer from interference by much more abundant MSP-specific IgG, leading to low sensitivity. Here, we developed a capture ELISA to overcome these limitations. We compared the performance of this capture ELISA with the conventional indirect ELISA in detecting MSP-specific IgE titers in sera from both repeatedly exposed mice and human volunteers. The results demonstrated that, compared to the indirect ELISA, the novel capture ELISA exhibited significantly superior sensitivity and specificity. Using serum samples from 20 volunteers with confirmed exposure to Aedes aegypti bites and 20 volunteers without such exposure, we found that the capture ELISA achieved 100% diagnostic sensitivity and specificity (20/20), with both false-positive and false-negative rates at 0% (0/20). The limit of detection was determined to be 87.42 ng/mL total IgE equivalent in human serum. Furthermore, we dynamically monitored Aedes aegypti salivary protein AAEL000749-specific IgE titers in healthy individuals from areas with widespread mosquito distribution using the capture ELISA. The results showed that both the positive rate and titer of AAEL000749-specific IgE in the sera were significantly higher during months with elevated mosquito population densities, compared to months with lower densities. This indicates that, under natural exposure conditions, the levels of MSP-specific IgE in human sera are closely correlated with local mosquito densities. In summary, our novel capture ELISA demonstrates excellent diagnostic performance and can be used for the quantitative analysis of MSP-specific IgE in mammalian sera. This provides a powerful tool for the diagnosis and prognosis of mosquito allergy, as well as for monitoring mosquito exposure levels in endemic areas.",Enzyme-Linked Immunosorbent Assay (ELISA),211793,1,https://www.protocols.io/view/enzyme-linked-immunosorbent-assay-elisa-gs3rbwgm7,6,S2_Capture ELISA to detect for IgM antibodies against 2019-nCoV protein,0.4824,0.3093,0.3237,1.0,0.9874,0.5618,6,Enzyme-Linked Immunosorbent Assay (ELISA)
One-step CRISPR-Cpf1 and AAV system for knocking in CAR constructs while simultaneously knocking out checkpoint genes in human T cells.,30804551,"Immune-cell engineering opens new capabilities for fundamental immunology research and immunotherapy. We developed a system for efficient generation of chimeric antigen receptor (CAR)-engineered T cells (CAR-T cells) with considerably enhanced features by streamlined genome engineering. By leveraging trans-activating CRISPR (clustered regularly interspaced short palindromic repeats) RNA (tracrRNA)-independent CRISPR–Cpf1 systems with adeno-associated virus (AAV), we were able to build a stable CAR-T cell with homology-directed-repair knock-in and immune-checkpoint knockout (KIKO CAR-T cell) at high efficiency in one step. The modularity of the AAV–Cpf1 KIKO system enables flexible and highly efficient generation of double knock-in of two different CARs in the same T cell. Compared with Cas9-based methods, the AAV–Cpf1 system generates double-knock-in CAR-T cells more efficiently. CD22-specific AAV–Cpf1 KIKO CAR-T cells have potency comparable to that of Cas9 CAR-T cells in cytokine production and cancer cell killing, while expressing lower levels of exhaustion markers. This versatile system opens new capabilities of T-cell engineering with simplicity and precision. Cpf1-mediated genome editing of CAR-T cells enables efficient multiple targeting, knocking in chimeric antigen receptors while removing immune-checkpoint genes.",Rapid modular CAR-T generation with CRISPR/Cpf1 and AAV systems,122091,1,https://www.protocols.io/view/rapid-modular-car-t-generation-with-crispr-cpf1-an-d3gj8jun,0,Efficient generation of locus-specific human CAR-T cells with CRISPR/cCas12a.,0.6992,0.7615,0.7616,0.7712,0.8685,0.7974,3,High-efficiency of genetic modification using CRISPR/Cpf1 system for engineered CAR-T cell therapy.
Draft genome assembly and annotation of the Australian banjo frog Limnodynastes dumerilii to serve as a reference for amphibian phylogenomics.,36824594,"Amphibian genomes are usually challenging to assemble due to large genome size and high repeat content. The Limnodynastidae is a family of frogs native to Australia, Tasmania and New Guinea. As an anuran lineage that successfully diversified on the Australian continent, it represents an important lineage in the amphibian tree of life but lacks reference genomes. Here we sequenced and annotated the genome of the eastern banjo frog Limnodynastes dumerilii dumerilii to fill this gap. The total length of the genome assembly is 2.38 Gb with a scaffold N50 of 285.9 kb. We identified 1.21 Gb of non-redundant sequences as repetitive elements and annotated 24,548 protein-coding genes in the assembly. BUSCO assessment indicated that more than 94% of the expected vertebrate genes were present in the genome assembly and the gene set. We anticipate that this annotated genome assembly will advance the future study of anuran phylogeny and amphibian genome evolution.",Construction and sequencing of DNA libraries on Hiseq 2000 platform for the eastern banjo frog,"33534,33594",2,https://www.protocols.io/view/construction-and-sequencing-of-dna-libraries-on-hi-bc22iyge,5,Protocols for the draft genome assembly of the eastern banjo frog Limnodynastes dumerilii dumerilii,0.7205,0.6124,0.9827,1.0,1.0,0.5798,5,Construction and sequencing of DNA libraries on Hiseq 2000 platform for the eastern banjo frog
How can I standardize and validate macrophage-conditioned medium quality to optimize hybridoma cell survival and monoclonal antibody production using a bioassay?,29901420,"Macrophage-conditioned medium (MCM) is an important cell culture supplement used to support the survival and growth of newly fused hybridoma cells. The use of macrophage cells, as a part of hybridoma technology, has proven to be an effective and inexpensive source of growth factors that promote the early survival and growth of hybridoma cells. Despite the widespread use of MCM as a hybridoma culture supplement, there is limited guidance and standardization for MCM production to achieve optimal hybridoma support. As an undefined supplement, significant variations in production of MCM may negatively impact hybridoma cell survival and growth. The lack of an available method for standardization of MCM bioactivity has limited validation, optimization, and commercial production. Consequently, variations in batch production of MCM may result in low-quality MCM that limits hybridoma viability and negatively impacts monoclonal antibody production. In this report, we describe a novel bioassay based on the newly generated, MCM-dependent RMH359 hybridoma cell line that can be used to validate MCM bioactivity and standardize production. We demonstrate the utility of the RMH359 bioassay (1) for evaluating MCM hybridoma bioactivity, (2) to define optimal conditions for production of MCM, and (3) as a method for MCM validation and standardization. In conclusion, the RMH359 cell bioassay provides a specific and sensitive assessment of MCM bioactivity in support of hybridoma cell survival and growth.",Hybridoma Technology,201300,1,https://www.protocols.io/view/hybridoma-technology-ggtubtwnx,0,"The influence of murine macrophage-conditioned medium on cloning efficiency, antibody synthesis, and growth rate of hybridomas.",0.489,0.6438,0.6698,0.489,0.6438,0.6698,2,"The influence of murine macrophage-conditioned medium on cloning efficiency, antibody synthesis, and growth rate of hybridomas."
How does the G2019S LRRK2 mutation affect cilia loss and Hedgehog signaling in striatal neurons of mouse models?,34658337,"Previously, we showed that cholinergic interneurons of the dorsal striatum lose cilia in mice harboring the Parkinson’s disease associated, kinase activating, R1441C LRRK2 mutation (Dhekne et al., 2018). Here we show that this phenotype is also seen in two mouse strains carrying the most common human G2019S LRRK2 mutation. Heterozygous loss of the PPM1H phosphatase that is specific for LRRK2-phosphorylated Rab GTPases (Berndsen et al., 2019) yields the same cilia loss phenotype, strongly supporting a connection between Rab GTPase phosphorylation and cilia loss. In addition, astrocytes throughout the striatum show a ciliation defect in LRRK2 and PPM1H-/+ mutant models. Hedgehog signaling requires cilia, and loss of cilia correlates here with a loss in induction of Hedgehog signaling as monitored by in situ hybridization of Gli1 transcripts. These data support a model in which LRRK2 and PPM1H mutant mice struggle to receive and respond to critical Hedgehog signals in the nigral-striatal pathway.",Analysis of Primary Cilia in Rodent Brain By Immunofluorescence Microscopy,43690,1,https://www.protocols.io/view/analysis-of-primary-cilia-in-rodent-brain-by-immun-bnwimfce,3,Loss of primary cilia and dopaminergic neuroprotection in pathogenic LRRK2-driven and idiopathic Parkinson's disease.,0.4784,0.6561,0.8367,1.0,1.0,0.6008,3,Analysis of Primary Cilia in Rodent Brain By Immunofluorescence Microscopy
How do HCN channel properties in supragranular pyramidal neurons compare across primate species using patch-seq and single-nucleus RNA sequencing?,41559478,"The physiological properties of human and rodent neurons differ, yet the extent to which these differences reflect human specializations is often unclear. Compared with their rodent counterparts, human supragranular pyramidal neurons possess enriched Hyperpolarization-activated Cyclic Nucleotide-gated channel (HCN channel)-dependent intrinsic membrane properties and a related sensitivity to synaptic inputs containing delta/theta band frequencies. Here we test whether other primate species possess enriched HCN channel dependent membrane properties. We observe ubiquitous HCN1 subunit gene expression in supragranular glutamatergic neurons across New World Monkeys, Old-World Monkeys, and great apes in single nucleus RNA-sequencing datasets. Using Patch-seq recordings from acute and cultured brain slices, we describe robust HCN channel-dependent physiological properties in supragranular pyramidal neurons in a species of New-World monkey (Saimiri sciureus) and two species of Old-World Monkey (Macaca mulatta, Macaca nemestrina). In both human and macaque neocortex, HCN channel-related intrinsic properties increase in magnitude with increasing laminar depth, especially in the L2/3 IT_1 transcriptomic cell type. Within this type, HCN dependent properties are more pronounced in macaque than human neurons. These findings indicate that HCN channel-governed membrane properties and sensitivity to delta/theta band frequencies are roughly conserved in supragranular pyramidal neurons across at least 36 million years of primate evolution. Human and rodent supragranular pyramidal neurons differ in HCN channel-related properties. Comparison across primates reveals robust HCN1 expression and HCN channel-dependent physiology, with cell type dependent differences in macaques versus humans.",Patch-Seq Recording and Extraction Detailed Protocol,52136,2,https://www.protocols.io/view/patch-seq-recording-and-extraction-detailed-protoc-bw6gphbw,0,HCN channels reveal conserved and divergent physiology in supragranular pyramidal neurons in primate species.,0.0273,0.2935,0.9351,0.2281,0.5253,0.1963,6,Sample preparation for single nuclei sequencing of brain
Estimate cell-type proportions in bulk human cortex tissue using DNA methylation-based deconvolution with a reference panel including neuronal and glial subtypes for EWAS studies.,38273288,"Background Due to inter-individual variation in the cellular composition of the human cortex, it is essential that covariates that capture these differences are included in epigenome-wide association studies using bulk tissue. As experimentally derived cell counts are often unavailable, computational solutions have been adopted to estimate the proportion of different cell-types using DNA methylation data. Here, we validate and profile the use of an expanded reference DNA methylation dataset incorporating two neuronal- and three glial-cell subtypes for quantifying the cellular composition of the human cortex. Results We tested eight reference panels containing different combinations of neuronal- and glial-cell types and characterized their performance in deconvoluting cell proportions from computationally reconstructed or empirically-derived human cortex DNA methylation data. Our analyses demonstrate that these novel brain deconvolution models produce accurate estimates of cellular proportions from profiles generated on postnatal human cortex samples, they are not appropriate for the use in prenatal cortex or cerebellum tissue samples. Applying our models to an extensive collection of empirical datasets, we show that glial cells are twice as abundant as neuronal cells in the human cortex and identify significant associations between increased Alzheimer’s disease neuropathology and the proportion of specific cell types including a decrease in NeuNNeg/SOX10Neg nuclei and an increase of NeuNNeg/SOX10Pos nuclei. Conclusions Our novel deconvolution models produce accurate estimates for cell proportions in the human cortex. These models are available as a resource to the community enabling the control of cellular heterogeneity in epigenetic studies of brain disorders performed on bulk cortex tissue.",DNA Extraction from FANS sorted nuclei,42445,1,https://www.protocols.io/view/dna-extraction-from-fans-sorted-nuclei-bmpmk5k6,0,Isolation of Neuronal Nuclei From Human Frozen Post-Mortem Prefrontal Cortex Brain Tissue Using Fluorescence-Activated Nuclei Sorting (FANS) For Methylation Analyses,0.3918,0.606,0.7319,0.427,0.6503,0.6337,3,Fluorescence-activated nuclei sorting (FANS) on human post-mortem cortex tissue enabling the isolation of distinct neural cell populations for multiple omic profiling
How does storing wastewater solids at different temperatures and freeze-thaw cycles affect SARS-CoV-2 RNA measurements for epidemiological surveillance?,34447628,"SARS-CoV-2 RNA in wastewater settled solids is associated with COVID-19 incidence in sewersheds and therefore, there is a strong interest in using these measurements to augment traditional disease surveillance methods. A wastewater surveillance program should provide rapid turn around for sample measurements (ideally within 24 hours), but storage of samples is necessary for a variety of reasons including biobanking. Here we investigate how storage of wastewater solids at 4C, -20C, and -80C affects measured concentrations of SARS-CoV-2 RNA. We find that short term (7-8 d) storage of raw solids at 4C has little effect on measured concentrations of SARS-CoV-2 RNA, whereas longer term storage at 4C (35-122 d) or freezing reduces measurements by 60%, on average. We show that normalizing SARS-CoV-2 RNA concentrations by concentrations of pepper mild mottle virus (PMMoV) RNA, an endogenous wastewater virus, can correct for changes during storage as storage can have a similar effect on PMMoV RNA as on SARS-CoV-2 RNA. The reductions in SARS-CoV-2 RNA in solids during freeze thaws is less than those reported for the same target in liquid influent by several authors.",High Throughput RNA Extraction and PCR Inhibitor Removal of Settled Solids for Wastewater Surveillance of SARS-CoV-2 RNA,55692,1,https://www.protocols.io/view/high-throughput-rna-extraction-and-pcr-inhibitor-r-b2mkqc4w,3,High Throughput pre-analytical processing of wastewater settled solids for SARS-CoV-2 RNA analyses,0.8668,0.77,0.8118,1.0,1.0,0.687,3,High Throughput RNA Extraction and PCR Inhibitor Removal of Settled Solids for Wastewater Surveillance of SARS-CoV-2 RNA
Combine RNAscope FISH with immunohistochemistry on mouse brain sections to detect and quantify specific mRNA transcripts within defined neuronal cell populations at single-cell resolution.,42367214,"Understanding gene expression within defined neuronal populations is essential for dissecting the cellular and molecular diversity of the brain. mRNA assays provide a direct readout of gene expression, capturing transcriptional changes that may precede or occur independently of protein abundance, whereas protein assays reflect the cumulative effects of translation, modification, and degradation. Moreover, in histological analysis, immunohistochemical protein detection results in visually diffuse labeling, which makes it difficult to quantitatively assess levels and locations of expression at high resolution. Here, we present a protocol that allows for mRNA detection in single neuronal cell types with a high degree of sensitivity and anatomical resolution. This protocol combines fluorescent in situ hybridization (FISH) with immunohistochemistry (IHC) on the same tissue section. Briefly, FISH is carried out by ACDBio RNAscope® fluorescent in situ hybridization technology, which involves processing the tissue sections, followed by signal amplification. This involves target retrieval, probe hybridization, and signal enhancement. Then, the tissue section is processed for IHC, which involves blocking nonspecific sites and incubation with primary antibodies, followed by development of a fluorescent signal with secondary antibodies. Typically, visual mRNA detection with FISH can be seen as individual puncta, whereas targeting the protein with an antibody results in filled cells or processes. The variation in staining pattern allows for the quantification of distinct mRNA transcripts within different neuronal populations, which renders co-localization analyses easy and efficient. Key features • This protocol combines ACDBio RNAscopeTM technology with standard immunohistochemistry techniques. • Visual simultaneous detection of mRNA and protein expression within murine brain tissue to identify mRNA transcripts within specific neuronal subpopulations. • Using a custom macro code for FIJI/ImageJ for an efficient analysis of total mRNA expression or mRNA co-localization with neuronal subtypes. • This protocol can be used to detect any mRNA and protein combination given appropriate antigen retrieval and tissue preparation within any tissue type of interest.",An Introduction to the Performance of Immunohistochemistry,217486,0,https://www.protocols.io/view/an-introduction-to-the-performance-of-immunohistoc-gymnbxu5f,0,Combined RNAscope and immunohistochemistry labeling of fresh mouse midbrain tissue,0.3651,0.2541,0.3047,0.3161,0.33,0.5352,9,A RNAscope whole mount approach that can be combined with immunofluorescence to quantify differential distribution of mRNA.
Search for large serine recombinases with high efficiency for site-specific integration of large DNA payloads into human cells without double-strand breaks.,36217031,"Large serine recombinases (LSRs) are DNA integrases that facilitate the site-specific integration of mobile genetic elements into bacterial genomes. Only a few LSRs, such as Bxb1 and PhiC31, have been characterized to date, with limited efficiency as tools for DNA integration in human cells. In this study, we developed a computational approach to identify thousands of LSRs and their DNA attachment sites, expanding known LSR diversity by >100-fold and enabling the prediction of their insertion site specificities. We tested their recombination activity in human cells, classifying them as landing pad, genome-targeting or multi-targeting LSRs. Overall, we achieved up to seven-fold higher recombination than Bxb1 and genome integration efficiencies of 40–75% with cargo sizes over 7 kb. We also demonstrate virus-free, direct integration of plasmid or amplicon libraries for improved functional genomics applications. This systematic discovery of recombinases directly from microbial sequencing data provides a resource of over 60 LSRs experimentally characterized in human cells for large-payload genome insertion without exposed DNA double-stranded breaks. Screening recombinases identifies tools for inserting large sequences into the human genome.",Tn5 Library Prep for Deep Sequencing Loci of CRISPR/Cas9 Edited Cells. Single gene specific primer amplification (UDiTaS protocol with alterations),28026,1,https://www.protocols.io/view/tn5-library-prep-for-deep-sequencing-loci-of-crisp-7k2hkye,0,Efficient site-specific integration of large genes in mammalian cells via continuously evolved recombinases and prime editing.,0.4788,0.4305,0.5357,0.5113,0.5482,0.5197,3,Drag-and-drop genome insertion of large sequences without double-strand DNA cleavage using CRISPR-directed integrases.
Comparative genomics analysis of parasitic nematodes and flatworms to identify expanded gene families and potential drug targets across multiple worm species.,30397333,"Parasitic nematodes (roundworms) and platyhelminths (flatworms) cause debilitating chronic infections of humans and animals, decimate crop production and are a major impediment to socioeconomic development. Here we report a broad comparative study of 81 genomes of parasitic and non-parasitic worms. We have identified gene family births and hundreds of expanded gene families at key nodes in the phylogeny that are relevant to parasitism. Examples include gene families that modulate host immune responses, enable parasite migration though host tissues or allow the parasite to feed. We reveal extensive lineage-specific differences in core metabolism and protein families historically targeted for drug development. From an in silico screen, we have identified and prioritized new potential drug targets and compounds for testing. This comparative genomics resource provides a much-needed boost for the research community to understand and combat parasitic worms. Comparative study of 81 genomes of parasitic and non-parasitic worms identifies gene family births and expanded gene families at key nodes in the phylogeny that are relevant to parasitism and proteins historically targeted for drug development.",A MAKER pipeline for prediction of protein-coding genes in parasitic worm genomes,"122011,122015,122022,122026,122028,122029",1,https://www.protocols.io/view/a-maker-pipeline-for-prediction-of-protein-coding-d3ei8jce,3,"Finding set of ""core genes"" for Nematoda, Trematoda and Cestoda",0.3979,0.4755,0.4489,0.5589,0.5892,0.5817,6,Dipylidium caninum draft genome - a new resource for comparative genomic and genetic explorations of flatworms.
Epigenome-wide DNA methylation differences in white blood cells associated with intravenous drug use and hepatitis C coinfection in HIV-positive patients.,29269866,"Intravenous illicit drug use (IDU) and hepatitis C infection (HCV) commonly co-occur among HIV-infected individuals. These co-occurring conditions may produce interacting epigenetic effects in white blood cells that influence immune function and health outcomes. Here, we report an epigenome-wide association analysis comparing IDU+/ HCV+ and IDU−/HCV− in 386 HIV-infected individuals as a discovery sample and in 412 individuals as a replication sample. We observe 6 significant CpGs in the promoters of 4 genes, NLRC5, TRIM69, CX3CR1, and BCL9, in the discovery sample and in meta-analysis. We identify 19 differentially methylated regions on chromosome 6 harboring MHC gene clusters. Importantly, a panel of IDU+/HCV+-associated CpGs discriminated HIV frailty based upon a validated index with an area under the curve of 79.3% for high frailty and 82.3% for low frailty. These findings suggest that IDU and HCV involve epigenetic programming and that their associated methylation signatures discriminate HIV pathophysiologic frailty. Intravenous illicit drug use (IDU) and hepatitis C infection (HCV) often occur among HIV-infected individuals. Here, the authors report an epigenome-wide association analysis of IDU and HCV in HIV-infected individuals, finding that their associated methylation signatures inform HIV frailty.",DNA methylation signatures analysis with Illumina Infinitum MethylationEPIC and Infinium Human Methylation 450K BeadChip,121966,2,https://www.protocols.io/view/dna-methylation-signatures-analysis-with-illumina-d3cn8ive,1,DNA methylation signatures analysis with Illumina Infinitum MethylationEPIC and Infinium Human Methylation 450K BeadChip,1.0,1.0,0.442,1.0,1.0,0.442,1,DNA methylation signatures analysis with Illumina Infinitum MethylationEPIC and Infinium Human Methylation 450K BeadChip
"How do lymphatic endothelial cells form new vessels in adult pathological models like corneal assay and lymphangioma, examined by transmission electron microscopy?",21702933,"BackgroundAbnormal lymphatic vessel formation (lymphangiogenesis) is associated with different pathologies such as cancer, lymphedema, psoriasis and graft rejection. Lymphatic vasculature displays distinctive features than blood vasculature, and mechanisms underlying the formation of new lymphatic vessels during physiological and pathological processes are still poorly documented. Most studies on lymphatic vessel formation are focused on organism development rather than lymphangiogenic events occurring in adults. We have here studied lymphatic vessel formation in two in vivo models of pathological lymphangiogenesis (corneal assay and lymphangioma). These data have been confronted to those generated in the recently set up in vitro model of lymphatic ring assay. Ultrastructural analyses through Transmission Electron Microscopy (TEM) were performed to investigate tube morphogenesis, an important differentiating process observed during endothelial cell organization into capillary structures.ResultsIn both in vivo models (lymphangiogenic corneal assay and lymphangioma), migrating lymphatic endothelial cells extended long processes exploring the neighboring environment and organized into cord-like structures. Signs of intense extracellular matrix remodeling were observed extracellularly and inside cytoplasmic vacuoles. The formation of intercellular spaces between endothelial cells led to tube formation. Proliferating lymphatic endothelial cells were detected both at the tips of sprouting capillaries and inside extending sprouts. The different steps of lymphangiogenesis observed in vivo are fully recapitulated in vitro, in the lymphatic ring assay and include: (1) endothelial cell alignment in cord like structure, (2) intracellular vacuole formation and (3) matrix degradation.ConclusionsIn this study, we are providing evidence for lymphatic vessel formation through tunneling relying on extensive matrix remodeling, migration and alignment of sprouting endothelial cells into tubular structures. In addition, our data emphasize the suitability of the lymphatic ring assay to unravel mechanisms underlying lymphangiogenesis.",The lymphatic ring assay: a 3D-culture model of lymphangiogenesis,121131,3,https://www.protocols.io/view/the-lymphatic-ring-assay-a-3d-culture-model-of-lym-d2ij8ccn,0,Preparation of tissue for transmission electron microscopy ultrastructural analysis,0.196,0.1457,0.1498,0.5067,0.4625,0.474,4,Lymphatic endothelial cell line (CH3) from a recurrent retroperitoneal lymphangioma.
How does alanyl-tRNA synthetase maintain chiral selectivity against D-alanine and what role does DTD play in correcting D-amino acid mischarging during translation?,36951106,"Abstract Homochirality of the cellular proteome is attributed to the L-chiral bias of the translation apparatus. The chiral specificity of enzymes was elegantly explained using the ‘four-location’ model by Koshland two decades ago. In accordance with the model, it was envisaged and noted that some aminoacyl-tRNA synthetases (aaRS) that charge larger amino acids are porous to D-amino acids. However, a recent study showed that alanyl-tRNA synthetase (AlaRS) can mischarge D-alanine and that its editing domain, but not the universally present D-aminoacyl-tRNA deacylase (DTD), is responsible for correcting the chirality-based error. Here, using in vitro and in vivo data coupled with structural analysis, we show that AlaRS catalytic site is a strict D-chiral rejection system and therefore does not activate D-alanine. It obviates the need for AlaRS editing domain to be active against D-Ala-tRNAAla and we show that it is indeed the case as it only corrects L-serine and glycine mischarging. We further provide direct biochemical evidence showing activity of DTD on smaller D-aa-tRNAs that corroborates with the L-chiral rejection mode of action proposed earlier. Overall, while removing anomalies in the fundamental recognition mechanisms, the current study further substantiates how chiral fidelity is perpetuated during protein biosynthesis.",Preparation of materials for flexizyme reactions and genetic code reprogramming,121325,1,https://www.protocols.io/view/preparation-of-materials-for-flexizyme-reactions-a-d2qm8du6,0,Trans-editing by aminoacyl-tRNA synthetase-like editing domains.,0.2757,0.5136,0.6466,0.2757,0.5136,0.6466,2,Trans-editing by aminoacyl-tRNA synthetase-like editing domains.
Single-cell RNA sequencing protocol for anaerobic Bacteroidota gut bacteria using FACS sorting and MATQ-seq with ribosomal RNA depletion in Bacteroides thetaiotaomicron.,42391002,"Summary Single-cell RNA sequencing is increasingly applied to bacterial model species, but a dedicated technique for anaerobic microbiota members of the Bacteroidota phylum has been lacking. Here, working with Bacteroides thetaiotaomicron, we describe experimental steps for transcriptome stabilization, fluorescence-activated cell sorting (FACS) collection, and optimized lysis of single cells from this group of organisms. We detail procedures for reverse transcription of RNAs via the multiple annealing and dC-tailing-based quantitative single-cell RNA sequencing (MATQ-seq) protocol, sensitive Cas9-based depletion of ribosomal sequences, and cDNA library generation. For complete details on the use and execution of this protocol, please refer to Bornet et al.1",A MATQ-seq-Based Protocol for Single-Cell RNA-seq in Bacteria,258601,1,https://www.protocols.io/view/a-matq-seq-based-protocol-for-single-cell-rna-seq-h8shb9wb7,0,MATQ-seq protocol,0.5697,0.7393,0.527,0.5697,0.7393,0.527,2,MATQ-seq protocol
"Multiomics longitudinal profiling of serial biopsies from a metastatic breast cancer patient to track tumor evolution, immune microenvironment changes, and therapy resistance mechanisms over time.",35243422,"Summary Mechanisms of therapeutic resistance and vulnerability evolve in metastatic cancers as tumor cells and extrinsic microenvironmental influences change during treatment. To support the development of methods for identifying these mechanisms in individual people, here we present an omic and multidimensional spatial (OMS) atlas generated from four serial biopsies of an individual with metastatic breast cancer during 3.5 years of therapy. This resource links detailed, longitudinal clinical metadata that includes treatment times and doses, anatomic imaging, and blood-based response measurements to clinical and exploratory analyses, which includes comprehensive DNA, RNA, and protein profiles; images of multiplexed immunostaining; and 2- and 3-dimensional scanning electron micrographs. These data report aspects of heterogeneity and evolution of the cancer genome, signaling pathways, immune microenvironment, cellular composition and organization, and ultrastructure. We present illustrative examples of how integrative analyses of these data reveal potential mechanisms of response and resistance and suggest novel therapeutic vulnerabilities.",HTAN Multiplex IHC Image Cytometry V0.1,47595,0,https://www.protocols.io/view/htan-multiplex-ihc-image-cytometry-v0-1-bsqjndun,0,HTAPP_Dissociation of human metastatic breast cancer core needle biopsy to a single-cell suspension for single-cell RNA-seq,0.3316,0.4229,0.405,0.2498,0.5031,0.4807,8,Multiplexed Quantitative Proteomic Profiling of Cancer Cells and Tissues Using Isobaric Labeling-Based Tags
Review 3D in vitro human skin models as alternatives to animal testing for toxicology and risk assessment studies.,39359233,"Abstract In current toxicological research, 2D cell cultures and animal models are well- accepted and commonly employed methods. However, these approaches have many drawbacks and are distant from the actual environment in human. To embrace this, great efforts have been made to provide alternative methods for non-animal skin models in toxicology studies with the need for more mechanistically informative methods. This review focuses on the current state of knowledge regarding the in vitro 3D skin model methods, with different functional states that correspond to the sustainability in the field of toxicology testing. We discuss existing toxicology testing methods using in vitro 3D skin models which provide a better understanding of the testing requirements that are needed. The challenges and future landscape in using the in vitro 3D skin models in toxicology testing are also discussed. We are confident that the in vitro 3D skin models application may become an important tool in toxicology in the context of risk assessment.",Introduction to Cell Culture,237191,0,https://www.protocols.io/view/introduction-to-cell-culture-hjvfb4n3p,0,Skin Equivalent Models: Protocols for In Vitro Reconstruction for Dermal Toxicity Evaluation.,0.2813,0.3535,0.6576,0.6355,0.6396,0.4941,7,Primary Human Fibroblast Cell Culture
Does LT4-induced subclinical hyperthyroidism cause oxidative stress and redox imbalance in thyroidectomy patients receiving TSH suppression therapy?,30462808,"ABSTRACT Objective: Evaluate the relationship between exogenous subclinical hyperthyroidism and oxidative stress through the analysis of the redox profile of patients with subclinical hyperthyroidism exogenous (SCH) grade I (TSH = 0.1 to 0.4 IU/mL) and grade II (TSH < 0.1 IU/mL). Subjects and methods: We analyzed 46 patients with SCH due to the use of TSH suppressive therapy with LT4 after total thyroidectomy along with 6 control euthyroid individuals (3M and 3W). Patients were divided into two groups, G1 with TSH ≥ 0.1-0.4 IU/mL (n = 25; and 7M 14W) and G2 with TSH < 0.1 IU/mL (n = 25; and 4M 21W). Venous blood samples were collected to measure the levels of markers for oxidative damage (TBARS, FOX and protein carbonylation), muscle and liver damage (CK, AST, ALT, GGT) and antioxidants (GSH, GSSG and catalase). Results: Individuals in G2 showed a GSH/GSSG ratio ~ 30% greater than those in G1 (p = 0.004) and a catalase activity that was 4 times higher (p = 0.005). For lipid peroxidation, the levels measured in G2 were higher than both control and G1 (p = 0.05). No differences were observed for both protein carbonyl markers. G1 and G2 presented with greater indications of cell injury markers than the control group. Conclusion: TSH suppression therapy with LT4 that results in subclinical hyperthyroidism can cause a redox imbalance. The greater antioxidant capacity observed in the more suppressed group was not sufficient to avoid lipid peroxidation and cellular damage.",Thiobarbituric acid reactive substances (TBARS) Assay,24110,1,https://www.protocols.io/view/thiobarbituric-acid-reactive-substances-tbars-assa-3sngnde,0,UC Davis - Glutathione Peroxidase,0.1485,0.1917,0.3941,0.2326,0.2894,0.4143,10,"Determination of oxidative stress in 3-dimensional reconstructed human tissues grown at the air-liquid interface using Promega’s GSH/GSSG-Glo™ Assay kit, using single lysate preparations
"
Optimized protocol for isolating and maintaining quiescent hepatic stellate cells from mouse liver using Nycodenz gradient and serum-free culture conditions to study fibrosis activation in vitro.,33350435,"Abstract Liver fibrosis (LF) mortality rate is approximately 2 million per year. Irrespective of the etiology of LF, a key element in its development is the transition of hepatic stellate cells (HSCs) from a quiescent phenotype to a myofibroblast-like cell with the production of fibrotic proteins. It is necessary to define optimal isolation and culturing conditions for good HSCs yield and proper phenotype preservation for studying the activation of HSCs in vitro. In the present study, the optimal conditions of HSC isolation and culture were examined to maintain the HSC’s undifferentiated phenotype. HSCs were isolated from Balb/c mice liver using Nycodenz, 8, 9.6, and 11%. The efficiency of the isolation procedure was evaluated by cell counting and purity determination by flow cytometry. Quiescent HSCs were cultured in test media supplemented with different combinations of fetal bovine serum (FBS), glutamine (GLN), vitamin A (vitA), insulin, and glucose. The cells were assessed at days 3 and 7 of culture by evaluating the morphology, proliferation using cell counting kit-8, lipid storage using Oil Red O (ORO) staining, expression of a-smooth muscle actin, collagen I, and lecithin-retinol acyltransferase by qRT-PCR and immunocytochemistry (ICC). The results showed that Nycodenz, at 9.6%, yielded the best purity and quantity of HSCs. Maintenance of HSC undifferentiated phenotype was achieved optimizing culturing conditions (serum-free Dulbecco’s Modified Eagle’s Medium (DMEM) supplemented with glucose (100 mg/dl), GLN (0.5 mM), vitA (100 μM), and insulin (50 ng/ml)) with a certain degree of proliferation allowing their perpetuation in culture. In conclusion, we have defined optimal conditions for HSCs isolation and culture.",Isolation and Culture of Primary Murine Hepatic Stellate Cells,281914,0,https://www.protocols.io/view/isolation-and-culture-of-primary-murine-hepatic-st-ixi2cfkgf,2,High-yield and high-purity isolation of hepatic stellate cells from normal and fibrotic mouse livers.,0.8535,0.7598,0.8771,1.0,0.997,0.7942,2,Isolation and Culture of Primary Murine Hepatic Stellate Cells
Compare metabarcoding versus morphology-based taxonomy for assessing meiofaunal biodiversity in benthic invertebrate communities to identify method-dependent biases in diversity estimates.,30271992,"Accurate assessments of biodiversity are crucial to advising ecosystem-monitoring programs and understanding ecosystem function. Nevertheless, a standard operating procedure to assess biodiversity accurately and consistently has not been established. This is especially true for meiofauna, a diverse community (>20 phyla) of small benthic invertebrates that have fundamental ecological roles. Recent studies show that metabarcoding is a cost-effective and time-effective method to estimate meiofauna biodiversity, in contrast to morphological-based taxonomy. Here, we compare biodiversity assessments of a diverse meiofaunal community derived by applying multiple taxonomic methods based on comparative morphology, molecular phylogenetic analysis, DNA barcoding of individual specimens, and metabarcoding of environmental DNA. We show that biodiversity estimates are strongly biased across taxonomic methods and phyla. Such biases affect understanding of community structures and ecological interpretations. This study supports the urgency of improving aspects of environmental high-throughput sequencing and the value of taxonomists in correctly understanding biodiversity estimates. Francesca Leasi et al. report a comparison of approaches for estimating meiofauna diversity, including metabarcoding and other morphological-based taxonomy methods. They show bias in estimates based on methods and phyla, highlighting the need for a standard procedure for assessing biodiversity.",Isolation of marine meiofauna from sandy sediments: from decanting to DNA extraction.,121300,0,https://www.protocols.io/view/isolation-of-marine-meiofauna-from-sandy-sediments-d2pu8dnw,3,Sediment DNA metabarcoding and morphology provide complementary insight into macrofauna and meiobenthos response to environmental gradients in an Arctic glacial fjord.,0.5573,0.4509,0.4539,1.0,0.9849,0.4985,3,Isolation of marine meiofauna from sandy sediments: from decanting to DNA extraction.
Comparing proteomes of mouse macrophage cell lines like RAW264.7 and J774A.1 versus primary bone marrow-derived macrophages using mass spectrometry to find the best model for inflammation research.,39510801,"In this article, we characterised multiple murine macrophage cell models by proteomics and identified significant differences compared with bone marrow–derived macrophages. Immortalised cell lines that mimic their primary cell counterparts are fundamental to research, particularly when large cell numbers are required. Here, we report that immortalisation of bone marrow–derived macrophages (iBMDMs) using the J2 virus resulted in the loss of a protein of interest, MSR1, in WT cells by an unknown mechanism. This led us to perform an in-depth mass spectrometry–based proteomic characterisation of common murine macrophage cell lines (J774A.1, RAW264.7, and BMA3.1A7), in comparison with the iBMDMs, as well as primary BMDMs from both C57BL/6 and BALB/c mice. This analysis revealed striking differences in protein profiles associated with macrophage polarisation, phagocytosis, pathogen recognition, and interferon signalling. Among the cell lines, J774A.1 cells were the most similar to the gold standard primary BMDM model, whereas BMA3.1A7 cells were the least similar because of the reduction in abundance of several key proteins related closely to macrophage function. This comprehensive proteomic dataset offers valuable insights into the use and suitability of macrophage cell lines for cell signalling and inflammation research.",Growing Murine Bone Marrow-Derived Macrophages,"162311,206474",0,https://www.protocols.io/view/growing-murine-bone-marrow-derived-macrophages-gmvibu64f,3,A Guide to Mass Spectrometry-Based Quantitative Proteomics,0.0895,0.2534,0.6237,1.0,0.9235,0.6156,3,Growing Murine Bone Marrow-Derived Macrophages
"How do basement membrane gaps form during vulval invasion in C. elegans, and what role do integrins play in regulating basement membrane remodeling?",21572423,"Large gaps in basement membrane occur at sites of cell invasion and tissue remodelling in development and cancer. Though never followed directly in vivo, basement membrane dissolution or reduced synthesis have been postulated to create these gaps. Using landmark photobleaching and optical highlighting of laminin and type IV collagen, we find that a new mechanism, basement membrane sliding, underlies basement membrane gap enlargement during uterine–vulval attachment in Caenorhabditis elegans. Laser ablation and mutant analysis reveal that the invaginating vulval cells promote basement membrane movement. Further, an RNA interference and expression screen identifies the integrin INA-1/PAT-3 and VAB-19, homologue of the tumour suppressor Kank, as regulators of basement membrane opening. Both concentrate within vulval cells at the basement membrane gap boundary and halt expansion of the shifting basement membrane. Basement membrane sliding followed by targeted adhesion represents a new mechanism for creating precise basement membrane breaches that can be used by cells to break down compartment boundaries.",Optically Highlighting Basement Membrane Components in C. elegans,121336,1,https://www.protocols.io/view/optically-highlighting-basement-membrane-component-d2qy8dxw,6,Boundary cells restrict dystroglycan trafficking to control basement membrane sliding during tissue remodeling.,0.3581,0.4921,0.7409,1.0,0.9534,0.6655,6,Optically Highlighting Basement Membrane Components in C. elegans
How to optimize PCR conditions for amplifying a high GC-content EGFR promoter region to detect SNPs at positions -216G>T and -191C>A?,24218132,"Polymerase chain reaction (PCR) is an extremely sensitive method that often demands optimization, especially when difficult templates need to be amplified. The aim of the present study was to optimize the PCR conditions for amplification of the epidermal growth factor receptor (EGFR) promoter sequence featuring an extremely high guanine‐cytosine (GC) content in order to detect single nucleotide polymorphisms ‐216G>T and ‐191C>A.",Optimization of Polymerase Chain Reactions,239411,0,https://www.protocols.io/view/optimization-of-polymerase-chain-reactions-hm2tb48ep,4,High GC-content PCR,0.169,0.5655,0.4679,1.0,0.975,0.6362,4,Optimization of Polymerase Chain Reactions
Genome-wide STARR-seq screen to identify active enhancers in human cells while controlling for plasmid-based artifacts like interferon response and ORI promoter activity.,29256496,"The identification of transcriptional enhancers in the human genome is a prime goal in biology. Enhancers are typically predicted via chromatin marks, yet their function is primarily assessed with plasmid-based reporter assays. Here, we show that such assays are rendered unreliable by two previously reported phenomena relating to plasmid transfection into human cells: (i) the bacterial plasmid origin of replication (ORI) functions as a conflicting core promoter and (ii) a type I interferon (IFN-I) response is activated. These cause confounding false positives and negatives in luciferase assays and STARR-seq screens. We overcome both problems by employing the ORI as core promoter and by inhibiting two IFN-I-inducing kinases, enabling genome-wide STARR-seq screens in human cells. In HeLa-S3 cells, we uncover strong enhancers, IFN-I-induced enhancers, and enhancers endogenously silenced at the chromatin level. Our findings apply to all episomal enhancer activity assays in mammalian cells and are key to the characterization of human enhancers.",STARR-seq Library Preparation,"121971,121973,121974,121975",0,https://www.protocols.io/view/starr-seq-library-preparation-d3ct8iwn,4,"STARR-seq and UMI-STARR-seq: Assessing Enhancer Activities for Genome-Wide-, High-, and Low-Complexity Candidate Libraries.",0.5401,0.7548,0.5734,1.0,0.9976,0.4447,4,STARR-seq Library Preparation
Assessing heavy metal contamination and land capability classification of agricultural soils in Abu Dhabi using geochemical indices and multivariate statistics.,33923007,"The aim of this study was twofold. Firstly, we performed a land capability class determination of the agricultural soils from the Abu Dhabi Emirate, the United Arab Emirates, based on the concentrations of 17 chemical elements determined in the soil samples collected from 84 locations. Secondly, we assess the soil pollution with different metals, using several pollution indices. The results of Principal Component Analysis (PCA) shows that four principal components (PCs) are responsible for describing the total metals concentrations’ variance, the highest contribution on PC1 being that of Mn, and Cr, on PC2 that of Fe, on PC3 that of Cu, and on PC4 that of Al. After determining the optimal number of clusters, we classified the sites into three clusters, while the studied metals were grouped function on their concentrations. Then, we used five indices to assess the pollution level of the soil at the study sites and in the clusters. The geo—accumulation index (Igeo) indicates uncontamination/moderately contamination with Cu in cluster 1, uncontaminated/moderately contaminate soils with Cd, Cu, and Ni in cluster 2, and uncontaminated/moderately contaminated soil with Cu and moderately contaminated with Pb, Zn, and Ni in cluster 3. By comparison, the enrichment factors overestimate the pollution of the studied sites. The pollution load index (PLI) indicates a baseline level of pollution at 14 sites and the deterioration of the soil quality at four sites. The Nemerow pollution index provides similar results as PLI.",Soil Sampling and Preparation for Soil Chemical Analysis,20442,0,https://www.protocols.io/view/soil-sampling-and-preparation-for-soil-chemical-an-x72frqe,2,XRF Soil Sample Preparation,0.5818,0.5843,0.4297,1.0,1.0,0.5085,2,Soil Sampling and Preparation for Soil Chemical Analysis
"Optimized sheep somatic cell nuclear transfer protocol combining zona-free cloning, embryo aggregation, and caffeine-based cytoplast activation control to improve blastocyst development and offspring production efficiency.",33529123,"Zona-free somatic cell transfer (SCT) and embryo aggregation increase throughput and efficiency of cloned embryo and offspring production, respectively, but both approaches have not been widely adopted. Cloning efficiency is further improved by cell cycle coordination between the interphase donor cell and metaphase-arrested recipient cytoplast. This commonly involves inclusion of caffeine and omission of calcium to maintain high mitotic cyclin-dependent kinase activity and low calcium levels, respectively, in the nonactivated cytoplast. The aim of our study was to integrate these various methodological improvements into a single work stream that increases sheep cloning success. We show that omitting calcium during zona-free SCT improved blastocyst development from 6% to 13%, while caffeine treatment reduced spontaneous oocyte activation from 17% to 8%. In a retrospective analysis, morula aggregation produced high morphological quality blastocysts with better in vivo survival to term than nonaggregated controls (15% vs. 9%), particularly after vitrification (14% vs. 0%). By combining cytoplast cell cycle control with zona-free embryo reconstruction and aggregation, this novel SCT protocol maximizes the benefits of vitrification by producing more cryoresilient blastocysts. The presented cloning methodology is relatively easy to operate and further increases throughput and efficiency of cloned embryo and offspring production. Integration of additional reprogramming steps or alternate donor cells is straightforward, providing a flexible workflow that can be adapted to changing experimental requirements.",Generating cloned sheep embryos by zona-free somatic cell transfer,35043,2,https://www.protocols.io/view/generating-cloned-sheep-embryos-by-zona-free-somat-begbjbsn,1,Generating cloned sheep embryos by zona-free somatic cell transfer,1.0,0.9963,0.825,1.0,0.9963,0.825,1,Generating cloned sheep embryos by zona-free somatic cell transfer
Monitoring diabetic versus normal cutaneous wound healing in adult zebrafish using optical coherence tomography angiography to track vascular and tissue remodeling over time.,37237607,"A diabetic wound presents a severe risk of infections and other complications because of its slow healing. Evaluating the pathophysiology during wound healing is imperative for wound care, necessitating a proper diabetic wound model and assay for monitoring. The adult zebrafish is a rapid and robust model for studying human cutaneous wound healing because of its fecundity and high similarities to human wound repair. OCTA as an assay can provide three-dimensional (3D) imaging of the tissue structure and vasculature in the epidermis, enabling monitoring of the pathophysiologic alterations in the zebrafish skin wound. We present a longitudinal study for assessing the cutaneous wound healing of the diabetic adult zebrafish model using OCTA, which is of importance for the diabetes research using the alternative animal models. We used non-diabetic (n = 9) and type 1 diabetes mellitus (DM) adult zebrafish models (n = 9). The full-thickness wound was generated on the fish skin, and the wound healing was monitored with OCTA for 15 days. The OCTA results demonstrated significant differences between diabetic and non-diabetic wound healing, involving delayed tissue remodeling and impaired angiogenesis for the diabetic wound, leading to slow wound recovery. The adult zebrafish model and OCTA technique may benefit long-term metabolic disease studies using zebrafish for drug development.",Ablation of ß-cells in Tg(ins:NTR-mCherry) transgenic zebrafish using metronidazole,28876,1,https://www.protocols.io/view/ablation-of-cells-in-tg-ins-ntr-mcherry-transgenic-8fkhtkw,2,Ablation of ß-cells in Tg(ins:NTR-mCherry) transgenic zebrafish using metronidazole,1.0,0.9972,0.4772,1.0,0.9972,0.4772,2,Ablation of ß-cells in Tg(ins:NTR-mCherry) transgenic zebrafish using metronidazole
Pull down vault RNA binding proteins from human lung epithelial cells using antisense DNA probes and UV crosslinking followed by mass spectrometry to identify vtRNA interactors.,41800616,"Summary Vault RNAs (vtRNAs) are a family of four small non-coding RNAs (ncRNAs). Here, we present a protocol to identify protein interactors of vtRNA1-1, vtRNA1-2, and vtRNA1-3 in human lung epithelial cells through RNA antisense purification coupled to mass spectrometry (RAP-MS). We describe steps for using biotinylated vtRNA-specific antisense DNA probes to isolate vtRNA-protein complexes that are covalently crosslinked by treatment with ultraviolet (UV) light, followed by mass spectrometry-based analysis. This protocol can be adapted to other cells or small ncRNAs. For complete details on the use and execution of this protocol, please refer to Stok et al.1",RIP: RNA Immunoprecipitation,200568,0,https://www.protocols.io/view/rip-rna-immunoprecipitation-gf4ybtqxx,0,FLASH,-0.0331,0.4874,0.386,0.4262,0.5027,0.5212,2,"CRISPR-Assisted Detection of RNA-Protein Interactions in Living Cells
"
Comparing bioinformatics tools for metatranscriptomic analysis of Microcystis harmful algal blooms to determine which best captures gene expression and community composition.,35528780,"Harmful algal blooms are increasing in duration and severity globally, resulting in increased research interest. The use of genetic sequencing technologies has provided a wealth of opportunity to advance knowledge, but also poses a risk to that knowledge if handled incorrectly. The vast numbers of sequence processing tools and protocols provide a method to test nearly every hypothesis, but each method has inherent strengths and weaknesses. Here, we tested six methods to classify and quantify metatranscriptomic activity from a harmful algal bloom dominated by Microcystis spp. Three online tools were evaluated (Kaiju, MG‐RAST, and GhostKOALA) in addition to three local tools that included a command line BLASTx approach, recruitment of reads to individual Microcystis genomes, and recruitment to a combined Microcystis composite genome generated from sequenced isolates with complete, closed genomes. Based on the analysis of each tool presented in this study, two recommendations are made that are dependent on the hypothesis to be tested. For researchers only interested in the function and physiology of Microcystis spp., read recruitments to the composite genome, referred to as “Frankenstein's Microcystis,” provided high total estimates of transcript expression. However, for researchers interested in the entire bloom microbiome, the online GhostKOALA annotation tool, followed by subsequent read recruitments, provided functional and taxonomic characterization, in addition to transcript expression estimates. This study highlights the critical need for careful evaluation of methods before data analysis.",Creating a Frankenstein&#39;s Genome,"28312,38526,49795,49797,51001",1,https://www.protocols.io/view/creating-a-frankenstein-39-s-genome-bv2zn8f6,3,RNA extraction from Sterivex filters: An optimized protocol for metatranscriptomics in aquatic microbiomes,0.2114,0.3338,0.5551,0.3805,0.5036,0.5505,8,Metagenomics Bioinformatic Pipeline
Comparing ultrafiltration versus iron chloride flocculation for concentrating and purifying viral DNA from wastewater and environmental water samples before metagenomic sequencing.,33996275,"Viral metagenomes (viromes) are a valuable untargeted tool for studying viral diversity and the central roles viruses play in host disease, ecology, and evolution. Establishing effective methods to concentrate and purify viral genomes prior to sequencing is essential for high quality viromes. Using virus spike-and-recovery experiments, we stepwise compared two common approaches for virus concentration, ultrafiltration and iron chloride flocculation, across diverse matrices: wastewater influent, wastewater secondary effluent, river water, and seawater. Viral DNA was purified by removing cellular DNA via chloroform cell lysis, filtration, and enzymatic degradation of extra-viral DNA. We found that viral genomes were concentrated 1-2 orders of magnitude more with ultrafiltration than iron chloride flocculation for all matrices and resulted in higher quality DNA suitable for amplification-free and long-read sequencing. Given its widespread use and utility as an inexpensive field method for virome sampling, we nonetheless sought to optimize iron flocculation. We found viruses were best concentrated in seawater with 5-fold higher iron concentrations than the standard used, inhibition of DNase activity reduced purification effectiveness, and five-fold more iron was needed to flocculate viruses from freshwater than seawater—critical knowledge for those seeking to apply this broadly used method to freshwater virome samples. Overall, our results demonstrated that ultrafiltration and purification performed better than iron chloride flocculation and purification in the tested matrices. Given that the method performance depended on the solids content and salinity of the samples, we suggest spike-and-recovery experiments be applied when concentrating and purifying sample types that diverge from those tested here. Importance Viruses in diverse habitats numerically dominate microbial community members and are consequential for host fate and responsible for disease outbreaks. Metagenomics has provided novel insights into their presence, diversity, and ecosystem impacts. Yet the approach is hindered by the challenge that, despite their numbers, viral genomes comprise a minor portion of total community DNA in a sample. To comprehensively describe a viral community with metagenomics, viral genomes must be effectively concentrated and purified to capture low abundance and rare viruses amidst the overwhelming presence of cellular genomic DNA. We evaluated two commonly applied methods for concentrating and purifying viral DNA, ultrafiltration and iron chloride flocculation, across four aquatic sample types that differ in their solids content and salinity. Our findings demonstrated the importance of sample characteristics for method effectivity and provided performance measures for a variety of matrices. These findings contribute a more comprehensive understanding of the impacts of virome sample preparation across diverse matrices and are thus important for guiding future virome studies, given the wide range of habitats in which viruses are studied.",0.1M EDTA-0.2M MgCl2-0.2M Ascorbate Buffer,822,1,https://www.protocols.io/view/0-1M-EDTA-0-2M-MgCl2-0-2M-Ascorbate-Buffer-c2yyfv,2,Iron Chloride Precipitation of Viruses from Seawater,0.129,0.3193,0.7087,0.1253,0.3988,0.6522,3,Resuspension and concentration of iron chloride precipitated viruses from seawater for HMW DNA extraction
Using FIB/SEM serial cross-sections to visualize chromatin fiber organization and diameter distribution inside human metaphase chromosomes.,32488088,"During cell division, mitotic chromosomes assemble and are equally distributed into two new daughter cells. The chromosome organisation of the two chromatids is essential for even distribution of genetic materials. Although the 11-nm fibre or nucleosome structure is well-understood as a fundamental fibrous structure of chromosomes, the reports on organisation of 30-nm basic chromatin fibres have been controversial, with debates on the contribution of 30-nm or thicker fibres to the higher order inner structure of chromosomes. Here, we used focused ion beam/scanning electron microscopy (FIB/SEM) to show that both 11-nm and 30-nm fibres are present in the human metaphase chromosome, although the higher-order periodical structure could not be detected under the conditions employed. We directly dissected the chromosome every 10-nm and observed 224 cross-section SEM images. We demonstrated that the chromosome consisted of chromatin fibres of an average diameter of 16.9-nm. The majority of the chromatin fibres had diameters between 5 and 25-nm, while those with 30-nm were in the minority. The reduced packaging ratio of the chromatin fibres was detected at axial regions of each chromatid. Our results provide a strong basis for further discussions on the chromosome higher-order structure.",Isolation method for human metaphase chromosomes,121164,0,https://www.protocols.io/view/isolation-method-for-human-metaphase-chromosomes-d2jk8ckw,2,Focused ion beam (FIB) combined with high resolution scanning electron microscopy: a promising tool for 3D analysis of chromosome architecture.,0.3662,0.4189,0.5553,1.0,1.0,0.5727,2,Isolation method for human metaphase chromosomes
Isolating and genetically characterizing new marine phytoplankton strains from Canadian waters using long-read sequencing of rRNA genes to build reference databases for species identification.,39664262,"Abstract As important primary producers and key components of biogeochemical processes, phytoplankton communities are highly diverse and continually adapt to changes in the environment, impacting the entire marine ecosystem. Consequently, it remains important to isolate, culture and properly describe new phytoplankton strains to provide relevant model organisms for laboratory research and accurate reference sequences for identification. Here, 73 phytoplankton strains from the eastern Canadian waters were isolated and genetically characterized using a long rRNA fragment (~4000 bp) covering the 18S, ITS and 28S rRNA regions generated with long-read sequencing technology. While most strains (66%) were accurately identified using the partial 18S rRNA gene (~1200 bp—V4–V9), this study broadens the current 28S rRNA reference database by incorporating 41 distinct strains including 30 unique species. In addition, previously unpublished long-read reference sequences were generated for a few genera, including Picochlorum and Droopiella. Species that were previously poorly described in the eastern Canadian waters were also genetically characterized, including a Chaetoceros similis strain. Overall, this work expands the total number of long-read references, an essential resource for accurate identification of phytoplankton and environmental sequences, thereby advancing the taxonomic resolution that could lead to a better understanding of environmental microbial diversity.","Metabarcoding using MinION: PCR, Multiplexing and Library Preparation",38081,1,https://www.protocols.io/view/metabarcoding-using-minion-pcr-multiplexing-and-li-bhe9j3h6,0,Microbial DNA extraction from seawater filters using the E.Z.N.A.® Water DNA Kit and full-length 16S rRNA gene sequencing on Oxford Nanopore MinION,0.1425,0.5809,0.4955,0.4581,0.7379,0.4468,10,PCR amplification of enviromental DNA (eDNA) with barcoded primers for 16S/18S metabarcoding
How do you perform real-time RT-qPCR gene expression analysis on bacterial and mammalian RNA samples aboard the International Space Station in microgravity conditions?,28877184,"The International Space Station (ISS) National Laboratory is dedicated to studying the effects of space on life and physical systems, and to developing new science and technologies for space exploration. A key aspect of achieving these goals is to operate the ISS National Lab more like an Earth-based laboratory, conducting complex end-to-end experimentation, not limited to simple microgravity exposure. Towards that end NASA developed a novel suite of molecular biology laboratory tools, reagents, and methods, named WetLab-2, uniquely designed to operate in microgravity, and to process biological samples for real-time gene expression analysis on-orbit. This includes a novel fluidic RNA Sample Preparation Module and fluid transfer devices, all-in-one lyophilized PCR assays, centrifuge, and a real-time PCR thermal cycler. Here we describe the results from the WetLab-2 validation experiments conducted in microgravity during ISS increment 47/SPX-8. Specifically, quantitative PCR was performed on a concentration series of DNA calibration standards, and Reverse Transcriptase-quantitative PCR was conducted on RNA extracted and purified on-orbit from frozen Escherichia coli and mouse liver tissue. Cycle threshold (Ct) values and PCR efficiencies obtained on-orbit from DNA standards were similar to Earth (1 g) controls. Also, on-orbit multiplex analysis of gene expression from bacterial cells and mammalian tissue RNA samples was successfully conducted in about 3 h, with data transmitted within 2 h of experiment completion. Thermal cycling in microgravity resulted in the trapping of gas bubbles inside septa cap assay tubes, causing small but measurable increases in Ct curve noise and variability. Bubble formation was successfully suppressed in a rapid follow-up on-orbit experiment using standard caps to pressurize PCR tubes and reduce gas release during heating cycles. The WetLab-2 facility now provides a novel operational on-orbit research capability for molecular biology and demonstrates the feasibility of more complex wet bench experiments in the ISS National Lab environment.",WetLab-2 RT-qPCR procedure,7166,1,https://www.protocols.io/view/wetlab-2-rt-qpcr-procedure-i86chze,0,Gene Expression Analysis in Bacteria by RT-qPCR,0.5356,0.4376,0.4579,0.4167,0.5327,0.3923,3,Monitoring Gene Expression: Quantitative Real-Time RT-PCR
