pmid,boolean_query,rank,result_pmid,result_title
26406119,"(""PGBD5"" OR ""piggyBac derived 5"") AND (""DNA transposition"" OR ""transposase"" OR ""transposable element"" OR ""mobile genetic element"" OR ""cut-and-paste transposition"") AND (""human"" OR ""human cells"" OR ""Homo sapiens"" OR ""chordate"") AND (""genomic integration"" OR ""genomic rearrangement"" OR ""transposon excision"" OR ""TTAA"" OR ""inverted terminal repeat"" OR ""piggyBac"")",1,38517960,Childhood cancer mutagenesis caused by transposase-derived PGBD5.
26406119,"(""PGBD5"" OR ""piggyBac derived 5"") AND (""DNA transposition"" OR ""transposase"" OR ""transposable element"" OR ""mobile genetic element"" OR ""cut-and-paste transposition"") AND (""human"" OR ""human cells"" OR ""Homo sapiens"" OR ""chordate"") AND (""genomic integration"" OR ""genomic rearrangement"" OR ""transposon excision"" OR ""TTAA"" OR ""inverted terminal repeat"" OR ""piggyBac"")",2,41533792,A transposase-derived gene required for human brain development.
26406119,"(""PGBD5"" OR ""piggyBac derived 5"") AND (""DNA transposition"" OR ""transposase"" OR ""transposable element"" OR ""mobile genetic element"" OR ""cut-and-paste transposition"") AND (""human"" OR ""human cells"" OR ""Homo sapiens"" OR ""chordate"") AND (""genomic integration"" OR ""genomic rearrangement"" OR ""transposon excision"" OR ""TTAA"" OR ""inverted terminal repeat"" OR ""piggyBac"")",3,40766603,The piggyBac derived transposase 5 (PGBD5) can interact with human piggyBac-like elements.
26406119,"(""PGBD5"" OR ""piggyBac derived 5"") AND (""DNA transposition"" OR ""transposase"" OR ""transposable element"" OR ""mobile genetic element"" OR ""cut-and-paste transposition"") AND (""human"" OR ""human cells"" OR ""Homo sapiens"" OR ""chordate"") AND (""genomic integration"" OR ""genomic rearrangement"" OR ""transposon excision"" OR ""TTAA"" OR ""inverted terminal repeat"" OR ""piggyBac"")",4,37163102,A transposase-derived gene required for human brain development.
26406119,"(""PGBD5"" OR ""piggyBac derived 5"") AND (""DNA transposition"" OR ""transposase"" OR ""transposable element"" OR ""mobile genetic element"" OR ""cut-and-paste transposition"") AND (""human"" OR ""human cells"" OR ""Homo sapiens"" OR ""chordate"") AND (""genomic integration"" OR ""genomic rearrangement"" OR ""transposon excision"" OR ""TTAA"" OR ""inverted terminal repeat"" OR ""piggyBac"")",5,40794452,Epigenetic targeting of PGBD5-dependent DNA damage in SMARCB1-deficient sarcomas.
26406119,"(""PGBD5"" OR ""piggyBac derived 5"") AND (""DNA transposition"" OR ""transposase"" OR ""transposable element"" OR ""mobile genetic element"" OR ""cut-and-paste transposition"") AND (""human"" OR ""human cells"" OR ""Homo sapiens"" OR ""chordate"") AND (""genomic integration"" OR ""genomic rearrangement"" OR ""transposon excision"" OR ""TTAA"" OR ""inverted terminal repeat"" OR ""piggyBac"")",6,34232995,Cognate restriction of transposition by piggyBac-like proteins.
26406119,"(""PGBD5"" OR ""piggyBac derived 5"") AND (""DNA transposition"" OR ""transposase"" OR ""transposable element"" OR ""mobile genetic element"" OR ""cut-and-paste transposition"") AND (""human"" OR ""human cells"" OR ""Homo sapiens"" OR ""chordate"") AND (""genomic integration"" OR ""genomic rearrangement"" OR ""transposon excision"" OR ""TTAA"" OR ""inverted terminal repeat"" OR ""piggyBac"")",7,26406119,Genomic DNA transposition induced by human PGBD5.
26406119,"(""PGBD5"" OR ""piggyBac derived 5"") AND (""DNA transposition"" OR ""transposase"" OR ""transposable element"" OR ""mobile genetic element"" OR ""cut-and-paste transposition"") AND (""human"" OR ""human cells"" OR ""Homo sapiens"" OR ""chordate"") AND (""genomic integration"" OR ""genomic rearrangement"" OR ""transposon excision"" OR ""TTAA"" OR ""inverted terminal repeat"" OR ""piggyBac"")",8,27491780,Forward genetic screen of human transposase genomic rearrangements.
26406119,"(""PGBD5"" OR ""piggyBac derived 5"") AND (""DNA transposition"" OR ""transposase"" OR ""transposable element"" OR ""mobile genetic element"" OR ""cut-and-paste transposition"") AND (""human"" OR ""human cells"" OR ""Homo sapiens"" OR ""chordate"") AND (""genomic integration"" OR ""genomic rearrangement"" OR ""transposon excision"" OR ""TTAA"" OR ""inverted terminal repeat"" OR ""piggyBac"")",9,33450253,The C-terminal Domain of piggyBac Transposase Is Not Required for DNA Transposition.
26406119,"(""PGBD5"" OR ""piggyBac derived 5"") AND (""DNA transposition"" OR ""transposase"" OR ""transposable element"" OR ""mobile genetic element"" OR ""cut-and-paste transposition"") AND (""human"" OR ""human cells"" OR ""Homo sapiens"" OR ""chordate"") AND (""genomic integration"" OR ""genomic rearrangement"" OR ""transposon excision"" OR ""TTAA"" OR ""inverted terminal repeat"" OR ""piggyBac"")",10,28504702,PGBD5 promotes site-specific oncogenic mutations in human tumors.
37242601,"(""schistosomiasis"" OR ""schistosome"" OR ""Schistosoma"") AND (""drug discovery"" OR ""antiparasitic"" OR ""anti-schistosomal"" OR ""anthelmintic"") AND (""praziquantel"" OR ""chemotherapy"" OR ""drug resistance"" OR ""drug sensitivity"") AND (""functional genomics"" OR ""bioinformatics"" OR ""cheminformatics"" OR ""ChEMBL"" OR ""phenotypic screening"" OR ""in silico"") AND (""schistosomula"" OR ""adult worm"" OR ""egg production"" OR ""ex vivo"")",1,37242601,Using ChEMBL to Complement Schistosome Drug Discovery.
37242601,"(""schistosomiasis"" OR ""schistosome"" OR ""Schistosoma"") AND (""drug discovery"" OR ""antiparasitic"" OR ""anti-schistosomal"" OR ""anthelmintic"") AND (""praziquantel"" OR ""chemotherapy"" OR ""drug resistance"" OR ""drug sensitivity"") AND (""functional genomics"" OR ""bioinformatics"" OR ""cheminformatics"" OR ""ChEMBL"" OR ""phenotypic screening"" OR ""in silico"") AND (""schistosomula"" OR ""adult worm"" OR ""egg production"" OR ""ex vivo"")",2,32487175,H1-antihistamines as antischistosomal drugs: in vitro and in vivo studies.
37242601,"(""schistosomiasis"" OR ""schistosome"" OR ""Schistosoma"") AND (""drug discovery"" OR ""antiparasitic"" OR ""anti-schistosomal"" OR ""anthelmintic"") AND (""praziquantel"" OR ""chemotherapy"" OR ""drug resistance"" OR ""drug sensitivity"") AND (""functional genomics"" OR ""bioinformatics"" OR ""cheminformatics"" OR ""ChEMBL"" OR ""phenotypic screening"" OR ""in silico"") AND (""schistosomula"" OR ""adult worm"" OR ""egg production"" OR ""ex vivo"")",3,34536671,Anti-schistosomal activities of quinoxaline-containing compounds: From hit identification to lead optimisation.
37242601,"(""schistosomiasis"" OR ""schistosome"" OR ""Schistosoma"") AND (""drug discovery"" OR ""antiparasitic"" OR ""anti-schistosomal"" OR ""anthelmintic"") AND (""praziquantel"" OR ""chemotherapy"" OR ""drug resistance"" OR ""drug sensitivity"") AND (""functional genomics"" OR ""bioinformatics"" OR ""cheminformatics"" OR ""ChEMBL"" OR ""phenotypic screening"" OR ""in silico"") AND (""schistosomula"" OR ""adult worm"" OR ""egg production"" OR ""ex vivo"")",4,37409934,"The Existing Drug Nifuroxazide as an Antischistosomal Agent: In Vitro, In Vivo, and In Silico Studies of Macromolecular Targets."
37242601,"(""schistosomiasis"" OR ""schistosome"" OR ""Schistosoma"") AND (""drug discovery"" OR ""antiparasitic"" OR ""anti-schistosomal"" OR ""anthelmintic"") AND (""praziquantel"" OR ""chemotherapy"" OR ""drug resistance"" OR ""drug sensitivity"") AND (""functional genomics"" OR ""bioinformatics"" OR ""cheminformatics"" OR ""ChEMBL"" OR ""phenotypic screening"" OR ""in silico"") AND (""schistosomula"" OR ""adult worm"" OR ""egg production"" OR ""ex vivo"")",5,35865824,Docking-Based Virtual Screening Enables Prioritizing Protein Kinase Inhibitors With In Vitro Phenotypic Activity Against Schistosoma mansoni.
37242601,"(""schistosomiasis"" OR ""schistosome"" OR ""Schistosoma"") AND (""drug discovery"" OR ""antiparasitic"" OR ""anti-schistosomal"" OR ""anthelmintic"") AND (""praziquantel"" OR ""chemotherapy"" OR ""drug resistance"" OR ""drug sensitivity"") AND (""functional genomics"" OR ""bioinformatics"" OR ""cheminformatics"" OR ""ChEMBL"" OR ""phenotypic screening"" OR ""in silico"") AND (""schistosomula"" OR ""adult worm"" OR ""egg production"" OR ""ex vivo"")",6,32741402,Use of kinase inhibitors against schistosomes to improve and broaden praziquantel efficacy.
37242601,"(""schistosomiasis"" OR ""schistosome"" OR ""Schistosoma"") AND (""drug discovery"" OR ""antiparasitic"" OR ""anti-schistosomal"" OR ""anthelmintic"") AND (""praziquantel"" OR ""chemotherapy"" OR ""drug resistance"" OR ""drug sensitivity"") AND (""functional genomics"" OR ""bioinformatics"" OR ""cheminformatics"" OR ""ChEMBL"" OR ""phenotypic screening"" OR ""in silico"") AND (""schistosomula"" OR ""adult worm"" OR ""egg production"" OR ""ex vivo"")",7,37149066,Antiparasitic properties of 4-nerolidylcatechol from Pothomorphe umbellata (L.) Miq. (Piperaceae) in vitro and in mice models with either prepatent or patent Schistosoma mansoni infections.
37242601,"(""schistosomiasis"" OR ""schistosome"" OR ""Schistosoma"") AND (""drug discovery"" OR ""antiparasitic"" OR ""anti-schistosomal"" OR ""anthelmintic"") AND (""praziquantel"" OR ""chemotherapy"" OR ""drug resistance"" OR ""drug sensitivity"") AND (""functional genomics"" OR ""bioinformatics"" OR ""cheminformatics"" OR ""ChEMBL"" OR ""phenotypic screening"" OR ""in silico"") AND (""schistosomula"" OR ""adult worm"" OR ""egg production"" OR ""ex vivo"")",8,32904763,"Identification of 6-(piperazin-1-yl)-1,3,5-triazine as a chemical scaffold with broad anti-schistosomal activities."
37242601,"(""schistosomiasis"" OR ""schistosome"" OR ""Schistosoma"") AND (""drug discovery"" OR ""antiparasitic"" OR ""anti-schistosomal"" OR ""anthelmintic"") AND (""praziquantel"" OR ""chemotherapy"" OR ""drug resistance"" OR ""drug sensitivity"") AND (""functional genomics"" OR ""bioinformatics"" OR ""cheminformatics"" OR ""ChEMBL"" OR ""phenotypic screening"" OR ""in silico"") AND (""schistosomula"" OR ""adult worm"" OR ""egg production"" OR ""ex vivo"")",9,38407619,Sanguinarine: an alkaloid with promising in vitro and in vivo antiparasitic activity against different developmental stages of Schistosoma mansoni and in silico pharmacokinetic properties (ADMET).
37242601,"(""schistosomiasis"" OR ""schistosome"" OR ""Schistosoma"") AND (""drug discovery"" OR ""antiparasitic"" OR ""anti-schistosomal"" OR ""anthelmintic"") AND (""praziquantel"" OR ""chemotherapy"" OR ""drug resistance"" OR ""drug sensitivity"") AND (""functional genomics"" OR ""bioinformatics"" OR ""cheminformatics"" OR ""ChEMBL"" OR ""phenotypic screening"" OR ""in silico"") AND (""schistosomula"" OR ""adult worm"" OR ""egg production"" OR ""ex vivo"")",10,30455056,"Combining bioinformatics, cheminformatics, functional genomics and whole organism approaches for identifying epigenetic drug targets in Schistosoma mansoni."
30940689,"(""single-tube long fragment read"" OR ""stLFR"" OR ""DNA cobarcoding"" OR ""co-barcoding"" OR ""linked reads"" OR ""barcode sequencing"") AND (""long fragment"" OR ""long DNA"" OR ""long-range sequencing"" OR ""haplotype phasing"" OR ""phase block"") AND (""whole genome sequencing"" OR ""WGS"" OR ""de novo assembly"" OR ""structural variant"" OR ""diploid assembly"") AND (""microbead"" OR ""bead barcoding"" OR ""combinatorial barcoding"" OR ""second generation sequencing"" OR ""next generation sequencing"")",1,36335495,"A Simple Cost-Effective Method for Whole-Genome Sequencing, Haplotyping, and Assembly."
30940689,"(""single-tube long fragment read"" OR ""stLFR"" OR ""DNA cobarcoding"" OR ""co-barcoding"" OR ""linked reads"" OR ""barcode sequencing"") AND (""long fragment"" OR ""long DNA"" OR ""long-range sequencing"" OR ""haplotype phasing"" OR ""phase block"") AND (""whole genome sequencing"" OR ""WGS"" OR ""de novo assembly"" OR ""structural variant"" OR ""diploid assembly"") AND (""microbead"" OR ""bead barcoding"" OR ""combinatorial barcoding"" OR ""second generation sequencing"" OR ""next generation sequencing"")",2,32231869,IterCluster: a barcode clustering algorithm for long fragment read analysis.
30940689,"(""single-tube long fragment read"" OR ""stLFR"" OR ""DNA cobarcoding"" OR ""co-barcoding"" OR ""linked reads"" OR ""barcode sequencing"") AND (""long fragment"" OR ""long DNA"" OR ""long-range sequencing"" OR ""haplotype phasing"" OR ""phase block"") AND (""whole genome sequencing"" OR ""WGS"" OR ""de novo assembly"" OR ""structural variant"" OR ""diploid assembly"") AND (""microbead"" OR ""bead barcoding"" OR ""combinatorial barcoding"" OR ""second generation sequencing"" OR ""next generation sequencing"")",3,30940689,"Efficient and unique cobarcoding of second-generation sequencing reads from long DNA molecules enabling cost-effective and accurate sequencing, haplotyping, and de novo assembly."
30940689,"(""single-tube long fragment read"" OR ""stLFR"" OR ""DNA cobarcoding"" OR ""co-barcoding"" OR ""linked reads"" OR ""barcode sequencing"") AND (""long fragment"" OR ""long DNA"" OR ""long-range sequencing"" OR ""haplotype phasing"" OR ""phase block"") AND (""whole genome sequencing"" OR ""WGS"" OR ""de novo assembly"" OR ""structural variant"" OR ""diploid assembly"") AND (""microbead"" OR ""bead barcoding"" OR ""combinatorial barcoding"" OR ""second generation sequencing"" OR ""next generation sequencing"")",4,34403470,SpecHap: a diploid phasing algorithm based on spectral graph theory.
30940689,"(""single-tube long fragment read"" OR ""stLFR"" OR ""DNA cobarcoding"" OR ""co-barcoding"" OR ""linked reads"" OR ""barcode sequencing"") AND (""long fragment"" OR ""long DNA"" OR ""long-range sequencing"" OR ""haplotype phasing"" OR ""phase block"") AND (""whole genome sequencing"" OR ""WGS"" OR ""de novo assembly"" OR ""structural variant"" OR ""diploid assembly"") AND (""microbead"" OR ""bead barcoding"" OR ""combinatorial barcoding"" OR ""second generation sequencing"" OR ""next generation sequencing"")",5,29925315,ARKS: chromosome-scale scaffolding of human genome drafts with linked read kmers.
30940689,"(""single-tube long fragment read"" OR ""stLFR"" OR ""DNA cobarcoding"" OR ""co-barcoding"" OR ""linked reads"" OR ""barcode sequencing"") AND (""long fragment"" OR ""long DNA"" OR ""long-range sequencing"" OR ""haplotype phasing"" OR ""phase block"") AND (""whole genome sequencing"" OR ""WGS"" OR ""de novo assembly"" OR ""structural variant"" OR ""diploid assembly"") AND (""microbead"" OR ""bead barcoding"" OR ""combinatorial barcoding"" OR ""second generation sequencing"" OR ""next generation sequencing"")",6,32540955,Ultralow-input single-tube linked-read library method enables short-read second-generation sequencing systems to routinely generate highly accurate and economical long-range sequencing information.
39237830,"(""DiMeLo-seq"" OR ""directed methylation"" OR ""DamID"" OR ""CUT&RUN"" OR ""CUT&TAG"" OR ""ChIP-seq"") AND (""long-read sequencing"" OR ""nanopore sequencing"" OR ""single-molecule sequencing"" OR ""Oxford Nanopore"") AND (""protein-DNA interactions"" OR ""chromatin accessibility"" OR ""protein binding"" OR ""transcription factor binding"") AND (""adenine methylation"" OR ""DNA methylation"" OR ""methyltransferase"" OR ""Hia5"" OR ""Dam methylase"") AND (""genome-wide"" OR ""epigenomics"" OR ""chromatin profiling"")",1,39237830,Mapping protein-DNA interactions with DiMeLo-seq.
39237830,"(""DiMeLo-seq"" OR ""directed methylation"" OR ""DamID"" OR ""CUT&RUN"" OR ""CUT&TAG"" OR ""ChIP-seq"") AND (""long-read sequencing"" OR ""nanopore sequencing"" OR ""single-molecule sequencing"" OR ""Oxford Nanopore"") AND (""protein-DNA interactions"" OR ""chromatin accessibility"" OR ""protein binding"" OR ""transcription factor binding"") AND (""adenine methylation"" OR ""DNA methylation"" OR ""methyltransferase"" OR ""Hia5"" OR ""Dam methylase"") AND (""genome-wide"" OR ""epigenomics"" OR ""chromatin profiling"")",2,35396487,"DiMeLo-seq: a long-read, single-molecule method for mapping protein-DNA interactions genome wide."
39237830,"(""DiMeLo-seq"" OR ""directed methylation"" OR ""DamID"" OR ""CUT&RUN"" OR ""CUT&TAG"" OR ""ChIP-seq"") AND (""long-read sequencing"" OR ""nanopore sequencing"" OR ""single-molecule sequencing"" OR ""Oxford Nanopore"") AND (""protein-DNA interactions"" OR ""chromatin accessibility"" OR ""protein binding"" OR ""transcription factor binding"") AND (""adenine methylation"" OR ""DNA methylation"" OR ""methyltransferase"" OR ""Hia5"" OR ""Dam methylase"") AND (""genome-wide"" OR ""epigenomics"" OR ""chromatin profiling"")",3,41109954,Fine mapping regulatory variants by characterizing native CpG methylation with nanopore long-read sequencing.
39237830,"(""DiMeLo-seq"" OR ""directed methylation"" OR ""DamID"" OR ""CUT&RUN"" OR ""CUT&TAG"" OR ""ChIP-seq"") AND (""long-read sequencing"" OR ""nanopore sequencing"" OR ""single-molecule sequencing"" OR ""Oxford Nanopore"") AND (""protein-DNA interactions"" OR ""chromatin accessibility"" OR ""protein binding"" OR ""transcription factor binding"") AND (""adenine methylation"" OR ""DNA methylation"" OR ""methyltransferase"" OR ""Hia5"" OR ""Dam methylase"") AND (""genome-wide"" OR ""epigenomics"" OR ""chromatin profiling"")",4,35073254,Distinguishing between recruitment and spread of silent chromatin structures in Saccharomyces cerevisiae.
29735996,"(""dCas9"" OR ""CRISPR"" OR ""Cas9"") AND (""APEX2"" OR ""ascorbate peroxidase"" OR ""proximity labeling"" OR ""proximity biotinylation"" OR ""BioID"") AND (""proteomics"" OR ""proteomic"" OR ""proteome"") AND (""genomic loci"" OR ""chromatin"" OR ""telomere"" OR ""centromere"" OR ""locus-specific"")",1,30691651,Adapting dCas9-APEX2 for subnuclear proteomic profiling.
29735996,"(""dCas9"" OR ""CRISPR"" OR ""Cas9"") AND (""APEX2"" OR ""ascorbate peroxidase"" OR ""proximity labeling"" OR ""proximity biotinylation"" OR ""BioID"") AND (""proteomics"" OR ""proteomic"" OR ""proteome"") AND (""genomic loci"" OR ""chromatin"" OR ""telomere"" OR ""centromere"" OR ""locus-specific"")",2,40251151,Selective identification of epigenetic regulators at methylated genomic sites by SelectID.
29735996,"(""dCas9"" OR ""CRISPR"" OR ""Cas9"") AND (""APEX2"" OR ""ascorbate peroxidase"" OR ""proximity labeling"" OR ""proximity biotinylation"" OR ""BioID"") AND (""proteomics"" OR ""proteomic"" OR ""proteome"") AND (""genomic loci"" OR ""chromatin"" OR ""telomere"" OR ""centromere"" OR ""locus-specific"")",3,32681487,Locus-Specific Chromatin Proteome Revealed by Mass Spectrometry-Based CasID.
29735996,"(""dCas9"" OR ""CRISPR"" OR ""Cas9"") AND (""APEX2"" OR ""ascorbate peroxidase"" OR ""proximity labeling"" OR ""proximity biotinylation"" OR ""BioID"") AND (""proteomics"" OR ""proteomic"" OR ""proteome"") AND (""genomic loci"" OR ""chromatin"" OR ""telomere"" OR ""centromere"" OR ""locus-specific"")",4,40054857,Coupling Proximity Biotinylation with Genomic Targeting to Characterize Locus-Specific Changes in Chromatin Environments.
29735996,"(""dCas9"" OR ""CRISPR"" OR ""Cas9"") AND (""APEX2"" OR ""ascorbate peroxidase"" OR ""proximity labeling"" OR ""proximity biotinylation"" OR ""BioID"") AND (""proteomics"" OR ""proteomic"" OR ""proteome"") AND (""genomic loci"" OR ""chromatin"" OR ""telomere"" OR ""centromere"" OR ""locus-specific"")",5,42001531,Proximity labeling tools for studying chromatin interactomes.
29735996,"(""dCas9"" OR ""CRISPR"" OR ""Cas9"") AND (""APEX2"" OR ""ascorbate peroxidase"" OR ""proximity labeling"" OR ""proximity biotinylation"" OR ""BioID"") AND (""proteomics"" OR ""proteomic"" OR ""proteome"") AND (""genomic loci"" OR ""chromatin"" OR ""telomere"" OR ""centromere"" OR ""locus-specific"")",6,41805359,YY1 Interacts with Promoter R-Loops to Regulate Transcription.
29735996,"(""dCas9"" OR ""CRISPR"" OR ""Cas9"") AND (""APEX2"" OR ""ascorbate peroxidase"" OR ""proximity labeling"" OR ""proximity biotinylation"" OR ""BioID"") AND (""proteomics"" OR ""proteomic"" OR ""proteome"") AND (""genomic loci"" OR ""chromatin"" OR ""telomere"" OR ""centromere"" OR ""locus-specific"")",7,35831302,Bromodomain factor 5 is an essential regulator of transcription in Leishmania.
29735996,"(""dCas9"" OR ""CRISPR"" OR ""Cas9"") AND (""APEX2"" OR ""ascorbate peroxidase"" OR ""proximity labeling"" OR ""proximity biotinylation"" OR ""BioID"") AND (""proteomics"" OR ""proteomic"" OR ""proteome"") AND (""genomic loci"" OR ""chromatin"" OR ""telomere"" OR ""centromere"" OR ""locus-specific"")",8,29735996,C-BERST: defining subnuclear proteomic landscapes at genomic elements with dCas9-APEX2.
29735996,"(""dCas9"" OR ""CRISPR"" OR ""Cas9"") AND (""APEX2"" OR ""ascorbate peroxidase"" OR ""proximity labeling"" OR ""proximity biotinylation"" OR ""BioID"") AND (""proteomics"" OR ""proteomic"" OR ""proteome"") AND (""genomic loci"" OR ""chromatin"" OR ""telomere"" OR ""centromere"" OR ""locus-specific"")",9,42401778,Methods for the Investigation of Protein-Ligands Interactions.
29735996,"(""dCas9"" OR ""CRISPR"" OR ""Cas9"") AND (""APEX2"" OR ""ascorbate peroxidase"" OR ""proximity labeling"" OR ""proximity biotinylation"" OR ""BioID"") AND (""proteomics"" OR ""proteomic"" OR ""proteome"") AND (""genomic loci"" OR ""chromatin"" OR ""telomere"" OR ""centromere"" OR ""locus-specific"")",10,34215314,AF10 (MLLT10) prevents somatic cell reprogramming through regulation of DOT1L-mediated H3K79 methylation.
41676688,"(""Caenorhabditis elegans"" OR ""C. elegans"") AND (""collective behavior"" OR ""aggregation behavior"" OR ""collective behaviour"" OR ""aggregation behaviour"") AND (""natural variation"" OR ""natural selection"" OR ""natural population"" OR ""wild population"" OR ""population genetics"") AND (""genome-wide association"" OR ""GWAS"" OR ""quantitative trait locus"" OR ""QTL"" OR ""heritability"" OR ""population effects"" OR ""MLPE"") AND (""elevation"" OR ""elevational gradient"" OR ""environmental gradient"" OR ""habitat"" OR ""cosmopolitan distribution"")",1,41676688,Evidence for natural selection shaping the evolution of collective behavior among global Caenorhabditis elegans populations.
36460793,"(""single-cell RNA sequencing"" OR ""scRNA-seq"" OR ""single cell transcriptomics"") AND (""single-nucleus RNA sequencing"" OR ""snRNA-seq"" OR ""single nucleus transcriptomics"") AND (""comparison"" OR ""benchmark"" OR ""parallel"" OR ""matched"") AND (""cell type"" OR ""cellular composition"" OR ""cell proportion"" OR ""cell distribution"") AND (""tissue"" OR ""frozen tissue"" OR ""fresh tissue"" OR ""colon"" OR ""liver"")",1,32405060,A single-cell and single-nucleus RNA-Seq toolbox for fresh and frozen human tumors.
36460793,"(""single-cell RNA sequencing"" OR ""scRNA-seq"" OR ""single cell transcriptomics"") AND (""single-nucleus RNA sequencing"" OR ""snRNA-seq"" OR ""single nucleus transcriptomics"") AND (""comparison"" OR ""benchmark"" OR ""parallel"" OR ""matched"") AND (""cell type"" OR ""cellular composition"" OR ""cell proportion"" OR ""cell distribution"") AND (""tissue"" OR ""frozen tissue"" OR ""fresh tissue"" OR ""colon"" OR ""liver"")",2,32487174,Systematic assessment of tissue dissociation and storage biases in single-cell and single-nucleus RNA-seq workflows.
36460793,"(""single-cell RNA sequencing"" OR ""scRNA-seq"" OR ""single cell transcriptomics"") AND (""single-nucleus RNA sequencing"" OR ""snRNA-seq"" OR ""single nucleus transcriptomics"") AND (""comparison"" OR ""benchmark"" OR ""parallel"" OR ""matched"") AND (""cell type"" OR ""cellular composition"" OR ""cell proportion"" OR ""cell distribution"") AND (""tissue"" OR ""frozen tissue"" OR ""fresh tissue"" OR ""colon"" OR ""liver"")",3,39402239,Sex-specific proximal tubular cell differentiation pathways identified by single-nucleus RNA sequencing.
36460793,"(""single-cell RNA sequencing"" OR ""scRNA-seq"" OR ""single cell transcriptomics"") AND (""single-nucleus RNA sequencing"" OR ""snRNA-seq"" OR ""single nucleus transcriptomics"") AND (""comparison"" OR ""benchmark"" OR ""parallel"" OR ""matched"") AND (""cell type"" OR ""cellular composition"" OR ""cell proportion"" OR ""cell distribution"") AND (""tissue"" OR ""frozen tissue"" OR ""fresh tissue"" OR ""colon"" OR ""liver"")",4,42218373,Single-cell RNA-sequencing profiles reveal the developmental landscape of hawthorn leaves.
36460793,"(""single-cell RNA sequencing"" OR ""scRNA-seq"" OR ""single cell transcriptomics"") AND (""single-nucleus RNA sequencing"" OR ""snRNA-seq"" OR ""single nucleus transcriptomics"") AND (""comparison"" OR ""benchmark"" OR ""parallel"" OR ""matched"") AND (""cell type"" OR ""cellular composition"" OR ""cell proportion"" OR ""cell distribution"") AND (""tissue"" OR ""frozen tissue"" OR ""fresh tissue"" OR ""colon"" OR ""liver"")",5,40797111,Integrative analysis and experimental validation identify the role of CD44 and Nucleolin in regulating gliogenesis following spinal cord injury.
36460793,"(""single-cell RNA sequencing"" OR ""scRNA-seq"" OR ""single cell transcriptomics"") AND (""single-nucleus RNA sequencing"" OR ""snRNA-seq"" OR ""single nucleus transcriptomics"") AND (""comparison"" OR ""benchmark"" OR ""parallel"" OR ""matched"") AND (""cell type"" OR ""cellular composition"" OR ""cell proportion"" OR ""cell distribution"") AND (""tissue"" OR ""frozen tissue"" OR ""fresh tissue"" OR ""colon"" OR ""liver"")",6,38814983,Single-cell and single-nucleus RNA-sequencing from paired normal-adenocarcinoma lung samples provide both common and discordant biological insights.
36460793,"(""single-cell RNA sequencing"" OR ""scRNA-seq"" OR ""single cell transcriptomics"") AND (""single-nucleus RNA sequencing"" OR ""snRNA-seq"" OR ""single nucleus transcriptomics"") AND (""comparison"" OR ""benchmark"" OR ""parallel"" OR ""matched"") AND (""cell type"" OR ""cellular composition"" OR ""cell proportion"" OR ""cell distribution"") AND (""tissue"" OR ""frozen tissue"" OR ""fresh tissue"" OR ""colon"" OR ""liver"")",7,30371670,Isolation of Adult Spinal Cord Nuclei for Massively Parallel Single-nucleus RNA Sequencing.
36460793,"(""single-cell RNA sequencing"" OR ""scRNA-seq"" OR ""single cell transcriptomics"") AND (""single-nucleus RNA sequencing"" OR ""snRNA-seq"" OR ""single nucleus transcriptomics"") AND (""comparison"" OR ""benchmark"" OR ""parallel"" OR ""matched"") AND (""cell type"" OR ""cellular composition"" OR ""cell proportion"" OR ""cell distribution"") AND (""tissue"" OR ""frozen tissue"" OR ""fresh tissue"" OR ""colon"" OR ""liver"")",8,40312738,lute: estimating the cell composition of heterogeneous tissue with varying cell sizes using gene expression.
36460793,"(""single-cell RNA sequencing"" OR ""scRNA-seq"" OR ""single cell transcriptomics"") AND (""single-nucleus RNA sequencing"" OR ""snRNA-seq"" OR ""single nucleus transcriptomics"") AND (""comparison"" OR ""benchmark"" OR ""parallel"" OR ""matched"") AND (""cell type"" OR ""cellular composition"" OR ""cell proportion"" OR ""cell distribution"") AND (""tissue"" OR ""frozen tissue"" OR ""fresh tissue"" OR ""colon"" OR ""liver"")",9,40229354,A simplified preparation method for single-nucleus RNA-sequencing using long-term frozen brain tumor tissues.
36460793,"(""single-cell RNA sequencing"" OR ""scRNA-seq"" OR ""single cell transcriptomics"") AND (""single-nucleus RNA sequencing"" OR ""snRNA-seq"" OR ""single nucleus transcriptomics"") AND (""comparison"" OR ""benchmark"" OR ""parallel"" OR ""matched"") AND (""cell type"" OR ""cellular composition"" OR ""cell proportion"" OR ""cell distribution"") AND (""tissue"" OR ""frozen tissue"" OR ""fresh tissue"" OR ""colon"" OR ""liver"")",10,39850354,Exploring the utility of snRNA-seq in profiling human bladder tissue: A comprehensive comparison with scRNA-seq.
41053825,"(""Parkinson's disease"" OR ""Parkinson disease"" OR ""PD"" OR ""prodromal Parkinson"") AND (""gut microbiome"" OR ""gut microbiota"" OR ""intestinal microbiome"" OR ""intestinal microbiota"") AND (""multi-omics"" OR ""multiomics"" OR ""metagenomics"" OR ""metatranscriptomics"" OR ""meta-metabolomics"" OR ""metabolomics"" OR ""metatranscriptome"") AND (""metabolites"" OR ""microbiome function"" OR ""functional metagenomics"" OR ""bile acids"" OR ""glutamate"" OR ""chemotaxis"" OR ""flagellar assembly"") AND (""microbiome-host"" OR ""host-microbiome"" OR ""dysbiosis"" OR ""microbial metabolism"" OR ""keystone species"" OR ""Roseburia"" OR ""Blautia"" OR ""Methanobrevibacter"")",1,40952592,Microbiota-gut-brain axis in neurodegenerative diseases: molecular mechanisms and therapeutic targets.
41053825,"(""Parkinson's disease"" OR ""Parkinson disease"" OR ""PD"" OR ""prodromal Parkinson"") AND (""gut microbiome"" OR ""gut microbiota"" OR ""intestinal microbiome"" OR ""intestinal microbiota"") AND (""multi-omics"" OR ""multiomics"" OR ""metagenomics"" OR ""metatranscriptomics"" OR ""meta-metabolomics"" OR ""metabolomics"" OR ""metatranscriptome"") AND (""metabolites"" OR ""microbiome function"" OR ""functional metagenomics"" OR ""bile acids"" OR ""glutamate"" OR ""chemotaxis"" OR ""flagellar assembly"") AND (""microbiome-host"" OR ""host-microbiome"" OR ""dysbiosis"" OR ""microbial metabolism"" OR ""keystone species"" OR ""Roseburia"" OR ""Blautia"" OR ""Methanobrevibacter"")",2,37806986,Drug-microbiota interactions: an emerging priority for precision medicine.
41053825,"(""Parkinson's disease"" OR ""Parkinson disease"" OR ""PD"" OR ""prodromal Parkinson"") AND (""gut microbiome"" OR ""gut microbiota"" OR ""intestinal microbiome"" OR ""intestinal microbiota"") AND (""multi-omics"" OR ""multiomics"" OR ""metagenomics"" OR ""metatranscriptomics"" OR ""meta-metabolomics"" OR ""metabolomics"" OR ""metatranscriptome"") AND (""metabolites"" OR ""microbiome function"" OR ""functional metagenomics"" OR ""bile acids"" OR ""glutamate"" OR ""chemotaxis"" OR ""flagellar assembly"") AND (""microbiome-host"" OR ""host-microbiome"" OR ""dysbiosis"" OR ""microbial metabolism"" OR ""keystone species"" OR ""Roseburia"" OR ""Blautia"" OR ""Methanobrevibacter"")",3,40899744,Gut Microbiota-Derived Metabolites Orchestrate Metabolic Reprogramming in Diabetic Cardiomyopathy: Mechanisms and Therapeutic Frontiers.
41053825,"(""Parkinson's disease"" OR ""Parkinson disease"" OR ""PD"" OR ""prodromal Parkinson"") AND (""gut microbiome"" OR ""gut microbiota"" OR ""intestinal microbiome"" OR ""intestinal microbiota"") AND (""multi-omics"" OR ""multiomics"" OR ""metagenomics"" OR ""metatranscriptomics"" OR ""meta-metabolomics"" OR ""metabolomics"" OR ""metatranscriptome"") AND (""metabolites"" OR ""microbiome function"" OR ""functional metagenomics"" OR ""bile acids"" OR ""glutamate"" OR ""chemotaxis"" OR ""flagellar assembly"") AND (""microbiome-host"" OR ""host-microbiome"" OR ""dysbiosis"" OR ""microbial metabolism"" OR ""keystone species"" OR ""Roseburia"" OR ""Blautia"" OR ""Methanobrevibacter"")",4,38355288,Ginsenosides retard atherogenesis via remodelling host-microbiome metabolic homeostasis.
41053825,"(""Parkinson's disease"" OR ""Parkinson disease"" OR ""PD"" OR ""prodromal Parkinson"") AND (""gut microbiome"" OR ""gut microbiota"" OR ""intestinal microbiome"" OR ""intestinal microbiota"") AND (""multi-omics"" OR ""multiomics"" OR ""metagenomics"" OR ""metatranscriptomics"" OR ""meta-metabolomics"" OR ""metabolomics"" OR ""metatranscriptome"") AND (""metabolites"" OR ""microbiome function"" OR ""functional metagenomics"" OR ""bile acids"" OR ""glutamate"" OR ""chemotaxis"" OR ""flagellar assembly"") AND (""microbiome-host"" OR ""host-microbiome"" OR ""dysbiosis"" OR ""microbial metabolism"" OR ""keystone species"" OR ""Roseburia"" OR ""Blautia"" OR ""Methanobrevibacter"")",5,40995781,Metabolic modeling links gut microbiota to metabolic markers of Parkinson's disease.
41053825,"(""Parkinson's disease"" OR ""Parkinson disease"" OR ""PD"" OR ""prodromal Parkinson"") AND (""gut microbiome"" OR ""gut microbiota"" OR ""intestinal microbiome"" OR ""intestinal microbiota"") AND (""multi-omics"" OR ""multiomics"" OR ""metagenomics"" OR ""metatranscriptomics"" OR ""meta-metabolomics"" OR ""metabolomics"" OR ""metatranscriptome"") AND (""metabolites"" OR ""microbiome function"" OR ""functional metagenomics"" OR ""bile acids"" OR ""glutamate"" OR ""chemotaxis"" OR ""flagellar assembly"") AND (""microbiome-host"" OR ""host-microbiome"" OR ""dysbiosis"" OR ""microbial metabolism"" OR ""keystone species"" OR ""Roseburia"" OR ""Blautia"" OR ""Methanobrevibacter"")",6,38908272,Association between environmental phthalates exposure and gut microbiota and metabolome in dementia with Lewy bodies.
41053825,"(""Parkinson's disease"" OR ""Parkinson disease"" OR ""PD"" OR ""prodromal Parkinson"") AND (""gut microbiome"" OR ""gut microbiota"" OR ""intestinal microbiome"" OR ""intestinal microbiota"") AND (""multi-omics"" OR ""multiomics"" OR ""metagenomics"" OR ""metatranscriptomics"" OR ""meta-metabolomics"" OR ""metabolomics"" OR ""metatranscriptome"") AND (""metabolites"" OR ""microbiome function"" OR ""functional metagenomics"" OR ""bile acids"" OR ""glutamate"" OR ""chemotaxis"" OR ""flagellar assembly"") AND (""microbiome-host"" OR ""host-microbiome"" OR ""dysbiosis"" OR ""microbial metabolism"" OR ""keystone species"" OR ""Roseburia"" OR ""Blautia"" OR ""Methanobrevibacter"")",7,40903950,Bidirectional communication between the gut microbiota and the central nervous system.
41053825,"(""Parkinson's disease"" OR ""Parkinson disease"" OR ""PD"" OR ""prodromal Parkinson"") AND (""gut microbiome"" OR ""gut microbiota"" OR ""intestinal microbiome"" OR ""intestinal microbiota"") AND (""multi-omics"" OR ""multiomics"" OR ""metagenomics"" OR ""metatranscriptomics"" OR ""meta-metabolomics"" OR ""metabolomics"" OR ""metatranscriptome"") AND (""metabolites"" OR ""microbiome function"" OR ""functional metagenomics"" OR ""bile acids"" OR ""glutamate"" OR ""chemotaxis"" OR ""flagellar assembly"") AND (""microbiome-host"" OR ""host-microbiome"" OR ""dysbiosis"" OR ""microbial metabolism"" OR ""keystone species"" OR ""Roseburia"" OR ""Blautia"" OR ""Methanobrevibacter"")",8,41053825,Integrated multi-omics highlights alterations of gut microbiome functions in prodromal and idiopathic Parkinson's disease.
41053825,"(""Parkinson's disease"" OR ""Parkinson disease"" OR ""PD"" OR ""prodromal Parkinson"") AND (""gut microbiome"" OR ""gut microbiota"" OR ""intestinal microbiome"" OR ""intestinal microbiota"") AND (""multi-omics"" OR ""multiomics"" OR ""metagenomics"" OR ""metatranscriptomics"" OR ""meta-metabolomics"" OR ""metabolomics"" OR ""metatranscriptome"") AND (""metabolites"" OR ""microbiome function"" OR ""functional metagenomics"" OR ""bile acids"" OR ""glutamate"" OR ""chemotaxis"" OR ""flagellar assembly"") AND (""microbiome-host"" OR ""host-microbiome"" OR ""dysbiosis"" OR ""microbial metabolism"" OR ""keystone species"" OR ""Roseburia"" OR ""Blautia"" OR ""Methanobrevibacter"")",9,41377218,Gut-brain axis and Parkinson's disease: navigating the microbial enigma.
41053825,"(""Parkinson's disease"" OR ""Parkinson disease"" OR ""PD"" OR ""prodromal Parkinson"") AND (""gut microbiome"" OR ""gut microbiota"" OR ""intestinal microbiome"" OR ""intestinal microbiota"") AND (""multi-omics"" OR ""multiomics"" OR ""metagenomics"" OR ""metatranscriptomics"" OR ""meta-metabolomics"" OR ""metabolomics"" OR ""metatranscriptome"") AND (""metabolites"" OR ""microbiome function"" OR ""functional metagenomics"" OR ""bile acids"" OR ""glutamate"" OR ""chemotaxis"" OR ""flagellar assembly"") AND (""microbiome-host"" OR ""host-microbiome"" OR ""dysbiosis"" OR ""microbial metabolism"" OR ""keystone species"" OR ""Roseburia"" OR ""Blautia"" OR ""Methanobrevibacter"")",10,39449013,Blautia coccoides and its metabolic products enhance the efficacy of bladder cancer immunotherapy by promoting CD8+ T cell infiltration.
41413855,"(""genomic selection"" OR ""genomic prediction"" OR ""genomic estimated breeding values"" OR ""GEBV"") AND (""GBLUP"" OR ""weighted GBLUP"" OR ""WGBLUP"" OR ""ssGBLUP"" OR ""genomic best linear unbiased prediction"") AND (""linkage disequilibrium"" OR ""LD pattern"") AND (""reference population"" OR ""training population"" OR ""multi-population"" OR ""across-population"") AND (""beef cattle"" OR ""livestock"" OR ""poultry"" OR ""cattle"" OR ""bovine"") AND (""prediction accuracy"" OR ""genomic accuracy"" OR ""cross-validation"")",1,38397242,Improving Genomic Predictions in Multi-Breed Cattle Populations: A Comparative Analysis of BayesR and GBLUP Models.
41413855,"(""genomic selection"" OR ""genomic prediction"" OR ""genomic estimated breeding values"" OR ""GEBV"") AND (""GBLUP"" OR ""weighted GBLUP"" OR ""WGBLUP"" OR ""ssGBLUP"" OR ""genomic best linear unbiased prediction"") AND (""linkage disequilibrium"" OR ""LD pattern"") AND (""reference population"" OR ""training population"" OR ""multi-population"" OR ""across-population"") AND (""beef cattle"" OR ""livestock"" OR ""poultry"" OR ""cattle"" OR ""bovine"") AND (""prediction accuracy"" OR ""genomic accuracy"" OR ""cross-validation"")",2,41413855,Comparison of GBLUP and WGBLUP in genomic selection for beef cattle under different LD patterns and mixed multi-population scenarios: a simulation study.
41413855,"(""genomic selection"" OR ""genomic prediction"" OR ""genomic estimated breeding values"" OR ""GEBV"") AND (""GBLUP"" OR ""weighted GBLUP"" OR ""WGBLUP"" OR ""ssGBLUP"" OR ""genomic best linear unbiased prediction"") AND (""linkage disequilibrium"" OR ""LD pattern"") AND (""reference population"" OR ""training population"" OR ""multi-population"" OR ""across-population"") AND (""beef cattle"" OR ""livestock"" OR ""poultry"" OR ""cattle"" OR ""bovine"") AND (""prediction accuracy"" OR ""genomic accuracy"" OR ""cross-validation"")",3,25885467,Empirical and deterministic accuracies of across-population genomic prediction.
41413855,"(""genomic selection"" OR ""genomic prediction"" OR ""genomic estimated breeding values"" OR ""GEBV"") AND (""GBLUP"" OR ""weighted GBLUP"" OR ""WGBLUP"" OR ""ssGBLUP"" OR ""genomic best linear unbiased prediction"") AND (""linkage disequilibrium"" OR ""LD pattern"") AND (""reference population"" OR ""training population"" OR ""multi-population"" OR ""across-population"") AND (""beef cattle"" OR ""livestock"" OR ""poultry"" OR ""cattle"" OR ""bovine"") AND (""prediction accuracy"" OR ""genomic accuracy"" OR ""cross-validation"")",4,40866809,Improving genomic prediction in pigs by integrating multi-population data and prior knowledge.
41413855,"(""genomic selection"" OR ""genomic prediction"" OR ""genomic estimated breeding values"" OR ""GEBV"") AND (""GBLUP"" OR ""weighted GBLUP"" OR ""WGBLUP"" OR ""ssGBLUP"" OR ""genomic best linear unbiased prediction"") AND (""linkage disequilibrium"" OR ""LD pattern"") AND (""reference population"" OR ""training population"" OR ""multi-population"" OR ""across-population"") AND (""beef cattle"" OR ""livestock"" OR ""poultry"" OR ""cattle"" OR ""bovine"") AND (""prediction accuracy"" OR ""genomic accuracy"" OR ""cross-validation"")",5,28427324,Genomic prediction from observed and imputed high-density ovine genotypes.
41413855,"(""genomic selection"" OR ""genomic prediction"" OR ""genomic estimated breeding values"" OR ""GEBV"") AND (""GBLUP"" OR ""weighted GBLUP"" OR ""WGBLUP"" OR ""ssGBLUP"" OR ""genomic best linear unbiased prediction"") AND (""linkage disequilibrium"" OR ""LD pattern"") AND (""reference population"" OR ""training population"" OR ""multi-population"" OR ""across-population"") AND (""beef cattle"" OR ""livestock"" OR ""poultry"" OR ""cattle"" OR ""bovine"") AND (""prediction accuracy"" OR ""genomic accuracy"" OR ""cross-validation"")",6,41062993,Genomic predictions for growth and feed efficiency traits in a duck breeding population.
41413855,"(""genomic selection"" OR ""genomic prediction"" OR ""genomic estimated breeding values"" OR ""GEBV"") AND (""GBLUP"" OR ""weighted GBLUP"" OR ""WGBLUP"" OR ""ssGBLUP"" OR ""genomic best linear unbiased prediction"") AND (""linkage disequilibrium"" OR ""LD pattern"") AND (""reference population"" OR ""training population"" OR ""multi-population"" OR ""across-population"") AND (""beef cattle"" OR ""livestock"" OR ""poultry"" OR ""cattle"" OR ""bovine"") AND (""prediction accuracy"" OR ""genomic accuracy"" OR ""cross-validation"")",7,29264625,Predictive ability of genomic selection models in a multi-population perennial ryegrass training set using genotyping-by-sequencing.
41413855,"(""genomic selection"" OR ""genomic prediction"" OR ""genomic estimated breeding values"" OR ""GEBV"") AND (""GBLUP"" OR ""weighted GBLUP"" OR ""WGBLUP"" OR ""ssGBLUP"" OR ""genomic best linear unbiased prediction"") AND (""linkage disequilibrium"" OR ""LD pattern"") AND (""reference population"" OR ""training population"" OR ""multi-population"" OR ""across-population"") AND (""beef cattle"" OR ""livestock"" OR ""poultry"" OR ""cattle"" OR ""bovine"") AND (""prediction accuracy"" OR ""genomic accuracy"" OR ""cross-validation"")",8,23516992,Consistency of linkage disequilibrium between Chinese and Nordic Holsteins and genomic prediction for Chinese Holsteins using a joint reference population.
42082551,"(""NLRP3 inflammasome"" OR ""NLRP3"") AND (""ASC speck"" OR ""ASC-GFP"" OR ""inflammasome speck"" OR ""speck formation"") AND (""live-cell imaging"" OR ""single-cell imaging"" OR ""live imaging"" OR ""real-time imaging"") AND (""pyroptosis"" OR ""IL-1β"" OR ""IL-18"" OR ""inflammasome dynamics"" OR ""speck lifetime"" OR ""single-cell level"")",1,38867997,Exposing kinetic disparities between inflammasome readouts using time-resolved analysis.
42082551,"(""NLRP3 inflammasome"" OR ""NLRP3"") AND (""ASC speck"" OR ""ASC-GFP"" OR ""inflammasome speck"" OR ""speck formation"") AND (""live-cell imaging"" OR ""single-cell imaging"" OR ""live imaging"" OR ""real-time imaging"") AND (""pyroptosis"" OR ""IL-1β"" OR ""IL-18"" OR ""inflammasome dynamics"" OR ""speck lifetime"" OR ""single-cell level"")",2,37578716,Measuring NLR Oligomerization II: Detection of ASC Speck Formation by Confocal Microscopy and Immunofluorescence.
42082551,"(""NLRP3 inflammasome"" OR ""NLRP3"") AND (""ASC speck"" OR ""ASC-GFP"" OR ""inflammasome speck"" OR ""speck formation"") AND (""live-cell imaging"" OR ""single-cell imaging"" OR ""live imaging"" OR ""real-time imaging"") AND (""pyroptosis"" OR ""IL-1β"" OR ""IL-18"" OR ""inflammasome dynamics"" OR ""speck lifetime"" OR ""single-cell level"")",3,37365476,Examining the Kinetics of Phagocytosis-Coupled Inflammasome Activation in Murine Bone Marrow-Derived Dendritic Cells.
42082551,"(""NLRP3 inflammasome"" OR ""NLRP3"") AND (""ASC speck"" OR ""ASC-GFP"" OR ""inflammasome speck"" OR ""speck formation"") AND (""live-cell imaging"" OR ""single-cell imaging"" OR ""live imaging"" OR ""real-time imaging"") AND (""pyroptosis"" OR ""IL-1β"" OR ""IL-18"" OR ""inflammasome dynamics"" OR ""speck lifetime"" OR ""single-cell level"")",4,42082551,Time-lapse image analysis reveals trigger-dependent differences in ASC speck lifetime in the NLRP3 inflammasome.
28945705,"(""SLAM-seq"" OR ""SLAMseq"" OR ""SLAM seq"" OR ""thiol-linked alkylation"" OR ""4-thiouridine"" OR ""s4U"" OR ""metabolic RNA labeling"" OR ""metabolic RNA sequencing"") AND (""RNA dynamics"" OR ""RNA turnover"" OR ""RNA decay"" OR ""transcription dynamics"" OR ""RNA stability"" OR ""mRNA stability"" OR ""mRNA turnover"" OR ""mRNA decay"") AND (""high-throughput sequencing"" OR ""RNA sequencing"" OR ""RNA-seq"" OR ""next-generation sequencing"")",1,28945705,Thiol-linked alkylation of RNA to assess expression dynamics.
28945705,"(""SLAM-seq"" OR ""SLAMseq"" OR ""SLAM seq"" OR ""thiol-linked alkylation"" OR ""4-thiouridine"" OR ""s4U"" OR ""metabolic RNA labeling"" OR ""metabolic RNA sequencing"") AND (""RNA dynamics"" OR ""RNA turnover"" OR ""RNA decay"" OR ""transcription dynamics"" OR ""RNA stability"" OR ""mRNA stability"" OR ""mRNA turnover"" OR ""mRNA decay"") AND (""high-throughput sequencing"" OR ""RNA sequencing"" OR ""RNA-seq"" OR ""next-generation sequencing"")",2,41120751,TDP-43 loss induces cryptic polyadenylation in ALS/FTD.
28945705,"(""SLAM-seq"" OR ""SLAMseq"" OR ""SLAM seq"" OR ""thiol-linked alkylation"" OR ""4-thiouridine"" OR ""s4U"" OR ""metabolic RNA labeling"" OR ""metabolic RNA sequencing"") AND (""RNA dynamics"" OR ""RNA turnover"" OR ""RNA decay"" OR ""transcription dynamics"" OR ""RNA stability"" OR ""mRNA stability"" OR ""mRNA turnover"" OR ""mRNA decay"") AND (""high-throughput sequencing"" OR ""RNA sequencing"" OR ""RNA-seq"" OR ""next-generation sequencing"")",3,34694617,Transcriptome-Wide Profiling of RNA Stability.
28945705,"(""SLAM-seq"" OR ""SLAMseq"" OR ""SLAM seq"" OR ""thiol-linked alkylation"" OR ""4-thiouridine"" OR ""s4U"" OR ""metabolic RNA labeling"" OR ""metabolic RNA sequencing"") AND (""RNA dynamics"" OR ""RNA turnover"" OR ""RNA decay"" OR ""transcription dynamics"" OR ""RNA stability"" OR ""mRNA stability"" OR ""mRNA turnover"" OR ""mRNA decay"") AND (""high-throughput sequencing"" OR ""RNA sequencing"" OR ""RNA-seq"" OR ""next-generation sequencing"")",4,31768977,Determining mRNA Stability by Metabolic RNA Labeling and Chemical Nucleoside Conversion.
28945705,"(""SLAM-seq"" OR ""SLAMseq"" OR ""SLAM seq"" OR ""thiol-linked alkylation"" OR ""4-thiouridine"" OR ""s4U"" OR ""metabolic RNA labeling"" OR ""metabolic RNA sequencing"") AND (""RNA dynamics"" OR ""RNA turnover"" OR ""RNA decay"" OR ""transcription dynamics"" OR ""RNA stability"" OR ""mRNA stability"" OR ""mRNA turnover"" OR ""mRNA decay"") AND (""high-throughput sequencing"" OR ""RNA sequencing"" OR ""RNA-seq"" OR ""next-generation sequencing"")",5,39543112,Dyna-vivo-seq unveils cellular RNA dynamics during acute kidney injury via in vivo metabolic RNA labeling-based scRNA-seq.
28945705,"(""SLAM-seq"" OR ""SLAMseq"" OR ""SLAM seq"" OR ""thiol-linked alkylation"" OR ""4-thiouridine"" OR ""s4U"" OR ""metabolic RNA labeling"" OR ""metabolic RNA sequencing"") AND (""RNA dynamics"" OR ""RNA turnover"" OR ""RNA decay"" OR ""transcription dynamics"" OR ""RNA stability"" OR ""mRNA stability"" OR ""mRNA turnover"" OR ""mRNA decay"") AND (""high-throughput sequencing"" OR ""RNA sequencing"" OR ""RNA-seq"" OR ""next-generation sequencing"")",6,40593761,Benchmarking metabolic RNA labeling techniques for high-throughput single-cell RNA sequencing.
28945705,"(""SLAM-seq"" OR ""SLAMseq"" OR ""SLAM seq"" OR ""thiol-linked alkylation"" OR ""4-thiouridine"" OR ""s4U"" OR ""metabolic RNA labeling"" OR ""metabolic RNA sequencing"") AND (""RNA dynamics"" OR ""RNA turnover"" OR ""RNA decay"" OR ""transcription dynamics"" OR ""RNA stability"" OR ""mRNA stability"" OR ""mRNA turnover"" OR ""mRNA decay"") AND (""high-throughput sequencing"" OR ""RNA sequencing"" OR ""RNA-seq"" OR ""next-generation sequencing"")",7,41758996,Metabolic RNA Labeling-Enabled Time-Resolved Single-Cell RNA Sequencing.
28945705,"(""SLAM-seq"" OR ""SLAMseq"" OR ""SLAM seq"" OR ""thiol-linked alkylation"" OR ""4-thiouridine"" OR ""s4U"" OR ""metabolic RNA labeling"" OR ""metabolic RNA sequencing"") AND (""RNA dynamics"" OR ""RNA turnover"" OR ""RNA decay"" OR ""transcription dynamics"" OR ""RNA stability"" OR ""mRNA stability"" OR ""mRNA turnover"" OR ""mRNA decay"") AND (""high-throughput sequencing"" OR ""RNA sequencing"" OR ""RNA-seq"" OR ""next-generation sequencing"")",8,33245763,Metabolic RNA labeling for probing RNA dynamics in bacteria.
28945705,"(""SLAM-seq"" OR ""SLAMseq"" OR ""SLAM seq"" OR ""thiol-linked alkylation"" OR ""4-thiouridine"" OR ""s4U"" OR ""metabolic RNA labeling"" OR ""metabolic RNA sequencing"") AND (""RNA dynamics"" OR ""RNA turnover"" OR ""RNA decay"" OR ""transcription dynamics"" OR ""RNA stability"" OR ""mRNA stability"" OR ""mRNA turnover"" OR ""mRNA decay"") AND (""high-throughput sequencing"" OR ""RNA sequencing"" OR ""RNA-seq"" OR ""next-generation sequencing"")",9,39535717,Concurrent Profiling of Localized Transcriptome and RNA Dynamics in Neurons by Spatial SLAMseq.
28945705,"(""SLAM-seq"" OR ""SLAMseq"" OR ""SLAM seq"" OR ""thiol-linked alkylation"" OR ""4-thiouridine"" OR ""s4U"" OR ""metabolic RNA labeling"" OR ""metabolic RNA sequencing"") AND (""RNA dynamics"" OR ""RNA turnover"" OR ""RNA decay"" OR ""transcription dynamics"" OR ""RNA stability"" OR ""mRNA stability"" OR ""mRNA turnover"" OR ""mRNA decay"") AND (""high-throughput sequencing"" OR ""RNA sequencing"" OR ""RNA-seq"" OR ""next-generation sequencing"")",10,31390362,On the optimal design of metabolic RNA labeling experiments.
41652543,"(""long-read sequencing"" OR ""long read sequencing"" OR ""nanopore sequencing"" OR ""Oxford Nanopore"" OR ""ONT sequencing"") AND (""plant genome"" OR ""plant genomics"" OR ""plant genome assembly"" OR ""plant genome sequencing"") AND (""genome assembly"" OR ""de novo assembly"" OR ""whole genome sequencing"" OR ""genome sequencing"" OR ""bioinformatics pipeline"" OR ""workflow"")",1,34762468,The genetic and epigenetic landscape of the Arabidopsis centromeres.
41652543,"(""long-read sequencing"" OR ""long read sequencing"" OR ""nanopore sequencing"" OR ""Oxford Nanopore"" OR ""ONT sequencing"") AND (""plant genome"" OR ""plant genomics"" OR ""plant genome assembly"" OR ""plant genome sequencing"") AND (""genome assembly"" OR ""de novo assembly"" OR ""whole genome sequencing"" OR ""genome sequencing"" OR ""bioinformatics pipeline"" OR ""workflow"")",2,37322109,A complete telomere-to-telomere assembly of the maize genome.
41652543,"(""long-read sequencing"" OR ""long read sequencing"" OR ""nanopore sequencing"" OR ""Oxford Nanopore"" OR ""ONT sequencing"") AND (""plant genome"" OR ""plant genomics"" OR ""plant genome assembly"" OR ""plant genome sequencing"") AND (""genome assembly"" OR ""de novo assembly"" OR ""whole genome sequencing"" OR ""genome sequencing"" OR ""bioinformatics pipeline"" OR ""workflow"")",3,32553272,Major Impacts of Widespread Structural Variation on Gene Expression and Crop Improvement in Tomato.
41652543,"(""long-read sequencing"" OR ""long read sequencing"" OR ""nanopore sequencing"" OR ""Oxford Nanopore"" OR ""ONT sequencing"") AND (""plant genome"" OR ""plant genomics"" OR ""plant genome assembly"" OR ""plant genome sequencing"") AND (""genome assembly"" OR ""de novo assembly"" OR ""whole genome sequencing"" OR ""genome sequencing"" OR ""bioinformatics pipeline"" OR ""workflow"")",4,38272931,Chromosome-level genome assembly of Hippophae gyantsensis.
41652543,"(""long-read sequencing"" OR ""long read sequencing"" OR ""nanopore sequencing"" OR ""Oxford Nanopore"" OR ""ONT sequencing"") AND (""plant genome"" OR ""plant genomics"" OR ""plant genome assembly"" OR ""plant genome sequencing"") AND (""genome assembly"" OR ""de novo assembly"" OR ""whole genome sequencing"" OR ""genome sequencing"" OR ""bioinformatics pipeline"" OR ""workflow"")",5,35461461,Assembling Plant Genomes with Long-Read Sequencing.
41652543,"(""long-read sequencing"" OR ""long read sequencing"" OR ""nanopore sequencing"" OR ""Oxford Nanopore"" OR ""ONT sequencing"") AND (""plant genome"" OR ""plant genomics"" OR ""plant genome assembly"" OR ""plant genome sequencing"") AND (""genome assembly"" OR ""de novo assembly"" OR ""whole genome sequencing"" OR ""genome sequencing"" OR ""bioinformatics pipeline"" OR ""workflow"")",6,36300641,Genome Assembly of the Medicinal Plant Voacanga thouarsii.
41652543,"(""long-read sequencing"" OR ""long read sequencing"" OR ""nanopore sequencing"" OR ""Oxford Nanopore"" OR ""ONT sequencing"") AND (""plant genome"" OR ""plant genomics"" OR ""plant genome assembly"" OR ""plant genome sequencing"") AND (""genome assembly"" OR ""de novo assembly"" OR ""whole genome sequencing"" OR ""genome sequencing"" OR ""bioinformatics pipeline"" OR ""workflow"")",7,39095379,Telomere-to-telomere genome assembly of sorghum.
41652543,"(""long-read sequencing"" OR ""long read sequencing"" OR ""nanopore sequencing"" OR ""Oxford Nanopore"" OR ""ONT sequencing"") AND (""plant genome"" OR ""plant genomics"" OR ""plant genome assembly"" OR ""plant genome sequencing"") AND (""genome assembly"" OR ""de novo assembly"" OR ""whole genome sequencing"" OR ""genome sequencing"" OR ""bioinformatics pipeline"" OR ""workflow"")",8,41678991,Plant genome assembly and annotation.
41652543,"(""long-read sequencing"" OR ""long read sequencing"" OR ""nanopore sequencing"" OR ""Oxford Nanopore"" OR ""ONT sequencing"") AND (""plant genome"" OR ""plant genomics"" OR ""plant genome assembly"" OR ""plant genome sequencing"") AND (""genome assembly"" OR ""de novo assembly"" OR ""whole genome sequencing"" OR ""genome sequencing"" OR ""bioinformatics pipeline"" OR ""workflow"")",9,38047760,Data literacy in genome research.
41652543,"(""long-read sequencing"" OR ""long read sequencing"" OR ""nanopore sequencing"" OR ""Oxford Nanopore"" OR ""ONT sequencing"") AND (""plant genome"" OR ""plant genomics"" OR ""plant genome assembly"" OR ""plant genome sequencing"") AND (""genome assembly"" OR ""de novo assembly"" OR ""whole genome sequencing"" OR ""genome sequencing"" OR ""bioinformatics pipeline"" OR ""workflow"")",10,39457393,De Novo Genome Assembly and Phylogenetic Analysis of Cirsium nipponicum.
34596274,"(""preclinical diabetes"" OR ""mouse model"" OR ""murine model"") AND (""blood glucose"" OR ""glucose homeostasis"" OR ""glucose tolerance"") AND (""experimental design"" OR ""experimental protocol"" OR ""standardisation"" OR ""standardization"") AND (""fasting"" OR ""glucose tolerance test"" OR ""GTT"" OR ""continuous glucose monitoring"" OR ""glucose clamp"") AND (""3Rs"" OR ""animal welfare"" OR ""reproducibility"" OR ""stress response"") AND (""mice"" OR ""mouse"" OR ""rodent"")",1,34596274,The use of mice in diabetes research: The impact of experimental protocols.
34596274,"(""preclinical diabetes"" OR ""mouse model"" OR ""murine model"") AND (""blood glucose"" OR ""glucose homeostasis"" OR ""glucose tolerance"") AND (""experimental design"" OR ""experimental protocol"" OR ""standardisation"" OR ""standardization"") AND (""fasting"" OR ""glucose tolerance test"" OR ""GTT"" OR ""continuous glucose monitoring"" OR ""glucose clamp"") AND (""3Rs"" OR ""animal welfare"" OR ""reproducibility"" OR ""stress response"") AND (""mice"" OR ""mouse"" OR ""rodent"")",2,42331787,taVNS alleviates depressive-like and metabolic dysfunction in T2DD mice with modulation of hypothalamic 5-HT signaling.
28530655,"(""Tuba-seq"" OR ""tumor barcoding"" OR ""barcode sequencing"") AND (""tumor suppressor"" OR ""tumor-suppressor"") AND (""CRISPR"" OR ""CRISPR-Cas9"" OR ""genome editing"") AND (""mouse model"" OR ""genetically engineered mouse"" OR ""lung adenocarcinoma"" OR ""tumor growth"") AND (""clonal dynamics"" OR ""tumor size"" OR ""barcode"" OR ""multiplexed"" OR ""pooled"" OR ""in vivo"")",1,39345539,A STAG2-PAXIP1/PAGR1 axis suppresses lung tumorigenesis.
28530655,"(""Tuba-seq"" OR ""tumor barcoding"" OR ""barcode sequencing"") AND (""tumor suppressor"" OR ""tumor-suppressor"") AND (""CRISPR"" OR ""CRISPR-Cas9"" OR ""genome editing"") AND (""mouse model"" OR ""genetically engineered mouse"" OR ""lung adenocarcinoma"" OR ""tumor growth"") AND (""clonal dynamics"" OR ""tumor size"" OR ""barcode"" OR ""multiplexed"" OR ""pooled"" OR ""in vivo"")",2,37695905,Fully accessible fitness landscape of oncogene-negative lung adenocarcinoma.
28530655,"(""Tuba-seq"" OR ""tumor barcoding"" OR ""barcode sequencing"") AND (""tumor suppressor"" OR ""tumor-suppressor"") AND (""CRISPR"" OR ""CRISPR-Cas9"" OR ""genome editing"") AND (""mouse model"" OR ""genetically engineered mouse"" OR ""lung adenocarcinoma"" OR ""tumor growth"") AND (""clonal dynamics"" OR ""tumor size"" OR ""barcode"" OR ""multiplexed"" OR ""pooled"" OR ""in vivo"")",3,36778226,Fully accessible fitness landscape of oncogene-negative lung adenocarcinoma.
28530655,"(""Tuba-seq"" OR ""tumor barcoding"" OR ""barcode sequencing"") AND (""tumor suppressor"" OR ""tumor-suppressor"") AND (""CRISPR"" OR ""CRISPR-Cas9"" OR ""genome editing"") AND (""mouse model"" OR ""genetically engineered mouse"" OR ""lung adenocarcinoma"" OR ""tumor growth"") AND (""clonal dynamics"" OR ""tumor size"" OR ""barcode"" OR ""multiplexed"" OR ""pooled"" OR ""in vivo"")",4,40263541,Integrative multiomic approaches reveal ZMAT3 and p21 as conserved hubs in the p53 tumor suppression network.
28530655,"(""Tuba-seq"" OR ""tumor barcoding"" OR ""barcode sequencing"") AND (""tumor suppressor"" OR ""tumor-suppressor"") AND (""CRISPR"" OR ""CRISPR-Cas9"" OR ""genome editing"") AND (""mouse model"" OR ""genetically engineered mouse"" OR ""lung adenocarcinoma"" OR ""tumor growth"") AND (""clonal dynamics"" OR ""tumor size"" OR ""barcode"" OR ""multiplexed"" OR ""pooled"" OR ""in vivo"")",5,28530655,A quantitative and multiplexed approach to uncover the fitness landscape of tumor suppression in vivo.
28530655,"(""Tuba-seq"" OR ""tumor barcoding"" OR ""barcode sequencing"") AND (""tumor suppressor"" OR ""tumor-suppressor"") AND (""CRISPR"" OR ""CRISPR-Cas9"" OR ""genome editing"") AND (""mouse model"" OR ""genetically engineered mouse"" OR ""lung adenocarcinoma"" OR ""tumor growth"") AND (""clonal dynamics"" OR ""tumor size"" OR ""barcode"" OR ""multiplexed"" OR ""pooled"" OR ""in vivo"")",6,29610476,Mapping the in vivo fitness landscape of lung adenocarcinoma tumor suppression in mice.
25665179,"(""RNA interference"" OR ""RNAi"" OR ""siRNA"" OR ""small interfering RNA"") AND (""lipid nanoparticles"" OR ""LNP"" OR ""nanoparticle"") AND (""aptamer"" OR ""cell-SELEX"" OR ""SELEX"") AND (""osteoblast"" OR ""bone formation"" OR ""bone anabolic"") AND (""targeted delivery"" OR ""gene silencing"" OR ""knockdown"")",1,38994035,Osteoblast-specific down-regulation of NLRP3 inflammasome by aptamer-functionalized liposome nanoparticles improves bone quality in postmenopausal osteoporosis rats.
25665179,"(""RNA interference"" OR ""RNAi"" OR ""siRNA"" OR ""small interfering RNA"") AND (""lipid nanoparticles"" OR ""LNP"" OR ""nanoparticle"") AND (""aptamer"" OR ""cell-SELEX"" OR ""SELEX"") AND (""osteoblast"" OR ""bone formation"" OR ""bone anabolic"") AND (""targeted delivery"" OR ""gene silencing"" OR ""knockdown"")",2,25665179,Aptamer-functionalized lipid nanoparticles targeting osteoblasts as a novel RNA interference-based bone anabolic strategy.
28394336,"(""MSFragger"" OR ""open database search"" OR ""open search"" OR ""fragment ion indexing"" OR ""fragment-ion indexing"") AND (""post-translational modifications"" OR ""PTM"" OR ""chemical modifications"" OR ""unaccounted modifications"" OR ""modification identification"") AND (""mass spectrometry"" OR ""proteomics"" OR ""peptide identification"" OR ""database search"" OR ""proteome search"") AND (""false discovery rate"" OR ""FDR"" OR ""spectral identification"" OR ""modified peptides"" OR ""dark matter proteomics"")",1,35091091,Multiattribute Glycan Identification and FDR Control for Glycoproteomics.
28394336,"(""MSFragger"" OR ""open database search"" OR ""open search"" OR ""fragment ion indexing"" OR ""fragment-ion indexing"") AND (""post-translational modifications"" OR ""PTM"" OR ""chemical modifications"" OR ""unaccounted modifications"" OR ""modification identification"") AND (""mass spectrometry"" OR ""proteomics"" OR ""peptide identification"" OR ""database search"" OR ""proteome search"") AND (""false discovery rate"" OR ""FDR"" OR ""spectral identification"" OR ""modified peptides"" OR ""dark matter proteomics"")",2,37004988,MSFragger-Labile: A Flexible Method to Improve Labile PTM Analysis in Proteomics.
28394336,"(""MSFragger"" OR ""open database search"" OR ""open search"" OR ""fragment ion indexing"" OR ""fragment-ion indexing"") AND (""post-translational modifications"" OR ""PTM"" OR ""chemical modifications"" OR ""unaccounted modifications"" OR ""modification identification"") AND (""mass spectrometry"" OR ""proteomics"" OR ""peptide identification"" OR ""database search"" OR ""proteome search"") AND (""false discovery rate"" OR ""FDR"" OR ""spectral identification"" OR ""modified peptides"" OR ""dark matter proteomics"")",3,37308510,Unraveling the glycosylated immunopeptidome with HLA-Glyco.
28394336,"(""MSFragger"" OR ""open database search"" OR ""open search"" OR ""fragment ion indexing"" OR ""fragment-ion indexing"") AND (""post-translational modifications"" OR ""PTM"" OR ""chemical modifications"" OR ""unaccounted modifications"" OR ""modification identification"") AND (""mass spectrometry"" OR ""proteomics"" OR ""peptide identification"" OR ""database search"" OR ""proteome search"") AND (""false discovery rate"" OR ""FDR"" OR ""spectral identification"" OR ""modified peptides"" OR ""dark matter proteomics"")",4,28394336,MSFragger: ultrafast and comprehensive peptide identification in mass spectrometry-based proteomics.
28394336,"(""MSFragger"" OR ""open database search"" OR ""open search"" OR ""fragment ion indexing"" OR ""fragment-ion indexing"") AND (""post-translational modifications"" OR ""PTM"" OR ""chemical modifications"" OR ""unaccounted modifications"" OR ""modification identification"") AND (""mass spectrometry"" OR ""proteomics"" OR ""peptide identification"" OR ""database search"" OR ""proteome search"") AND (""false discovery rate"" OR ""FDR"" OR ""spectral identification"" OR ""modified peptides"" OR ""dark matter proteomics"")",5,37438360,Detecting diagnostic features in MS/MS spectra of post-translationally modified peptides.
28394336,"(""MSFragger"" OR ""open database search"" OR ""open search"" OR ""fragment ion indexing"" OR ""fragment-ion indexing"") AND (""post-translational modifications"" OR ""PTM"" OR ""chemical modifications"" OR ""unaccounted modifications"" OR ""modification identification"") AND (""mass spectrometry"" OR ""proteomics"" OR ""peptide identification"" OR ""database search"" OR ""proteome search"") AND (""false discovery rate"" OR ""FDR"" OR ""spectral identification"" OR ""modified peptides"" OR ""dark matter proteomics"")",6,30184435,Fast Open Modification Spectral Library Searching through Approximate Nearest Neighbor Indexing.
28394336,"(""MSFragger"" OR ""open database search"" OR ""open search"" OR ""fragment ion indexing"" OR ""fragment-ion indexing"") AND (""post-translational modifications"" OR ""PTM"" OR ""chemical modifications"" OR ""unaccounted modifications"" OR ""modification identification"") AND (""mass spectrometry"" OR ""proteomics"" OR ""peptide identification"" OR ""database search"" OR ""proteome search"") AND (""false discovery rate"" OR ""FDR"" OR ""spectral identification"" OR ""modified peptides"" OR ""dark matter proteomics"")",7,37463622,ReCom: A semi-supervised approach to ultra-tolerant database search for improved identification of modified peptides.
28394336,"(""MSFragger"" OR ""open database search"" OR ""open search"" OR ""fragment ion indexing"" OR ""fragment-ion indexing"") AND (""post-translational modifications"" OR ""PTM"" OR ""chemical modifications"" OR ""unaccounted modifications"" OR ""modification identification"") AND (""mass spectrometry"" OR ""proteomics"" OR ""peptide identification"" OR ""database search"" OR ""proteome search"") AND (""false discovery rate"" OR ""FDR"" OR ""spectral identification"" OR ""modified peptides"" OR ""dark matter proteomics"")",8,38687997,Reinvestigating the Correctness of Decoy-Based False Discovery Rate Control in Proteomics Tandem Mass Spectrometry.
28394336,"(""MSFragger"" OR ""open database search"" OR ""open search"" OR ""fragment ion indexing"" OR ""fragment-ion indexing"") AND (""post-translational modifications"" OR ""PTM"" OR ""chemical modifications"" OR ""unaccounted modifications"" OR ""modification identification"") AND (""mass spectrometry"" OR ""proteomics"" OR ""peptide identification"" OR ""database search"" OR ""proteome search"") AND (""false discovery rate"" OR ""FDR"" OR ""spectral identification"" OR ""modified peptides"" OR ""dark matter proteomics"")",9,30265008,Optimal Settings of Mass Spectrometry Open Search Strategy for Higher Confidence.
28394336,"(""MSFragger"" OR ""open database search"" OR ""open search"" OR ""fragment ion indexing"" OR ""fragment-ion indexing"") AND (""post-translational modifications"" OR ""PTM"" OR ""chemical modifications"" OR ""unaccounted modifications"" OR ""modification identification"") AND (""mass spectrometry"" OR ""proteomics"" OR ""peptide identification"" OR ""database search"" OR ""proteome search"") AND (""false discovery rate"" OR ""FDR"" OR ""spectral identification"" OR ""modified peptides"" OR ""dark matter proteomics"")",10,38652578,Analysis of Tandem Mass Spectrometry Data with CONGA: Combining Open and Narrow Searches with Group-Wise Analysis.
30010754,"(""Betta splendens"" OR ""Siamese fighting fish"" OR ""fighting fish"") AND (""genome assembly"" OR ""genome sequencing"" OR ""reference genome"" OR ""whole genome"" OR ""de novo assembly"" OR ""chromosome-level assembly"") AND (""Hi-C"" OR ""scaffold"" OR ""contig"" OR ""chromosome assembly"" OR ""SNP"" OR ""single nucleotide"" OR ""gene annotation"" OR ""comparative genomics"" OR ""BUSCO"" OR ""benchmarking universal single-copy orthologs"")",1,32385046,Improving the Chromosome-Level Genome Assembly of the Siamese Fighting Fish (Betta splendens) in a University Master's Course.
30010754,"(""Betta splendens"" OR ""Siamese fighting fish"" OR ""fighting fish"") AND (""genome assembly"" OR ""genome sequencing"" OR ""reference genome"" OR ""whole genome"" OR ""de novo assembly"" OR ""chromosome-level assembly"") AND (""Hi-C"" OR ""scaffold"" OR ""contig"" OR ""chromosome assembly"" OR ""SNP"" OR ""single nucleotide"" OR ""gene annotation"" OR ""comparative genomics"" OR ""BUSCO"" OR ""benchmarking universal single-copy orthologs"")",2,30010754,"Chromosome-level reference genome of the Siamese fighting fish Betta splendens, a model species for the study of aggression."
30010754,"(""Betta splendens"" OR ""Siamese fighting fish"" OR ""fighting fish"") AND (""genome assembly"" OR ""genome sequencing"" OR ""reference genome"" OR ""whole genome"" OR ""de novo assembly"" OR ""chromosome-level assembly"") AND (""Hi-C"" OR ""scaffold"" OR ""contig"" OR ""chromosome assembly"" OR ""SNP"" OR ""single nucleotide"" OR ""gene annotation"" OR ""comparative genomics"" OR ""BUSCO"" OR ""benchmarking universal single-copy orthologs"")",3,42292294,Beyond the Beauty: Meristic and Genomic Signatures of Bangka's Endemic Betta Fishes.
30010754,"(""Betta splendens"" OR ""Siamese fighting fish"" OR ""fighting fish"") AND (""genome assembly"" OR ""genome sequencing"" OR ""reference genome"" OR ""whole genome"" OR ""de novo assembly"" OR ""chromosome-level assembly"") AND (""Hi-C"" OR ""scaffold"" OR ""contig"" OR ""chromosome assembly"" OR ""SNP"" OR ""single nucleotide"" OR ""gene annotation"" OR ""comparative genomics"" OR ""BUSCO"" OR ""benchmarking universal single-copy orthologs"")",4,33458245,"Next-generation sequencing yields complete mitochondrial genome assembly of peaceful betta fish, Betta imbellis (Teleostei: Osphronemidae)."
31873830,"(""satellite cells"" OR ""myoblasts"" OR ""myotubes"" OR ""skeletal muscle cells"") AND (""cell pool"" OR ""cell pooling"" OR ""pooled cells"" OR ""pooled cultures"") AND (""primary cell culture"" OR ""primary culture"" OR ""in vitro model"") AND (""proliferation"" OR ""differentiation"" OR ""myogenesis"") AND (""impedance"" OR ""impedimetric"" OR ""cell index"" OR ""real-time monitoring"" OR ""RTCA"" OR ""xCELLigence"")",1,31873830,Establishment and validation of cell pools using primary muscle cells derived from satellite cells of pig skeletal muscle.
39596330,"(""R-loop"" OR ""R-loops"" OR ""RNA-DNA hybrid"" OR ""RNA:DNA hybrid"") AND (""RNase H"" OR ""RNase H1"" OR ""ribonuclease H"") AND (""replication stress"" OR ""transcription-replication collision"" OR ""replication fork"" OR ""DNA strand break"" OR ""R-loop resolution"" OR ""R-loop degradation"") AND (""kinetics"" OR ""binding"" OR ""dissociation constant"" OR ""Kd"" OR ""catalytic"" OR ""cleavage"")",1,38358891,The ARID1A-METTL3-m6A axis ensures effective RNase H1-mediated resolution of R-loops and genome stability.
39596330,"(""R-loop"" OR ""R-loops"" OR ""RNA-DNA hybrid"" OR ""RNA:DNA hybrid"") AND (""RNase H"" OR ""RNase H1"" OR ""ribonuclease H"") AND (""replication stress"" OR ""transcription-replication collision"" OR ""replication fork"" OR ""DNA strand break"" OR ""R-loop resolution"" OR ""R-loop degradation"") AND (""kinetics"" OR ""binding"" OR ""dissociation constant"" OR ""Kd"" OR ""catalytic"" OR ""cleavage"")",2,41161313,Transcription-replication conflict resolution by nuclear RNA interference.
39596330,"(""R-loop"" OR ""R-loops"" OR ""RNA-DNA hybrid"" OR ""RNA:DNA hybrid"") AND (""RNase H"" OR ""RNase H1"" OR ""ribonuclease H"") AND (""replication stress"" OR ""transcription-replication collision"" OR ""replication fork"" OR ""DNA strand break"" OR ""R-loop resolution"" OR ""R-loop degradation"") AND (""kinetics"" OR ""binding"" OR ""dissociation constant"" OR ""Kd"" OR ""catalytic"" OR ""cleavage"")",3,39189461,Synergistic action of human RNaseH2 and the RNA helicase-nuclease DDX3X in processing R-loops.
39596330,"(""R-loop"" OR ""R-loops"" OR ""RNA-DNA hybrid"" OR ""RNA:DNA hybrid"") AND (""RNase H"" OR ""RNase H1"" OR ""ribonuclease H"") AND (""replication stress"" OR ""transcription-replication collision"" OR ""replication fork"" OR ""DNA strand break"" OR ""R-loop resolution"" OR ""R-loop degradation"") AND (""kinetics"" OR ""binding"" OR ""dissociation constant"" OR ""Kd"" OR ""catalytic"" OR ""cleavage"")",4,34439915,Transcription-Replication Collisions-A Series of Unfortunate Events.
39596330,"(""R-loop"" OR ""R-loops"" OR ""RNA-DNA hybrid"" OR ""RNA:DNA hybrid"") AND (""RNase H"" OR ""RNase H1"" OR ""ribonuclease H"") AND (""replication stress"" OR ""transcription-replication collision"" OR ""replication fork"" OR ""DNA strand break"" OR ""R-loop resolution"" OR ""R-loop degradation"") AND (""kinetics"" OR ""binding"" OR ""dissociation constant"" OR ""Kd"" OR ""catalytic"" OR ""cleavage"")",5,31471263,R-loop-dependent replication and genomic instability in bacteria.
39596330,"(""R-loop"" OR ""R-loops"" OR ""RNA-DNA hybrid"" OR ""RNA:DNA hybrid"") AND (""RNase H"" OR ""RNase H1"" OR ""ribonuclease H"") AND (""replication stress"" OR ""transcription-replication collision"" OR ""replication fork"" OR ""DNA strand break"" OR ""R-loop resolution"" OR ""R-loop degradation"") AND (""kinetics"" OR ""binding"" OR ""dissociation constant"" OR ""Kd"" OR ""catalytic"" OR ""cleavage"")",6,38488661,WRNIP1 prevents transcription-associated genomic instability.
39596330,"(""R-loop"" OR ""R-loops"" OR ""RNA-DNA hybrid"" OR ""RNA:DNA hybrid"") AND (""RNase H"" OR ""RNase H1"" OR ""ribonuclease H"") AND (""replication stress"" OR ""transcription-replication collision"" OR ""replication fork"" OR ""DNA strand break"" OR ""R-loop resolution"" OR ""R-loop degradation"") AND (""kinetics"" OR ""binding"" OR ""dissociation constant"" OR ""Kd"" OR ""catalytic"" OR ""cleavage"")",7,37146239,A noncanonical enzymatic function of PIWIL4 maintains genomic integrity and leukemic growth in AML.
39596330,"(""R-loop"" OR ""R-loops"" OR ""RNA-DNA hybrid"" OR ""RNA:DNA hybrid"") AND (""RNase H"" OR ""RNase H1"" OR ""ribonuclease H"") AND (""replication stress"" OR ""transcription-replication collision"" OR ""replication fork"" OR ""DNA strand break"" OR ""R-loop resolution"" OR ""R-loop degradation"") AND (""kinetics"" OR ""binding"" OR ""dissociation constant"" OR ""Kd"" OR ""catalytic"" OR ""cleavage"")",8,42228326,FUS modulates R-loops by functionally interacting with RNase H1.
39596330,"(""R-loop"" OR ""R-loops"" OR ""RNA-DNA hybrid"" OR ""RNA:DNA hybrid"") AND (""RNase H"" OR ""RNase H1"" OR ""ribonuclease H"") AND (""replication stress"" OR ""transcription-replication collision"" OR ""replication fork"" OR ""DNA strand break"" OR ""R-loop resolution"" OR ""R-loop degradation"") AND (""kinetics"" OR ""binding"" OR ""dissociation constant"" OR ""Kd"" OR ""catalytic"" OR ""cleavage"")",9,41931514,R-loop disruption triggers irreversible topoisomerase 1-DNA cleavage complex formation during AID-dependent IgH gene diversification.
39596330,"(""R-loop"" OR ""R-loops"" OR ""RNA-DNA hybrid"" OR ""RNA:DNA hybrid"") AND (""RNase H"" OR ""RNase H1"" OR ""ribonuclease H"") AND (""replication stress"" OR ""transcription-replication collision"" OR ""replication fork"" OR ""DNA strand break"" OR ""R-loop resolution"" OR ""R-loop degradation"") AND (""kinetics"" OR ""binding"" OR ""dissociation constant"" OR ""Kd"" OR ""catalytic"" OR ""cleavage"")",10,39596330,Kinetic Features of Degradation of R-Loops by RNase H1 from Escherichia coli.
34552577,"(""mycobacteria"" OR ""Mycobacterium"" OR ""Mycobacterium abscessus"" OR ""Mycobacterium marinum"" OR ""non-tuberculous mycobacteria"" OR ""NTM"" OR ""tuberculosis"") AND (""fungi"" OR ""fungal"" OR ""fungal extract"" OR ""fungal isolate"" OR ""filamentous fungi"" OR ""endophyte"" OR ""endophytic fungi"") AND (""antimycobacterial"" OR ""anti-mycobacterial"" OR ""antitubercular"" OR ""anti-tuberculosis"" OR ""antibacterial activity"" OR ""antimicrobial activity"" OR ""bioactive compound"" OR ""natural product"") AND (""bioluminescence"" OR ""luminescence"" OR ""screening"" OR ""medium-throughput"" OR ""high-throughput"" OR ""drug discovery"" OR ""bioassay"") AND (""linoleic acid"" OR ""chemical extraction"" OR ""fractionation"" OR ""secondary metabolite"" OR ""novel compound"")",1,36275475,"Terrien, a metabolite made by Aspergillus terreus, has activity against Cryptococcus neoformans."
34552577,"(""mycobacteria"" OR ""Mycobacterium"" OR ""Mycobacterium abscessus"" OR ""Mycobacterium marinum"" OR ""non-tuberculous mycobacteria"" OR ""NTM"" OR ""tuberculosis"") AND (""fungi"" OR ""fungal"" OR ""fungal extract"" OR ""fungal isolate"" OR ""filamentous fungi"" OR ""endophyte"" OR ""endophytic fungi"") AND (""antimycobacterial"" OR ""anti-mycobacterial"" OR ""antitubercular"" OR ""anti-tuberculosis"" OR ""antibacterial activity"" OR ""antimicrobial activity"" OR ""bioactive compound"" OR ""natural product"") AND (""bioluminescence"" OR ""luminescence"" OR ""screening"" OR ""medium-throughput"" OR ""high-throughput"" OR ""drug discovery"" OR ""bioassay"") AND (""linoleic acid"" OR ""chemical extraction"" OR ""fractionation"" OR ""secondary metabolite"" OR ""novel compound"")",2,35011473,Antimicrobial Polyketide Metabolites from Penicillium bissettii and P. glabrum.
34552577,"(""mycobacteria"" OR ""Mycobacterium"" OR ""Mycobacterium abscessus"" OR ""Mycobacterium marinum"" OR ""non-tuberculous mycobacteria"" OR ""NTM"" OR ""tuberculosis"") AND (""fungi"" OR ""fungal"" OR ""fungal extract"" OR ""fungal isolate"" OR ""filamentous fungi"" OR ""endophyte"" OR ""endophytic fungi"") AND (""antimycobacterial"" OR ""anti-mycobacterial"" OR ""antitubercular"" OR ""anti-tuberculosis"" OR ""antibacterial activity"" OR ""antimicrobial activity"" OR ""bioactive compound"" OR ""natural product"") AND (""bioluminescence"" OR ""luminescence"" OR ""screening"" OR ""medium-throughput"" OR ""high-throughput"" OR ""drug discovery"" OR ""bioassay"") AND (""linoleic acid"" OR ""chemical extraction"" OR ""fractionation"" OR ""secondary metabolite"" OR ""novel compound"")",3,34552577,Screening of Fungi for Antimycobacterial Activity Using a Medium-Throughput Bioluminescence-Based Assay.
34552577,"(""mycobacteria"" OR ""Mycobacterium"" OR ""Mycobacterium abscessus"" OR ""Mycobacterium marinum"" OR ""non-tuberculous mycobacteria"" OR ""NTM"" OR ""tuberculosis"") AND (""fungi"" OR ""fungal"" OR ""fungal extract"" OR ""fungal isolate"" OR ""filamentous fungi"" OR ""endophyte"" OR ""endophytic fungi"") AND (""antimycobacterial"" OR ""anti-mycobacterial"" OR ""antitubercular"" OR ""anti-tuberculosis"" OR ""antibacterial activity"" OR ""antimicrobial activity"" OR ""bioactive compound"" OR ""natural product"") AND (""bioluminescence"" OR ""luminescence"" OR ""screening"" OR ""medium-throughput"" OR ""high-throughput"" OR ""drug discovery"" OR ""bioassay"") AND (""linoleic acid"" OR ""chemical extraction"" OR ""fractionation"" OR ""secondary metabolite"" OR ""novel compound"")",4,27242231,Anti-mycobacterial activity of polyketides from Penicillium sp. endophyte isolated from Garcinia nobilis against Mycobacteriumsmegmatis.
34552577,"(""mycobacteria"" OR ""Mycobacterium"" OR ""Mycobacterium abscessus"" OR ""Mycobacterium marinum"" OR ""non-tuberculous mycobacteria"" OR ""NTM"" OR ""tuberculosis"") AND (""fungi"" OR ""fungal"" OR ""fungal extract"" OR ""fungal isolate"" OR ""filamentous fungi"" OR ""endophyte"" OR ""endophytic fungi"") AND (""antimycobacterial"" OR ""anti-mycobacterial"" OR ""antitubercular"" OR ""anti-tuberculosis"" OR ""antibacterial activity"" OR ""antimicrobial activity"" OR ""bioactive compound"" OR ""natural product"") AND (""bioluminescence"" OR ""luminescence"" OR ""screening"" OR ""medium-throughput"" OR ""high-throughput"" OR ""drug discovery"" OR ""bioassay"") AND (""linoleic acid"" OR ""chemical extraction"" OR ""fractionation"" OR ""secondary metabolite"" OR ""novel compound"")",5,31531068,Antitubercular Activity of the Fungus Gliocladium sp. MR41 Strain.
34552577,"(""mycobacteria"" OR ""Mycobacterium"" OR ""Mycobacterium abscessus"" OR ""Mycobacterium marinum"" OR ""non-tuberculous mycobacteria"" OR ""NTM"" OR ""tuberculosis"") AND (""fungi"" OR ""fungal"" OR ""fungal extract"" OR ""fungal isolate"" OR ""filamentous fungi"" OR ""endophyte"" OR ""endophytic fungi"") AND (""antimycobacterial"" OR ""anti-mycobacterial"" OR ""antitubercular"" OR ""anti-tuberculosis"" OR ""antibacterial activity"" OR ""antimicrobial activity"" OR ""bioactive compound"" OR ""natural product"") AND (""bioluminescence"" OR ""luminescence"" OR ""screening"" OR ""medium-throughput"" OR ""high-throughput"" OR ""drug discovery"" OR ""bioassay"") AND (""linoleic acid"" OR ""chemical extraction"" OR ""fractionation"" OR ""secondary metabolite"" OR ""novel compound"")",6,26785029,Combined genetic and bioactivity-based prioritization leads to the isolation of an endophyte-derived antimycobacterial compound.
34552577,"(""mycobacteria"" OR ""Mycobacterium"" OR ""Mycobacterium abscessus"" OR ""Mycobacterium marinum"" OR ""non-tuberculous mycobacteria"" OR ""NTM"" OR ""tuberculosis"") AND (""fungi"" OR ""fungal"" OR ""fungal extract"" OR ""fungal isolate"" OR ""filamentous fungi"" OR ""endophyte"" OR ""endophytic fungi"") AND (""antimycobacterial"" OR ""anti-mycobacterial"" OR ""antitubercular"" OR ""anti-tuberculosis"" OR ""antibacterial activity"" OR ""antimicrobial activity"" OR ""bioactive compound"" OR ""natural product"") AND (""bioluminescence"" OR ""luminescence"" OR ""screening"" OR ""medium-throughput"" OR ""high-throughput"" OR ""drug discovery"" OR ""bioassay"") AND (""linoleic acid"" OR ""chemical extraction"" OR ""fractionation"" OR ""secondary metabolite"" OR ""novel compound"")",7,42505976,Iron-Reversible Bactericidal Activity of Marine-Derived Aspergillus ostianus Hydroxamate Pyrazinones Against Replicating and Hypoxia-Induced Non-Replicating Mycobacterium smegmatis.
34552577,"(""mycobacteria"" OR ""Mycobacterium"" OR ""Mycobacterium abscessus"" OR ""Mycobacterium marinum"" OR ""non-tuberculous mycobacteria"" OR ""NTM"" OR ""tuberculosis"") AND (""fungi"" OR ""fungal"" OR ""fungal extract"" OR ""fungal isolate"" OR ""filamentous fungi"" OR ""endophyte"" OR ""endophytic fungi"") AND (""antimycobacterial"" OR ""anti-mycobacterial"" OR ""antitubercular"" OR ""anti-tuberculosis"" OR ""antibacterial activity"" OR ""antimicrobial activity"" OR ""bioactive compound"" OR ""natural product"") AND (""bioluminescence"" OR ""luminescence"" OR ""screening"" OR ""medium-throughput"" OR ""high-throughput"" OR ""drug discovery"" OR ""bioassay"") AND (""linoleic acid"" OR ""chemical extraction"" OR ""fractionation"" OR ""secondary metabolite"" OR ""novel compound"")",8,28720735,"A Nonredundant Phosphopantetheinyl Transferase, PptA, Is a Novel Antifungal Target That Directs Secondary Metabolite, Siderophore, and Lysine Biosynthesis in Aspergillus fumigatus and Is Critical for Pathogenicity."
34552577,"(""mycobacteria"" OR ""Mycobacterium"" OR ""Mycobacterium abscessus"" OR ""Mycobacterium marinum"" OR ""non-tuberculous mycobacteria"" OR ""NTM"" OR ""tuberculosis"") AND (""fungi"" OR ""fungal"" OR ""fungal extract"" OR ""fungal isolate"" OR ""filamentous fungi"" OR ""endophyte"" OR ""endophytic fungi"") AND (""antimycobacterial"" OR ""anti-mycobacterial"" OR ""antitubercular"" OR ""anti-tuberculosis"" OR ""antibacterial activity"" OR ""antimicrobial activity"" OR ""bioactive compound"" OR ""natural product"") AND (""bioluminescence"" OR ""luminescence"" OR ""screening"" OR ""medium-throughput"" OR ""high-throughput"" OR ""drug discovery"" OR ""bioassay"") AND (""linoleic acid"" OR ""chemical extraction"" OR ""fractionation"" OR ""secondary metabolite"" OR ""novel compound"")",9,26669098,Polyketides from an Endophytic Aspergillus fumigatus Isolate Inhibit the Growth of Mycobacterium tuberculosis and MRSA.
34552577,"(""mycobacteria"" OR ""Mycobacterium"" OR ""Mycobacterium abscessus"" OR ""Mycobacterium marinum"" OR ""non-tuberculous mycobacteria"" OR ""NTM"" OR ""tuberculosis"") AND (""fungi"" OR ""fungal"" OR ""fungal extract"" OR ""fungal isolate"" OR ""filamentous fungi"" OR ""endophyte"" OR ""endophytic fungi"") AND (""antimycobacterial"" OR ""anti-mycobacterial"" OR ""antitubercular"" OR ""anti-tuberculosis"" OR ""antibacterial activity"" OR ""antimicrobial activity"" OR ""bioactive compound"" OR ""natural product"") AND (""bioluminescence"" OR ""luminescence"" OR ""screening"" OR ""medium-throughput"" OR ""high-throughput"" OR ""drug discovery"" OR ""bioassay"") AND (""linoleic acid"" OR ""chemical extraction"" OR ""fractionation"" OR ""secondary metabolite"" OR ""novel compound"")",10,14669252,Evaluation of the antimicrobial property of Polyalthia longifolia var. pendula: isolation of a lactone as the active antibacterial agent from the ethanol extract of the stem.
31077316,"(""peacock"" OR ""Pavo cristatus"" OR ""peafowl"") AND (""genome assembly"" OR ""genome sequencing"" OR ""de novo assembly"") AND (""Oxford Nanopore"" OR ""ONT"" OR ""long-read sequencing"" OR ""nanopore sequencing"" OR ""hybrid assembly"") AND (""Illumina"" OR ""short-read sequencing"" OR ""next-generation sequencing"") AND (""scaffold"" OR ""contig"" OR ""N50"" OR ""genome annotation"" OR ""repetitive sequences"" OR ""protein-coding genes"")",1,31077316,De novo assembly of the Indian blue peacock (Pavo cristatus) genome using Oxford Nanopore technology and Illumina sequencing.
31077316,"(""peacock"" OR ""Pavo cristatus"" OR ""peafowl"") AND (""genome assembly"" OR ""genome sequencing"" OR ""de novo assembly"") AND (""Oxford Nanopore"" OR ""ONT"" OR ""long-read sequencing"" OR ""nanopore sequencing"" OR ""hybrid assembly"") AND (""Illumina"" OR ""short-read sequencing"" OR ""next-generation sequencing"") AND (""scaffold"" OR ""contig"" OR ""N50"" OR ""genome annotation"" OR ""repetitive sequences"" OR ""protein-coding genes"")",2,28348876,Comparison of bacterial genome assembly software for MinION data and their applicability to medical microbiology.
38388166,"(""Klebsiella pneumoniae"" OR ""Klebsiella"" OR ""Klebsiella quasipneumoniae"") AND (""turkey"" OR ""broiler"" OR ""poultry"" OR ""avian"") AND (""metagenomics"" OR ""shotgun metagenomic"" OR ""metagenomic sequencing"" OR ""whole genome sequencing"" OR ""qPCR"" OR ""quantitative PCR"" OR ""culturing"" OR ""culture-based"") AND (""abundance"" OR ""quantification"" OR ""detection"" OR ""prevalence"") AND (""microbiome"" OR ""gut microbiota"" OR ""flock"" OR ""cecum"" OR ""cloacal"")",1,35230155,Metagenomic Insights into Chicken Gut Antibiotic Resistomes and Microbiomes.
38388166,"(""Klebsiella pneumoniae"" OR ""Klebsiella"" OR ""Klebsiella quasipneumoniae"") AND (""turkey"" OR ""broiler"" OR ""poultry"" OR ""avian"") AND (""metagenomics"" OR ""shotgun metagenomic"" OR ""metagenomic sequencing"" OR ""whole genome sequencing"" OR ""qPCR"" OR ""quantitative PCR"" OR ""culturing"" OR ""culture-based"") AND (""abundance"" OR ""quantification"" OR ""detection"" OR ""prevalence"") AND (""microbiome"" OR ""gut microbiota"" OR ""flock"" OR ""cecum"" OR ""cloacal"")",2,38388166,Detection of Klebsiella pneumoniae in healthy poultry: Insights and perspectives from culturing and metagenomics.
38388166,"(""Klebsiella pneumoniae"" OR ""Klebsiella"" OR ""Klebsiella quasipneumoniae"") AND (""turkey"" OR ""broiler"" OR ""poultry"" OR ""avian"") AND (""metagenomics"" OR ""shotgun metagenomic"" OR ""metagenomic sequencing"" OR ""whole genome sequencing"" OR ""qPCR"" OR ""quantitative PCR"" OR ""culturing"" OR ""culture-based"") AND (""abundance"" OR ""quantification"" OR ""detection"" OR ""prevalence"") AND (""microbiome"" OR ""gut microbiota"" OR ""flock"" OR ""cecum"" OR ""cloacal"")",3,36972753,Emergence of blaSHV-12 and qnrS1 encoded on IncX3 plasmids: Changing epidemiology of extended-spectrum ß-lactamases among Enterobacterales isolated from broilers.
38388166,"(""Klebsiella pneumoniae"" OR ""Klebsiella"" OR ""Klebsiella quasipneumoniae"") AND (""turkey"" OR ""broiler"" OR ""poultry"" OR ""avian"") AND (""metagenomics"" OR ""shotgun metagenomic"" OR ""metagenomic sequencing"" OR ""whole genome sequencing"" OR ""qPCR"" OR ""quantitative PCR"" OR ""culturing"" OR ""culture-based"") AND (""abundance"" OR ""quantification"" OR ""detection"" OR ""prevalence"") AND (""microbiome"" OR ""gut microbiota"" OR ""flock"" OR ""cecum"" OR ""cloacal"")",4,29439741,Antibiotic-mediated changes in the fecal microbiome of broiler chickens define the incidence of antibiotic resistance genes.
38388166,"(""Klebsiella pneumoniae"" OR ""Klebsiella"" OR ""Klebsiella quasipneumoniae"") AND (""turkey"" OR ""broiler"" OR ""poultry"" OR ""avian"") AND (""metagenomics"" OR ""shotgun metagenomic"" OR ""metagenomic sequencing"" OR ""whole genome sequencing"" OR ""qPCR"" OR ""quantitative PCR"" OR ""culturing"" OR ""culture-based"") AND (""abundance"" OR ""quantification"" OR ""detection"" OR ""prevalence"") AND (""microbiome"" OR ""gut microbiota"" OR ""flock"" OR ""cecum"" OR ""cloacal"")",5,40774043,Importance of chick origin in introducing multidrug-resistant and extended-spectrum beta-lactamase-producing Enterobacteriaceae into an organic broiler farm.
37829276,"(""Xenacoelomorpha"" OR ""Nemertodermatida"" OR ""Acoelomorpha"" OR ""Nemertoderma"") AND (""genome sequencing"" OR ""genome assembly"" OR ""genomics"" OR ""whole genome"") AND (""single specimen"" OR ""single individual"" OR ""ultra-low input"" OR ""low input DNA"" OR ""HiFi"" OR ""PacBio"") AND (""comparative genomics"" OR ""genome evolution"" OR ""BUSCO"" OR ""genome completeness"" OR ""annotation"")",1,37829276,The draft genome of the microscopic Nemertoderma westbladi sheds light on the evolution of Acoelomorpha genomes.
37829276,"(""Xenacoelomorpha"" OR ""Nemertodermatida"" OR ""Acoelomorpha"" OR ""Nemertoderma"") AND (""genome sequencing"" OR ""genome assembly"" OR ""genomics"" OR ""whole genome"") AND (""single specimen"" OR ""single individual"" OR ""ultra-low input"" OR ""low input DNA"" OR ""HiFi"" OR ""PacBio"") AND (""comparative genomics"" OR ""genome evolution"" OR ""BUSCO"" OR ""genome completeness"" OR ""annotation"")",2,36542495,"Genome assembly of the acoel flatworm Symsagittifera roscoffensis, a model for research on body plan evolution and photosymbiosis."
30268511,"(""mammosphere assay"" OR ""mammosphere formation"" OR ""tumorsphere assay"" OR ""tumor sphere"" OR ""cancer stem cell sphere"") AND (""breast cancer"" OR ""breast tumor"" OR ""MCF-7"" OR ""T47D"") AND (""sphere-forming efficiency"" OR ""sphere forming efficiency"" OR ""single cell tracking"" OR ""cell seeding density"" OR ""stem-like cells"" OR ""cancer stem cells"") AND (""aggregation"" OR ""clonal"" OR ""protocol"" OR ""standardization"" OR ""optimization"")",1,22225725,Breast-cancer stem cells-beyond semantics.
30268511,"(""mammosphere assay"" OR ""mammosphere formation"" OR ""tumorsphere assay"" OR ""tumor sphere"" OR ""cancer stem cell sphere"") AND (""breast cancer"" OR ""breast tumor"" OR ""MCF-7"" OR ""T47D"") AND (""sphere-forming efficiency"" OR ""sphere forming efficiency"" OR ""single cell tracking"" OR ""cell seeding density"" OR ""stem-like cells"" OR ""cancer stem cells"") AND (""aggregation"" OR ""clonal"" OR ""protocol"" OR ""standardization"" OR ""optimization"")",2,26820950,Breast Cancer Stem Cell Isolation.
30268511,"(""mammosphere assay"" OR ""mammosphere formation"" OR ""tumorsphere assay"" OR ""tumor sphere"" OR ""cancer stem cell sphere"") AND (""breast cancer"" OR ""breast tumor"" OR ""MCF-7"" OR ""T47D"") AND (""sphere-forming efficiency"" OR ""sphere forming efficiency"" OR ""single cell tracking"" OR ""cell seeding density"" OR ""stem-like cells"" OR ""cancer stem cells"") AND (""aggregation"" OR ""clonal"" OR ""protocol"" OR ""standardization"" OR ""optimization"")",3,15378086,Cancer stem cells in nervous system tumors.
30268511,"(""mammosphere assay"" OR ""mammosphere formation"" OR ""tumorsphere assay"" OR ""tumor sphere"" OR ""cancer stem cell sphere"") AND (""breast cancer"" OR ""breast tumor"" OR ""MCF-7"" OR ""T47D"") AND (""sphere-forming efficiency"" OR ""sphere forming efficiency"" OR ""single cell tracking"" OR ""cell seeding density"" OR ""stem-like cells"" OR ""cancer stem cells"") AND (""aggregation"" OR ""clonal"" OR ""protocol"" OR ""standardization"" OR ""optimization"")",4,33547369,Lipid tethering of breast tumor cells reduces cell aggregation during mammosphere formation.
30268511,"(""mammosphere assay"" OR ""mammosphere formation"" OR ""tumorsphere assay"" OR ""tumor sphere"" OR ""cancer stem cell sphere"") AND (""breast cancer"" OR ""breast tumor"" OR ""MCF-7"" OR ""T47D"") AND (""sphere-forming efficiency"" OR ""sphere forming efficiency"" OR ""single cell tracking"" OR ""cell seeding density"" OR ""stem-like cells"" OR ""cancer stem cells"") AND (""aggregation"" OR ""clonal"" OR ""protocol"" OR ""standardization"" OR ""optimization"")",5,32176214,Obtaining Cancer Stem Cell Spheres from Gynecological and Breast Cancer Tumors.
30268511,"(""mammosphere assay"" OR ""mammosphere formation"" OR ""tumorsphere assay"" OR ""tumor sphere"" OR ""cancer stem cell sphere"") AND (""breast cancer"" OR ""breast tumor"" OR ""MCF-7"" OR ""T47D"") AND (""sphere-forming efficiency"" OR ""sphere forming efficiency"" OR ""single cell tracking"" OR ""cell seeding density"" OR ""stem-like cells"" OR ""cancer stem cells"") AND (""aggregation"" OR ""clonal"" OR ""protocol"" OR ""standardization"" OR ""optimization"")",6,41838736,Mammosphere Assay Reveals Api5-Induced Stemness in Non-Tumorigenic Breast Epithelial Cell Lines.
30268511,"(""mammosphere assay"" OR ""mammosphere formation"" OR ""tumorsphere assay"" OR ""tumor sphere"" OR ""cancer stem cell sphere"") AND (""breast cancer"" OR ""breast tumor"" OR ""MCF-7"" OR ""T47D"") AND (""sphere-forming efficiency"" OR ""sphere forming efficiency"" OR ""single cell tracking"" OR ""cell seeding density"" OR ""stem-like cells"" OR ""cancer stem cells"") AND (""aggregation"" OR ""clonal"" OR ""protocol"" OR ""standardization"" OR ""optimization"")",7,39939870,Rack1 promotes breast cancer stemness properties and tumorigenesis through the E2F1-SOX2 axis.
30268511,"(""mammosphere assay"" OR ""mammosphere formation"" OR ""tumorsphere assay"" OR ""tumor sphere"" OR ""cancer stem cell sphere"") AND (""breast cancer"" OR ""breast tumor"" OR ""MCF-7"" OR ""T47D"") AND (""sphere-forming efficiency"" OR ""sphere forming efficiency"" OR ""single cell tracking"" OR ""cell seeding density"" OR ""stem-like cells"" OR ""cancer stem cells"") AND (""aggregation"" OR ""clonal"" OR ""protocol"" OR ""standardization"" OR ""optimization"")",8,27292795,High-Throughput Single-Cell Derived Sphere Formation for Cancer Stem-Like Cell Identification and Analysis.
30268511,"(""mammosphere assay"" OR ""mammosphere formation"" OR ""tumorsphere assay"" OR ""tumor sphere"" OR ""cancer stem cell sphere"") AND (""breast cancer"" OR ""breast tumor"" OR ""MCF-7"" OR ""T47D"") AND (""sphere-forming efficiency"" OR ""sphere forming efficiency"" OR ""single cell tracking"" OR ""cell seeding density"" OR ""stem-like cells"" OR ""cancer stem cells"") AND (""aggregation"" OR ""clonal"" OR ""protocol"" OR ""standardization"" OR ""optimization"")",9,32570844,Caudatin Isolated from Cynanchum auriculatum Inhibits Breast Cancer Stem Cell Formation via a GR/YAP Signaling.
30268511,"(""mammosphere assay"" OR ""mammosphere formation"" OR ""tumorsphere assay"" OR ""tumor sphere"" OR ""cancer stem cell sphere"") AND (""breast cancer"" OR ""breast tumor"" OR ""MCF-7"" OR ""T47D"") AND (""sphere-forming efficiency"" OR ""sphere forming efficiency"" OR ""single cell tracking"" OR ""cell seeding density"" OR ""stem-like cells"" OR ""cancer stem cells"") AND (""aggregation"" OR ""clonal"" OR ""protocol"" OR ""standardization"" OR ""optimization"")",10,30268511,Single-Cell Tracking of Breast Cancer Cells Enables Prediction of Sphere Formation from Early Cell Divisions.
40872802,"(""bacteriophage"" OR ""phage"" OR ""phages"") AND (""Pseudomonas aeruginosa"") AND (""phage therapy"" OR ""bacteriophage therapy"" OR ""phage therapeutics"") AND (""multidrug-resistant"" OR ""antibiotic-resistant"" OR ""MDR"" OR ""antimicrobial resistance"") AND (""Pbunavirus"" OR ""Lindbergviridae"" OR ""lytic phage"" OR ""lytic bacteriophage"") AND (""Galleria mellonella"" OR ""in vivo"" OR ""infection model"" OR ""animal model"") AND (""host range"" OR ""genomic analysis"" OR ""genome"" OR ""phylogenomic"" OR ""whole genome"")",1,37125933,Isolation and Characterization of Three Pseudomonas aeruginosa Viruses with Therapeutic Potential.
40872802,"(""bacteriophage"" OR ""phage"" OR ""phages"") AND (""Pseudomonas aeruginosa"") AND (""phage therapy"" OR ""bacteriophage therapy"" OR ""phage therapeutics"") AND (""multidrug-resistant"" OR ""antibiotic-resistant"" OR ""MDR"" OR ""antimicrobial resistance"") AND (""Pbunavirus"" OR ""Lindbergviridae"" OR ""lytic phage"" OR ""lytic bacteriophage"") AND (""Galleria mellonella"" OR ""in vivo"" OR ""infection model"" OR ""animal model"") AND (""host range"" OR ""genomic analysis"" OR ""genome"" OR ""phylogenomic"" OR ""whole genome"")",2,40872802,Pseudomonas Phage Banzai: Genomic and Functional Analysis of Novel Pbunavirus with Lytic Activity Against Pseudomonas aeruginosa.
40872802,"(""bacteriophage"" OR ""phage"" OR ""phages"") AND (""Pseudomonas aeruginosa"") AND (""phage therapy"" OR ""bacteriophage therapy"" OR ""phage therapeutics"") AND (""multidrug-resistant"" OR ""antibiotic-resistant"" OR ""MDR"" OR ""antimicrobial resistance"") AND (""Pbunavirus"" OR ""Lindbergviridae"" OR ""lytic phage"" OR ""lytic bacteriophage"") AND (""Galleria mellonella"" OR ""in vivo"" OR ""infection model"" OR ""animal model"") AND (""host range"" OR ""genomic analysis"" OR ""genome"" OR ""phylogenomic"" OR ""whole genome"")",3,38298921,Resistance against two lytic phage variants attenuates virulence and antibiotic resistance in Pseudomonas aeruginosa.
40872802,"(""bacteriophage"" OR ""phage"" OR ""phages"") AND (""Pseudomonas aeruginosa"") AND (""phage therapy"" OR ""bacteriophage therapy"" OR ""phage therapeutics"") AND (""multidrug-resistant"" OR ""antibiotic-resistant"" OR ""MDR"" OR ""antimicrobial resistance"") AND (""Pbunavirus"" OR ""Lindbergviridae"" OR ""lytic phage"" OR ""lytic bacteriophage"") AND (""Galleria mellonella"" OR ""in vivo"" OR ""infection model"" OR ""animal model"") AND (""host range"" OR ""genomic analysis"" OR ""genome"" OR ""phylogenomic"" OR ""whole genome"")",4,38089014,Coevolutionary phage training and Joint application delays the emergence of phage resistance in Pseudomonas aeruginosa.
40872802,"(""bacteriophage"" OR ""phage"" OR ""phages"") AND (""Pseudomonas aeruginosa"") AND (""phage therapy"" OR ""bacteriophage therapy"" OR ""phage therapeutics"") AND (""multidrug-resistant"" OR ""antibiotic-resistant"" OR ""MDR"" OR ""antimicrobial resistance"") AND (""Pbunavirus"" OR ""Lindbergviridae"" OR ""lytic phage"" OR ""lytic bacteriophage"") AND (""Galleria mellonella"" OR ""in vivo"" OR ""infection model"" OR ""animal model"") AND (""host range"" OR ""genomic analysis"" OR ""genome"" OR ""phylogenomic"" OR ""whole genome"")",5,41879899,"Characterization, genomic insights and anti-biofilm potential of phage vB_PaeM_PKMS3, a lytic Pbunavirus capable of infecting clinical Pseudomonas aeruginosa isolates."
40872802,"(""bacteriophage"" OR ""phage"" OR ""phages"") AND (""Pseudomonas aeruginosa"") AND (""phage therapy"" OR ""bacteriophage therapy"" OR ""phage therapeutics"") AND (""multidrug-resistant"" OR ""antibiotic-resistant"" OR ""MDR"" OR ""antimicrobial resistance"") AND (""Pbunavirus"" OR ""Lindbergviridae"" OR ""lytic phage"" OR ""lytic bacteriophage"") AND (""Galleria mellonella"" OR ""in vivo"" OR ""infection model"" OR ""animal model"") AND (""host range"" OR ""genomic analysis"" OR ""genome"" OR ""phylogenomic"" OR ""whole genome"")",6,39262041,Formulation of Dual-Functional Nonionic Cetomacrogol Creams Incorporated with Bacteriophage and Human Platelet Lysate for Effective Targeting of MDR P. aeruginosa and Enhanced Wound Healing.
40872802,"(""bacteriophage"" OR ""phage"" OR ""phages"") AND (""Pseudomonas aeruginosa"") AND (""phage therapy"" OR ""bacteriophage therapy"" OR ""phage therapeutics"") AND (""multidrug-resistant"" OR ""antibiotic-resistant"" OR ""MDR"" OR ""antimicrobial resistance"") AND (""Pbunavirus"" OR ""Lindbergviridae"" OR ""lytic phage"" OR ""lytic bacteriophage"") AND (""Galleria mellonella"" OR ""in vivo"" OR ""infection model"" OR ""animal model"") AND (""host range"" OR ""genomic analysis"" OR ""genome"" OR ""phylogenomic"" OR ""whole genome"")",7,40508147,Phage-Antibiotic Synergy Enhances Biofilm Eradication and Survival in a Zebrafish Model of Pseudomonas aeruginosa Infection.
40872802,"(""bacteriophage"" OR ""phage"" OR ""phages"") AND (""Pseudomonas aeruginosa"") AND (""phage therapy"" OR ""bacteriophage therapy"" OR ""phage therapeutics"") AND (""multidrug-resistant"" OR ""antibiotic-resistant"" OR ""MDR"" OR ""antimicrobial resistance"") AND (""Pbunavirus"" OR ""Lindbergviridae"" OR ""lytic phage"" OR ""lytic bacteriophage"") AND (""Galleria mellonella"" OR ""in vivo"" OR ""infection model"" OR ""animal model"") AND (""host range"" OR ""genomic analysis"" OR ""genome"" OR ""phylogenomic"" OR ""whole genome"")",8,37608144,A novel lytic phage exhibiting a remarkable in vivo therapeutic potential and higher antibiofilm activity against Pseudomonas aeruginosa.
40872802,"(""bacteriophage"" OR ""phage"" OR ""phages"") AND (""Pseudomonas aeruginosa"") AND (""phage therapy"" OR ""bacteriophage therapy"" OR ""phage therapeutics"") AND (""multidrug-resistant"" OR ""antibiotic-resistant"" OR ""MDR"" OR ""antimicrobial resistance"") AND (""Pbunavirus"" OR ""Lindbergviridae"" OR ""lytic phage"" OR ""lytic bacteriophage"") AND (""Galleria mellonella"" OR ""in vivo"" OR ""infection model"" OR ""animal model"") AND (""host range"" OR ""genomic analysis"" OR ""genome"" OR ""phylogenomic"" OR ""whole genome"")",9,40588032,"vB_PaeP_PZH3, a novel bacteriophage for the treatment of MDR Pseudomonas aeruginosa in a mouse wound infection model."
40872802,"(""bacteriophage"" OR ""phage"" OR ""phages"") AND (""Pseudomonas aeruginosa"") AND (""phage therapy"" OR ""bacteriophage therapy"" OR ""phage therapeutics"") AND (""multidrug-resistant"" OR ""antibiotic-resistant"" OR ""MDR"" OR ""antimicrobial resistance"") AND (""Pbunavirus"" OR ""Lindbergviridae"" OR ""lytic phage"" OR ""lytic bacteriophage"") AND (""Galleria mellonella"" OR ""in vivo"" OR ""infection model"" OR ""animal model"") AND (""host range"" OR ""genomic analysis"" OR ""genome"" OR ""phylogenomic"" OR ""whole genome"")",10,40142404,"Isolation, Characterization, and Genomic Analysis of Bacteriophages Against Pseudomonas aeruginosa Clinical Isolates from Early and Chronic Cystic Fibrosis Patients for Potential Phage Therapy."
35438621,"(""high molecular weight DNA"" OR ""HMW DNA"" OR ""DNA extraction"" OR ""DNA isolation"") AND (""long-read sequencing"" OR ""third generation sequencing"" OR ""nanopore"" OR ""PacBio"" OR ""SMRT sequencing"" OR ""Oxford Nanopore"") AND (""fungi"" OR ""fungal"" OR ""filamentous fungi"" OR ""ascomycetes"" OR ""Aspergillus"" OR ""Penicillium"") AND (""genome assembly"" OR ""whole genome sequencing"" OR ""de novo assembly"" OR ""genome sequencing"")",1,42627185,Random PCR-based nanopore whole-genome sequencing enables pre-positivity detection of fungal bloodstream infections.
35438621,"(""high molecular weight DNA"" OR ""HMW DNA"" OR ""DNA extraction"" OR ""DNA isolation"") AND (""long-read sequencing"" OR ""third generation sequencing"" OR ""nanopore"" OR ""PacBio"" OR ""SMRT sequencing"" OR ""Oxford Nanopore"") AND (""fungi"" OR ""fungal"" OR ""filamentous fungi"" OR ""ascomycetes"" OR ""Aspergillus"" OR ""Penicillium"") AND (""genome assembly"" OR ""whole genome sequencing"" OR ""de novo assembly"" OR ""genome sequencing"")",2,34686973,Isolation of High-Molecular-Weight (HMW ) DNA from Fusarium oxysporum for Long-Read Sequencing.
35438621,"(""high molecular weight DNA"" OR ""HMW DNA"" OR ""DNA extraction"" OR ""DNA isolation"") AND (""long-read sequencing"" OR ""third generation sequencing"" OR ""nanopore"" OR ""PacBio"" OR ""SMRT sequencing"" OR ""Oxford Nanopore"") AND (""fungi"" OR ""fungal"" OR ""filamentous fungi"" OR ""ascomycetes"" OR ""Aspergillus"" OR ""Penicillium"") AND (""genome assembly"" OR ""whole genome sequencing"" OR ""de novo assembly"" OR ""genome sequencing"")",3,33193577,High-Quality Genome Assembly of Fusarium oxysporum f. sp. lini.
35438621,"(""high molecular weight DNA"" OR ""HMW DNA"" OR ""DNA extraction"" OR ""DNA isolation"") AND (""long-read sequencing"" OR ""third generation sequencing"" OR ""nanopore"" OR ""PacBio"" OR ""SMRT sequencing"" OR ""Oxford Nanopore"") AND (""fungi"" OR ""fungal"" OR ""filamentous fungi"" OR ""ascomycetes"" OR ""Aspergillus"" OR ""Penicillium"") AND (""genome assembly"" OR ""whole genome sequencing"" OR ""de novo assembly"" OR ""genome sequencing"")",4,34264958,"High-molecular weight DNA extraction, clean-up and size selection for long-read sequencing."
35438621,"(""high molecular weight DNA"" OR ""HMW DNA"" OR ""DNA extraction"" OR ""DNA isolation"") AND (""long-read sequencing"" OR ""third generation sequencing"" OR ""nanopore"" OR ""PacBio"" OR ""SMRT sequencing"" OR ""Oxford Nanopore"") AND (""fungi"" OR ""fungal"" OR ""filamentous fungi"" OR ""ascomycetes"" OR ""Aspergillus"" OR ""Penicillium"") AND (""genome assembly"" OR ""whole genome sequencing"" OR ""de novo assembly"" OR ""genome sequencing"")",5,35082361,Metagenomic sequencing for detection and identification of the boxwood blight pathogen Calonectria pseudonaviculata.
35438621,"(""high molecular weight DNA"" OR ""HMW DNA"" OR ""DNA extraction"" OR ""DNA isolation"") AND (""long-read sequencing"" OR ""third generation sequencing"" OR ""nanopore"" OR ""PacBio"" OR ""SMRT sequencing"" OR ""Oxford Nanopore"") AND (""fungi"" OR ""fungal"" OR ""filamentous fungi"" OR ""ascomycetes"" OR ""Aspergillus"" OR ""Penicillium"") AND (""genome assembly"" OR ""whole genome sequencing"" OR ""de novo assembly"" OR ""genome sequencing"")",6,36520390,"Tissue Cultivation, Preparation, and Extraction of High Molecular Weight DNA for Single-Molecule Genome Sequencing of Plant-Associated Fungi."
35438621,"(""high molecular weight DNA"" OR ""HMW DNA"" OR ""DNA extraction"" OR ""DNA isolation"") AND (""long-read sequencing"" OR ""third generation sequencing"" OR ""nanopore"" OR ""PacBio"" OR ""SMRT sequencing"" OR ""Oxford Nanopore"") AND (""fungi"" OR ""fungal"" OR ""filamentous fungi"" OR ""ascomycetes"" OR ""Aspergillus"" OR ""Penicillium"") AND (""genome assembly"" OR ""whole genome sequencing"" OR ""de novo assembly"" OR ""genome sequencing"")",7,35438621,High molecular weight DNA extraction methods lead to high quality filamentous ascomycete fungal genome assemblies using Oxford Nanopore sequencing.
35438621,"(""high molecular weight DNA"" OR ""HMW DNA"" OR ""DNA extraction"" OR ""DNA isolation"") AND (""long-read sequencing"" OR ""third generation sequencing"" OR ""nanopore"" OR ""PacBio"" OR ""SMRT sequencing"" OR ""Oxford Nanopore"") AND (""fungi"" OR ""fungal"" OR ""filamentous fungi"" OR ""ascomycetes"" OR ""Aspergillus"" OR ""Penicillium"") AND (""genome assembly"" OR ""whole genome sequencing"" OR ""de novo assembly"" OR ""genome sequencing"")",8,39432409,Applying nanopore sequencing technology in Paracoccidioides sp.: a high-quality DNA isolation method for next-generation genomic studies.
35438621,"(""high molecular weight DNA"" OR ""HMW DNA"" OR ""DNA extraction"" OR ""DNA isolation"") AND (""long-read sequencing"" OR ""third generation sequencing"" OR ""nanopore"" OR ""PacBio"" OR ""SMRT sequencing"" OR ""Oxford Nanopore"") AND (""fungi"" OR ""fungal"" OR ""filamentous fungi"" OR ""ascomycetes"" OR ""Aspergillus"" OR ""Penicillium"") AND (""genome assembly"" OR ""whole genome sequencing"" OR ""de novo assembly"" OR ""genome sequencing"")",9,28448006,Purification of High Molecular Weight Genomic DNA from Powdery Mildew for Long-Read Sequencing.
35438621,"(""high molecular weight DNA"" OR ""HMW DNA"" OR ""DNA extraction"" OR ""DNA isolation"") AND (""long-read sequencing"" OR ""third generation sequencing"" OR ""nanopore"" OR ""PacBio"" OR ""SMRT sequencing"" OR ""Oxford Nanopore"") AND (""fungi"" OR ""fungal"" OR ""filamentous fungi"" OR ""ascomycetes"" OR ""Aspergillus"" OR ""Penicillium"") AND (""genome assembly"" OR ""whole genome sequencing"" OR ""de novo assembly"" OR ""genome sequencing"")",10,26620247,Robust and effective methodologies for cryopreservation and DNA extraction from anaerobic gut fungi.
28607482,"(""primordial germ cell"" OR ""PGC"" OR ""germ cell specification"") AND (""porcine"" OR ""pig"" OR ""human"" OR ""monkey"" OR ""primate"") AND (""epiblast"" OR ""gastrulation"" OR ""post-implantation"") AND (""SOX17"" OR ""BLIMP1"" OR ""PRDM1"") AND (""BMP signalling"" OR ""WNT signalling"" OR ""BMP pathway"" OR ""WNT pathway"") AND (""epigenetic"" OR ""pluripotency"" OR ""germ cell fate"")",1,28607482,Principles of early human development and germ cell program from conserved model systems.
29641611,"(""nature-based solutions"" OR ""green infrastructure"" OR ""natural infrastructure"" OR ""ecosystem-based adaptation"" OR ""nature-based adaptation"") AND (""coastal flood"" OR ""coastal flooding"" OR ""flood risk"" OR ""coastal risk"") AND (""cost-benefit"" OR ""benefit-cost"" OR ""cost effectiveness"" OR ""cost-effective"") AND (""oyster reef"" OR ""wetland restoration"" OR ""mangrove"" OR ""salt marsh"" OR ""reef restoration"" OR ""coastal wetland"") AND (""climate change"" OR ""sea level rise"" OR ""storm surge"") AND (""adaptation"" OR ""risk reduction"" OR ""coastal protection"")",1,41557806,Mangrove restoration and coastal flood adaptation: A global perspective on the potential for hybrid coastal defenses.
29641611,"(""nature-based solutions"" OR ""green infrastructure"" OR ""natural infrastructure"" OR ""ecosystem-based adaptation"" OR ""nature-based adaptation"") AND (""coastal flood"" OR ""coastal flooding"" OR ""flood risk"" OR ""coastal risk"") AND (""cost-benefit"" OR ""benefit-cost"" OR ""cost effectiveness"" OR ""cost-effective"") AND (""oyster reef"" OR ""wetland restoration"" OR ""mangrove"" OR ""salt marsh"" OR ""reef restoration"" OR ""coastal wetland"") AND (""climate change"" OR ""sea level rise"" OR ""storm surge"") AND (""adaptation"" OR ""risk reduction"" OR ""coastal protection"")",2,29641611,Comparing the cost effectiveness of nature-based and coastal adaptation: A case study from the Gulf Coast of the United States.
30625152,"(""genome-scale model"" OR ""genome scale model"" OR ""metabolic reconstruction"" OR ""GEM"" OR ""constraint-based model"") AND (""Staphylococcus aureus"" OR ""S. aureus"" OR ""MRSA"" OR ""USA300"") AND (""protein structure"" OR ""GEM-PRO"" OR ""3D structure"" OR ""structural"") AND (""gene essentiality"" OR ""flux balance analysis"" OR ""FBA"" OR ""metabolomics"" OR ""transposon"" OR ""RB-TnSeq"")",1,30625152,A computational knowledge-base elucidates the response of Staphylococcus aureus to different media types.
36329019,"(""fluorescent protein"" OR ""fluorescence calibration"" OR ""FP calibrant"") AND (""microplate reader"" OR ""plate reader"") AND (""absolute units"" OR ""calibration"" OR ""quantification"") AND (""proteins per cell"" OR ""cell concentration"" OR ""optical density"" OR ""cell count"") AND (""synthetic biology"" OR ""microbial"" OR ""bacterial"" OR ""gene expression"" OR ""genetic parts"")",1,35949424,Multicolor plate reader fluorescence calibration.
36329019,"(""fluorescent protein"" OR ""fluorescence calibration"" OR ""FP calibrant"") AND (""microplate reader"" OR ""plate reader"") AND (""absolute units"" OR ""calibration"" OR ""quantification"") AND (""proteins per cell"" OR ""cell concentration"" OR ""optical density"" OR ""cell count"") AND (""synthetic biology"" OR ""microbial"" OR ""bacterial"" OR ""gene expression"" OR ""genetic parts"")",2,32943734,Robust estimation of bacterial cell count from optical density.
42007381,"(""acute lung injury"" OR ""ALI"" OR ""acute respiratory distress syndrome"" OR ""ARDS"") AND (""lipopolysaccharide"" OR ""LPS"" OR ""endotoxin"") AND (""mouse model"" OR ""murine model"" OR ""animal model"" OR ""experimental model"") AND (""intratracheal"" OR ""intranasal"" OR ""pulmonary administration"") AND (""aged"" OR ""aging"" OR ""elderly"" OR ""old mice"" OR ""senescent"")",1,39678869,Exacerbation of pulmonary fibrosis following acute lung injury via activin-A production by recruited alveolar macrophages.
42007381,"(""acute lung injury"" OR ""ALI"" OR ""acute respiratory distress syndrome"" OR ""ARDS"") AND (""lipopolysaccharide"" OR ""LPS"" OR ""endotoxin"") AND (""mouse model"" OR ""murine model"" OR ""animal model"" OR ""experimental model"") AND (""intratracheal"" OR ""intranasal"" OR ""pulmonary administration"") AND (""aged"" OR ""aging"" OR ""elderly"" OR ""old mice"" OR ""senescent"")",2,38006357,Impact of lipopolysaccharide-induced acute lung injury in aged mice.
42007381,"(""acute lung injury"" OR ""ALI"" OR ""acute respiratory distress syndrome"" OR ""ARDS"") AND (""lipopolysaccharide"" OR ""LPS"" OR ""endotoxin"") AND (""mouse model"" OR ""murine model"" OR ""animal model"" OR ""experimental model"") AND (""intratracheal"" OR ""intranasal"" OR ""pulmonary administration"") AND (""aged"" OR ""aging"" OR ""elderly"" OR ""old mice"" OR ""senescent"")",3,38054825,S14G-humanin alleviates acute lung injury by inhibiting the activation of NF-κB.
42007381,"(""acute lung injury"" OR ""ALI"" OR ""acute respiratory distress syndrome"" OR ""ARDS"") AND (""lipopolysaccharide"" OR ""LPS"" OR ""endotoxin"") AND (""mouse model"" OR ""murine model"" OR ""animal model"" OR ""experimental model"") AND (""intratracheal"" OR ""intranasal"" OR ""pulmonary administration"") AND (""aged"" OR ""aging"" OR ""elderly"" OR ""old mice"" OR ""senescent"")",4,42300751,Aged garlic extract suppressed macrophage-mediated inflammation in acute respiratory distress syndrome.
42007381,"(""acute lung injury"" OR ""ALI"" OR ""acute respiratory distress syndrome"" OR ""ARDS"") AND (""lipopolysaccharide"" OR ""LPS"" OR ""endotoxin"") AND (""mouse model"" OR ""murine model"" OR ""animal model"" OR ""experimental model"") AND (""intratracheal"" OR ""intranasal"" OR ""pulmonary administration"") AND (""aged"" OR ""aging"" OR ""elderly"" OR ""old mice"" OR ""senescent"")",5,42174290,GBP5 Aggravates Acute Lung Injury Via NLRP3 Inflammasome Activation While Inducing a HIF-1α-CD73-adenosine Feedback Loop.
42007381,"(""acute lung injury"" OR ""ALI"" OR ""acute respiratory distress syndrome"" OR ""ARDS"") AND (""lipopolysaccharide"" OR ""LPS"" OR ""endotoxin"") AND (""mouse model"" OR ""murine model"" OR ""animal model"" OR ""experimental model"") AND (""intratracheal"" OR ""intranasal"" OR ""pulmonary administration"") AND (""aged"" OR ""aging"" OR ""elderly"" OR ""old mice"" OR ""senescent"")",6,40102943,Extracellular vesicle-bound S100A8/A9 is differentially expressed in septic shock and prompts acute lung injury.
42007381,"(""acute lung injury"" OR ""ALI"" OR ""acute respiratory distress syndrome"" OR ""ARDS"") AND (""lipopolysaccharide"" OR ""LPS"" OR ""endotoxin"") AND (""mouse model"" OR ""murine model"" OR ""animal model"" OR ""experimental model"") AND (""intratracheal"" OR ""intranasal"" OR ""pulmonary administration"") AND (""aged"" OR ""aging"" OR ""elderly"" OR ""old mice"" OR ""senescent"")",7,42007381,Endotoxin-induced acute lung injury in old C57BL/6J mice is a translationally relevant geroscience model.
42007381,"(""acute lung injury"" OR ""ALI"" OR ""acute respiratory distress syndrome"" OR ""ARDS"") AND (""lipopolysaccharide"" OR ""LPS"" OR ""endotoxin"") AND (""mouse model"" OR ""murine model"" OR ""animal model"" OR ""experimental model"") AND (""intratracheal"" OR ""intranasal"" OR ""pulmonary administration"") AND (""aged"" OR ""aging"" OR ""elderly"" OR ""old mice"" OR ""senescent"")",8,25903964,Vitamin D deficiency contributes directly to the acute respiratory distress syndrome (ARDS).
42007381,"(""acute lung injury"" OR ""ALI"" OR ""acute respiratory distress syndrome"" OR ""ARDS"") AND (""lipopolysaccharide"" OR ""LPS"" OR ""endotoxin"") AND (""mouse model"" OR ""murine model"" OR ""animal model"" OR ""experimental model"") AND (""intratracheal"" OR ""intranasal"" OR ""pulmonary administration"") AND (""aged"" OR ""aging"" OR ""elderly"" OR ""old mice"" OR ""senescent"")",9,32997738,Aging Influences the Metabolic and Inflammatory Phenotype in an Experimental Mouse Model of Acute Lung Injury.
42007381,"(""acute lung injury"" OR ""ALI"" OR ""acute respiratory distress syndrome"" OR ""ARDS"") AND (""lipopolysaccharide"" OR ""LPS"" OR ""endotoxin"") AND (""mouse model"" OR ""murine model"" OR ""animal model"" OR ""experimental model"") AND (""intratracheal"" OR ""intranasal"" OR ""pulmonary administration"") AND (""aged"" OR ""aging"" OR ""elderly"" OR ""old mice"" OR ""senescent"")",10,15374839,Contributions of high mobility group box protein in experimental and clinical acute lung injury.
40163522,"(""reproductive isolation"" OR ""hybridization"" OR ""hybrid zone"" OR ""admixture"") AND (""Mimulus"" OR ""monkeyflower"") AND (""mating system"" OR ""phenology"" OR ""assortative mating"" OR ""gene flow"") AND (""whole genome sequencing"" OR ""low-coverage sequencing"" OR ""population genomics"" OR ""ancestry proportion"" OR ""hybrid ancestry"")",1,40163522,Fluctuating reproductive isolation and stable ancestry structure in a fine-scaled mosaic of hybridizing Mimulus monkeyflowers.
40163522,"(""reproductive isolation"" OR ""hybridization"" OR ""hybrid zone"" OR ""admixture"") AND (""Mimulus"" OR ""monkeyflower"") AND (""mating system"" OR ""phenology"" OR ""assortative mating"" OR ""gene flow"") AND (""whole genome sequencing"" OR ""low-coverage sequencing"" OR ""population genomics"" OR ""ancestry proportion"" OR ""hybrid ancestry"")",2,40290060,Disentangling Complex Histories of Hybridisation: The Genomic Consequences of Ancient and Recent Introgression in Channel Island Monkeyflowers.
40163522,"(""reproductive isolation"" OR ""hybridization"" OR ""hybrid zone"" OR ""admixture"") AND (""Mimulus"" OR ""monkeyflower"") AND (""mating system"" OR ""phenology"" OR ""assortative mating"" OR ""gene flow"") AND (""whole genome sequencing"" OR ""low-coverage sequencing"" OR ""population genomics"" OR ""ancestry proportion"" OR ""hybrid ancestry"")",3,27393073,The genetics of extreme microgeographic adaptation: an integrated approach identifies a major gene underlying leaf trichome divergence in Yellowstone Mimulus guttatus.
35711922,"(""extrachromosomal DNA"" OR ""eccDNA"" OR ""ecDNA"" OR ""circular DNA"" OR ""extra-chromosomal circular DNA"" OR ""extrachromosomal circular DNA"") AND (""long-read sequencing"" OR ""nanopore sequencing"" OR ""Oxford Nanopore"" OR ""third-generation sequencing"" OR ""single-molecule sequencing"") AND (""computational"" OR ""bioinformatics"" OR ""workflow"" OR ""pipeline"" OR ""algorithm"" OR ""graph-theoretic"" OR ""detection"" OR ""identification"") AND (""cancer"" OR ""tumor"" OR ""oncogene"" OR ""MYCN"" OR ""amplification"" OR ""somatic"")",1,39385020,The interplay of mutagenesis and ecDNA shapes urothelial cancer evolution.
35711922,"(""extrachromosomal DNA"" OR ""eccDNA"" OR ""ecDNA"" OR ""circular DNA"" OR ""extra-chromosomal circular DNA"" OR ""extrachromosomal circular DNA"") AND (""long-read sequencing"" OR ""nanopore sequencing"" OR ""Oxford Nanopore"" OR ""third-generation sequencing"" OR ""single-molecule sequencing"") AND (""computational"" OR ""bioinformatics"" OR ""workflow"" OR ""pipeline"" OR ""algorithm"" OR ""graph-theoretic"" OR ""detection"" OR ""identification"") AND (""cancer"" OR ""tumor"" OR ""oncogene"" OR ""MYCN"" OR ""amplification"" OR ""somatic"")",2,39406235,"Long-read sequencing of an advanced cancer cohort resolves rearrangements, unravels haplotypes, and reveals methylation landscapes."
35711922,"(""extrachromosomal DNA"" OR ""eccDNA"" OR ""ecDNA"" OR ""circular DNA"" OR ""extra-chromosomal circular DNA"" OR ""extrachromosomal circular DNA"") AND (""long-read sequencing"" OR ""nanopore sequencing"" OR ""Oxford Nanopore"" OR ""third-generation sequencing"" OR ""single-molecule sequencing"") AND (""computational"" OR ""bioinformatics"" OR ""workflow"" OR ""pipeline"" OR ""algorithm"" OR ""graph-theoretic"" OR ""detection"" OR ""identification"") AND (""cancer"" OR ""tumor"" OR ""oncogene"" OR ""MYCN"" OR ""amplification"" OR ""somatic"")",3,39267784,Extrachromosomal circular DNA orchestrates genome heterogeneity in urothelial bladder carcinoma.
35711922,"(""extrachromosomal DNA"" OR ""eccDNA"" OR ""ecDNA"" OR ""circular DNA"" OR ""extra-chromosomal circular DNA"" OR ""extrachromosomal circular DNA"") AND (""long-read sequencing"" OR ""nanopore sequencing"" OR ""Oxford Nanopore"" OR ""third-generation sequencing"" OR ""single-molecule sequencing"") AND (""computational"" OR ""bioinformatics"" OR ""workflow"" OR ""pipeline"" OR ""algorithm"" OR ""graph-theoretic"" OR ""detection"" OR ""identification"") AND (""cancer"" OR ""tumor"" OR ""oncogene"" OR ""MYCN"" OR ""amplification"" OR ""somatic"")",4,36253572,Targeted profiling of human extrachromosomal DNA by CRISPR-CATCH.
35711922,"(""extrachromosomal DNA"" OR ""eccDNA"" OR ""ecDNA"" OR ""circular DNA"" OR ""extra-chromosomal circular DNA"" OR ""extrachromosomal circular DNA"") AND (""long-read sequencing"" OR ""nanopore sequencing"" OR ""Oxford Nanopore"" OR ""third-generation sequencing"" OR ""single-molecule sequencing"") AND (""computational"" OR ""bioinformatics"" OR ""workflow"" OR ""pipeline"" OR ""algorithm"" OR ""graph-theoretic"" OR ""detection"" OR ""identification"") AND (""cancer"" OR ""tumor"" OR ""oncogene"" OR ""MYCN"" OR ""amplification"" OR ""somatic"")",5,39448595,Comparative analysis of methodologies for detecting extrachromosomal circular DNA.
35711922,"(""extrachromosomal DNA"" OR ""eccDNA"" OR ""ecDNA"" OR ""circular DNA"" OR ""extra-chromosomal circular DNA"" OR ""extrachromosomal circular DNA"") AND (""long-read sequencing"" OR ""nanopore sequencing"" OR ""Oxford Nanopore"" OR ""third-generation sequencing"" OR ""single-molecule sequencing"") AND (""computational"" OR ""bioinformatics"" OR ""workflow"" OR ""pipeline"" OR ""algorithm"" OR ""graph-theoretic"" OR ""detection"" OR ""identification"") AND (""cancer"" OR ""tumor"" OR ""oncogene"" OR ""MYCN"" OR ""amplification"" OR ""somatic"")",6,36517607,"Purification, full-length sequencing and genomic origin mapping of eccDNA."
35711922,"(""extrachromosomal DNA"" OR ""eccDNA"" OR ""ecDNA"" OR ""circular DNA"" OR ""extra-chromosomal circular DNA"" OR ""extrachromosomal circular DNA"") AND (""long-read sequencing"" OR ""nanopore sequencing"" OR ""Oxford Nanopore"" OR ""third-generation sequencing"" OR ""single-molecule sequencing"") AND (""computational"" OR ""bioinformatics"" OR ""workflow"" OR ""pipeline"" OR ""algorithm"" OR ""graph-theoretic"" OR ""detection"" OR ""identification"") AND (""cancer"" OR ""tumor"" OR ""oncogene"" OR ""MYCN"" OR ""amplification"" OR ""somatic"")",7,37930031,FLED: a full-length eccDNA detector for long-reads sequencing data.
35711922,"(""extrachromosomal DNA"" OR ""eccDNA"" OR ""ecDNA"" OR ""circular DNA"" OR ""extra-chromosomal circular DNA"" OR ""extrachromosomal circular DNA"") AND (""long-read sequencing"" OR ""nanopore sequencing"" OR ""Oxford Nanopore"" OR ""third-generation sequencing"" OR ""single-molecule sequencing"") AND (""computational"" OR ""bioinformatics"" OR ""workflow"" OR ""pipeline"" OR ""algorithm"" OR ""graph-theoretic"" OR ""detection"" OR ""identification"") AND (""cancer"" OR ""tumor"" OR ""oncogene"" OR ""MYCN"" OR ""amplification"" OR ""somatic"")",8,41654905,Circulating extrachromosomal circular DNA as a prognostic biomarker for colorectal cancer.
35711922,"(""extrachromosomal DNA"" OR ""eccDNA"" OR ""ecDNA"" OR ""circular DNA"" OR ""extra-chromosomal circular DNA"" OR ""extrachromosomal circular DNA"") AND (""long-read sequencing"" OR ""nanopore sequencing"" OR ""Oxford Nanopore"" OR ""third-generation sequencing"" OR ""single-molecule sequencing"") AND (""computational"" OR ""bioinformatics"" OR ""workflow"" OR ""pipeline"" OR ""algorithm"" OR ""graph-theoretic"" OR ""detection"" OR ""identification"") AND (""cancer"" OR ""tumor"" OR ""oncogene"" OR ""MYCN"" OR ""amplification"" OR ""somatic"")",9,36198068,CReSIL: accurate identification of extrachromosomal circular DNA from long-read sequences.
35711922,"(""extrachromosomal DNA"" OR ""eccDNA"" OR ""ecDNA"" OR ""circular DNA"" OR ""extra-chromosomal circular DNA"" OR ""extrachromosomal circular DNA"") AND (""long-read sequencing"" OR ""nanopore sequencing"" OR ""Oxford Nanopore"" OR ""third-generation sequencing"" OR ""single-molecule sequencing"") AND (""computational"" OR ""bioinformatics"" OR ""workflow"" OR ""pipeline"" OR ""algorithm"" OR ""graph-theoretic"" OR ""detection"" OR ""identification"") AND (""cancer"" OR ""tumor"" OR ""oncogene"" OR ""MYCN"" OR ""amplification"" OR ""somatic"")",10,39111816,Reconstructing extrachromosomal DNA structural heterogeneity from long-read sequencing data using Decoil.
30052755,"(""MinION"" OR ""Oxford Nanopore"" OR ""nanopore sequencing"") AND (""quality control"" OR ""QC"" OR ""diagnostic"" OR ""sequencing quality"") AND (""flowcell"" OR ""flow cell"" OR ""long-read sequencing"" OR ""third-generation sequencing"")",1,38785975,The Third-Generation Sequencing Challenge: Novel Insights for the Omic Sciences.
30052755,"(""MinION"" OR ""Oxford Nanopore"" OR ""nanopore sequencing"") AND (""quality control"" OR ""QC"" OR ""diagnostic"" OR ""sequencing quality"") AND (""flowcell"" OR ""flow cell"" OR ""long-read sequencing"" OR ""third-generation sequencing"")",2,37541186,Beyond the exome: What's next in diagnostic testing for Mendelian conditions.
30052755,"(""MinION"" OR ""Oxford Nanopore"" OR ""nanopore sequencing"") AND (""quality control"" OR ""QC"" OR ""diagnostic"" OR ""sequencing quality"") AND (""flowcell"" OR ""flow cell"" OR ""long-read sequencing"" OR ""third-generation sequencing"")",3,39862869,Advancing long-read nanopore genome assembly and accurate variant calling for rare disease detection.
30052755,"(""MinION"" OR ""Oxford Nanopore"" OR ""nanopore sequencing"") AND (""quality control"" OR ""QC"" OR ""diagnostic"" OR ""sequencing quality"") AND (""flowcell"" OR ""flow cell"" OR ""long-read sequencing"" OR ""third-generation sequencing"")",4,40989185,Swine influenza-modified pulmonary microbiota.
30052755,"(""MinION"" OR ""Oxford Nanopore"" OR ""nanopore sequencing"") AND (""quality control"" OR ""QC"" OR ""diagnostic"" OR ""sequencing quality"") AND (""flowcell"" OR ""flow cell"" OR ""long-read sequencing"" OR ""third-generation sequencing"")",5,38406378,Long-read sequencing improves diagnostic rate in neuromuscular disorders.
30052755,"(""MinION"" OR ""Oxford Nanopore"" OR ""nanopore sequencing"") AND (""quality control"" OR ""QC"" OR ""diagnostic"" OR ""sequencing quality"") AND (""flowcell"" OR ""flow cell"" OR ""long-read sequencing"" OR ""third-generation sequencing"")",6,41327893,Long-read sequencing identifies FGF14 repeat expansions in Parkinson's disease.
30052755,"(""MinION"" OR ""Oxford Nanopore"" OR ""nanopore sequencing"") AND (""quality control"" OR ""QC"" OR ""diagnostic"" OR ""sequencing quality"") AND (""flowcell"" OR ""flow cell"" OR ""long-read sequencing"" OR ""third-generation sequencing"")",7,38741136,Comprehensive genetic analysis of facioscapulohumeral muscular dystrophy by Nanopore long-read whole-genome sequencing.
30052755,"(""MinION"" OR ""Oxford Nanopore"" OR ""nanopore sequencing"") AND (""quality control"" OR ""QC"" OR ""diagnostic"" OR ""sequencing quality"") AND (""flowcell"" OR ""flow cell"" OR ""long-read sequencing"" OR ""third-generation sequencing"")",8,41627763,Biochemistry of Diplonemids.
30052755,"(""MinION"" OR ""Oxford Nanopore"" OR ""nanopore sequencing"") AND (""quality control"" OR ""QC"" OR ""diagnostic"" OR ""sequencing quality"") AND (""flowcell"" OR ""flow cell"" OR ""long-read sequencing"" OR ""third-generation sequencing"")",9,40898875,Repeat-associated ataxias in a German patient cohort analysed by targeted parallel long-read sequencing.
30052755,"(""MinION"" OR ""Oxford Nanopore"" OR ""nanopore sequencing"") AND (""quality control"" OR ""QC"" OR ""diagnostic"" OR ""sequencing quality"") AND (""flowcell"" OR ""flow cell"" OR ""long-read sequencing"" OR ""third-generation sequencing"")",10,41514368,Long-read genome sequencing enhances diagnostics of pediatric neurological disorders.
33114549,"(""transcription factor"" OR ""TF"" OR ""CRP"" OR ""cAMP receptor protein"" OR ""cyclic AMP receptor protein"") AND (""Thermus thermophilus"" OR ""extremophile"" OR ""thermophile"") AND (""DNA-binding motif"" OR ""binding site"" OR ""DNA binding"" OR ""regulon"" OR ""REPSA"" OR ""Restriction Endonuclease Protection, Selection and Amplification"" OR ""iterative selection"" OR ""SELEX"") AND (""dual regulator"" OR ""transcriptional regulation"" OR ""gene regulation"" OR ""regulatory mechanism"" OR ""CRP family"" OR ""crp"")",1,36602370,"Using Restriction Endonuclease, Protection, Selection, and Amplification to Identify Preferred DNA-Binding Sequences of Microbial Transcription Factors."
33114549,"(""transcription factor"" OR ""TF"" OR ""CRP"" OR ""cAMP receptor protein"" OR ""cyclic AMP receptor protein"") AND (""Thermus thermophilus"" OR ""extremophile"" OR ""thermophile"") AND (""DNA-binding motif"" OR ""binding site"" OR ""DNA binding"" OR ""regulon"" OR ""REPSA"" OR ""Restriction Endonuclease Protection, Selection and Amplification"" OR ""iterative selection"" OR ""SELEX"") AND (""dual regulator"" OR ""transcriptional regulation"" OR ""gene regulation"" OR ""regulatory mechanism"" OR ""CRP family"" OR ""crp"")",2,33114549,Determination and Dissection of DNA-Binding Specificity for the Thermus thermophilus HB8 Transcriptional Regulator TTHB099.
33114549,"(""transcription factor"" OR ""TF"" OR ""CRP"" OR ""cAMP receptor protein"" OR ""cyclic AMP receptor protein"") AND (""Thermus thermophilus"" OR ""extremophile"" OR ""thermophile"") AND (""DNA-binding motif"" OR ""binding site"" OR ""DNA binding"" OR ""regulon"" OR ""REPSA"" OR ""Restriction Endonuclease Protection, Selection and Amplification"" OR ""iterative selection"" OR ""SELEX"") AND (""dual regulator"" OR ""transcriptional regulation"" OR ""gene regulation"" OR ""regulatory mechanism"" OR ""CRP family"" OR ""crp"")",3,34576207,Discovering the DNA-Binding Consensus of the Thermus thermophilus HB8 Transcriptional Regulator TTHA1359.
33114549,"(""transcription factor"" OR ""TF"" OR ""CRP"" OR ""cAMP receptor protein"" OR ""cyclic AMP receptor protein"") AND (""Thermus thermophilus"" OR ""extremophile"" OR ""thermophile"") AND (""DNA-binding motif"" OR ""binding site"" OR ""DNA binding"" OR ""regulon"" OR ""REPSA"" OR ""Restriction Endonuclease Protection, Selection and Amplification"" OR ""iterative selection"" OR ""SELEX"") AND (""dual regulator"" OR ""transcriptional regulation"" OR ""gene regulation"" OR ""regulatory mechanism"" OR ""CRP family"" OR ""crp"")",4,31935968,General and Genomic DNA-Binding Specificity for the Thermus thermophilus HB8 Transcription Factor TTHB023.
33114549,"(""transcription factor"" OR ""TF"" OR ""CRP"" OR ""cAMP receptor protein"" OR ""cyclic AMP receptor protein"") AND (""Thermus thermophilus"" OR ""extremophile"" OR ""thermophile"") AND (""DNA-binding motif"" OR ""binding site"" OR ""DNA binding"" OR ""regulon"" OR ""REPSA"" OR ""Restriction Endonuclease Protection, Selection and Amplification"" OR ""iterative selection"" OR ""SELEX"") AND (""dual regulator"" OR ""transcriptional regulation"" OR ""gene regulation"" OR ""regulatory mechanism"" OR ""CRP family"" OR ""crp"")",5,34060910,Transcriptional Regulation of Plant Biomass Degradation and Carbohydrate Utilization Genes in the Extreme Thermophile Caldicellulosiruptor bescii.
33114549,"(""transcription factor"" OR ""TF"" OR ""CRP"" OR ""cAMP receptor protein"" OR ""cyclic AMP receptor protein"") AND (""Thermus thermophilus"" OR ""extremophile"" OR ""thermophile"") AND (""DNA-binding motif"" OR ""binding site"" OR ""DNA binding"" OR ""regulon"" OR ""REPSA"" OR ""Restriction Endonuclease Protection, Selection and Amplification"" OR ""iterative selection"" OR ""SELEX"") AND (""dual regulator"" OR ""transcriptional regulation"" OR ""gene regulation"" OR ""regulatory mechanism"" OR ""CRP family"" OR ""crp"")",6,17369302,Transcription activation mediated by a cyclic AMP receptor protein from Thermus thermophilus HB8.
33114549,"(""transcription factor"" OR ""TF"" OR ""CRP"" OR ""cAMP receptor protein"" OR ""cyclic AMP receptor protein"") AND (""Thermus thermophilus"" OR ""extremophile"" OR ""thermophile"") AND (""DNA-binding motif"" OR ""binding site"" OR ""DNA binding"" OR ""regulon"" OR ""REPSA"" OR ""Restriction Endonuclease Protection, Selection and Amplification"" OR ""iterative selection"" OR ""SELEX"") AND (""dual regulator"" OR ""transcriptional regulation"" OR ""gene regulation"" OR ""regulatory mechanism"" OR ""CRP family"" OR ""crp"")",7,22383301,"X-ray crystal structure of TTHB099, a CRP/FNR superfamily transcriptional regulator from Thermus thermophilus HB8, reveals a DNA-binding protein with no required allosteric effector molecule."
33114549,"(""transcription factor"" OR ""TF"" OR ""CRP"" OR ""cAMP receptor protein"" OR ""cyclic AMP receptor protein"") AND (""Thermus thermophilus"" OR ""extremophile"" OR ""thermophile"") AND (""DNA-binding motif"" OR ""binding site"" OR ""DNA binding"" OR ""regulon"" OR ""REPSA"" OR ""Restriction Endonuclease Protection, Selection and Amplification"" OR ""iterative selection"" OR ""SELEX"") AND (""dual regulator"" OR ""transcriptional regulation"" OR ""gene regulation"" OR ""regulatory mechanism"" OR ""CRP family"" OR ""crp"")",8,18699868,"Global gene expression mediated by Thermus thermophilus SdrP, a CRP/FNR family transcriptional regulator."
33970926,"(""toddler"" OR ""toddlers"" OR ""infant"" OR ""young children"") AND (""footwear"" OR ""shoes"" OR ""soft-soled"" OR ""barefoot"" OR ""shod"") AND (""gait"" OR ""walking"" OR ""locomotion"" OR ""ambulation"") AND (""kinematics"" OR ""biomechanics"" OR ""spatiotemporal"" OR ""gait analysis"" OR ""motion analysis"") AND (""early walking"" OR ""newly walking"" OR ""first steps"" OR ""motor milestone"" OR ""gait development"" OR ""pediatric gait"")",1,33970926,Soft soled footwear has limited impact on toddler gait.
33970926,"(""toddler"" OR ""toddlers"" OR ""infant"" OR ""young children"") AND (""footwear"" OR ""shoes"" OR ""soft-soled"" OR ""barefoot"" OR ""shod"") AND (""gait"" OR ""walking"" OR ""locomotion"" OR ""ambulation"") AND (""kinematics"" OR ""biomechanics"" OR ""spatiotemporal"" OR ""gait analysis"" OR ""motion analysis"") AND (""early walking"" OR ""newly walking"" OR ""first steps"" OR ""motor milestone"" OR ""gait development"" OR ""pediatric gait"")",2,25251796,The effect of torsional shoe flexibility on gait and stability in children learning to walk.
32333689,"(""strontium isotope"" OR ""Sr isotope"" OR ""87Sr/86Sr"" OR ""strontium ratio"") AND (""dental enamel"" OR ""tooth enamel"" OR ""enamel isotope"") AND (""oxygen isotope"" OR ""carbon isotope"" OR ""isotopic analysis"" OR ""isotope ratio"") AND (""mobility"" OR ""diet"" OR ""migration"" OR ""provenance"" OR ""geographic origin"") AND (""intraindividual variation"" OR ""intradental variation"" OR ""isotopic variation"" OR ""sampling method"" OR ""caries"" OR ""dental caries"") AND (""forensic"" OR ""archaeological"" OR ""bioarchaeology"" OR ""paleodietary"")",1,32333689,"Strontium, oxygen, and carbon isotope variation in modern human dental enamel."
32333689,"(""strontium isotope"" OR ""Sr isotope"" OR ""87Sr/86Sr"" OR ""strontium ratio"") AND (""dental enamel"" OR ""tooth enamel"" OR ""enamel isotope"") AND (""oxygen isotope"" OR ""carbon isotope"" OR ""isotopic analysis"" OR ""isotope ratio"") AND (""mobility"" OR ""diet"" OR ""migration"" OR ""provenance"" OR ""geographic origin"") AND (""intraindividual variation"" OR ""intradental variation"" OR ""isotopic variation"" OR ""sampling method"" OR ""caries"" OR ""dental caries"") AND (""forensic"" OR ""archaeological"" OR ""bioarchaeology"" OR ""paleodietary"")",2,38557862,Local circulation of elites punctuated by transregional mobility enabled steppe political consolidation in the Xiongnu nomadic state.
39251619,"(""Malassezia"") AND (""cell cycle"" OR ""nuclear staining"" OR ""DNA staining"" OR ""flow cytometry"") AND (""DAPI"" OR ""Hoechst"" OR ""propidium iodide"" OR ""PI staining"") AND (""nucleus"" OR ""nuclear morphology"" OR ""DNA content"") AND (""cell wall"" OR ""lipophilic"" OR ""yeast"")",1,39251619,Enhanced visualization of nuclear staining and cell cycle analysis for the human commensal Malassezia.
28346450,"(""crosslinking mass spectrometry"" OR ""CLIR-MS"" OR ""XL-MS"" OR ""UV crosslinking"" OR ""photo-crosslinking"") AND (""ribonucleoprotein"" OR ""RNP"" OR ""RNA-protein interaction"" OR ""RNA-binding protein"") AND (""isotope labeling"" OR ""segmental isotope"" OR ""stable isotope"" OR ""isotope-labeled RNA"") AND (""tandem mass spectrometry"" OR ""MS/MS"" OR ""proteomics"") AND (""nucleotide resolution"" OR ""amino acid resolution"" OR ""structural modeling"" OR ""integrative modeling"" OR ""distance restraints"")",1,34714631,Single Nucleotide Resolution RNA-Protein Cross-Linking Mass Spectrometry: A Simple Extension of the CLIR-MS Workflow.
28346450,"(""crosslinking mass spectrometry"" OR ""CLIR-MS"" OR ""XL-MS"" OR ""UV crosslinking"" OR ""photo-crosslinking"") AND (""ribonucleoprotein"" OR ""RNP"" OR ""RNA-protein interaction"" OR ""RNA-binding protein"") AND (""isotope labeling"" OR ""segmental isotope"" OR ""stable isotope"" OR ""isotope-labeled RNA"") AND (""tandem mass spectrometry"" OR ""MS/MS"" OR ""proteomics"") AND (""nucleotide resolution"" OR ""amino acid resolution"" OR ""structural modeling"" OR ""integrative modeling"" OR ""distance restraints"")",2,28346450,Structural modeling of protein-RNA complexes using crosslinking of segmentally isotope-labeled RNA and MS/MS.
34740201,"(""neuromodulation"" OR ""neural interface"" OR ""nerve stimulation"" OR ""nerve recording"") AND (""visceral nerve"" OR ""pelvic nerve"" OR ""vagus nerve"") AND (""computational model"" OR ""finite element"" OR ""biophysical simulation"" OR ""NEURON model"") AND (""axon"" OR ""compound action potential"" OR ""ECAP"" OR ""field potential"") AND (""electrode array"" OR ""planar electrode"" OR ""neural recording"" OR ""electrical stimulation"")",1,36595262,Computational modeling of endovascular peripheral nerve stimulation using a stent-mounted electrode array.
34740201,"(""neuromodulation"" OR ""neural interface"" OR ""nerve stimulation"" OR ""nerve recording"") AND (""visceral nerve"" OR ""pelvic nerve"" OR ""vagus nerve"") AND (""computational model"" OR ""finite element"" OR ""biophysical simulation"" OR ""NEURON model"") AND (""axon"" OR ""compound action potential"" OR ""ECAP"" OR ""field potential"") AND (""electrode array"" OR ""planar electrode"" OR ""neural recording"" OR ""electrical stimulation"")",2,34740201,Computational modelling of nerve stimulation and recording with peripheral visceral neural interfaces.
31855083,"(""adeno-associated virus"" OR ""AAV"" OR ""AAV vector"") AND (""genome sequencing"" OR ""next-generation sequencing"" OR ""NGS"" OR ""sequence analysis"" OR ""sequencing"") AND (""quality control"" OR ""genome fidelity"" OR ""genome integrity"" OR ""packaged genome"" OR ""vector characterization"") AND (""gene therapy"" OR ""viral vector"" OR ""gene delivery"")",1,40590037,"AAV yield, bioactivity, and particle heterogeneity are impacted by genome size and non-coding DNA elements."
31855083,"(""adeno-associated virus"" OR ""AAV"" OR ""AAV vector"") AND (""genome sequencing"" OR ""next-generation sequencing"" OR ""NGS"" OR ""sequence analysis"" OR ""sequencing"") AND (""quality control"" OR ""genome fidelity"" OR ""genome integrity"" OR ""packaged genome"" OR ""vector characterization"") AND (""gene therapy"" OR ""viral vector"" OR ""gene delivery"")",2,37219094,Reversed Phase-Liquid Chromatography for Recombinant AAV Genome Integrity Assessment.
31855083,"(""adeno-associated virus"" OR ""AAV"" OR ""AAV vector"") AND (""genome sequencing"" OR ""next-generation sequencing"" OR ""NGS"" OR ""sequence analysis"" OR ""sequencing"") AND (""quality control"" OR ""genome fidelity"" OR ""genome integrity"" OR ""packaged genome"" OR ""vector characterization"") AND (""gene therapy"" OR ""viral vector"" OR ""gene delivery"")",3,41030067,Nucleic acid-encoded antibody gene transfer-next generation of antibody therapies.
31855083,"(""adeno-associated virus"" OR ""AAV"" OR ""AAV vector"") AND (""genome sequencing"" OR ""next-generation sequencing"" OR ""NGS"" OR ""sequence analysis"" OR ""sequencing"") AND (""quality control"" OR ""genome fidelity"" OR ""genome integrity"" OR ""packaged genome"" OR ""vector characterization"") AND (""gene therapy"" OR ""viral vector"" OR ""gene delivery"")",4,41704442,Generation and characterization of a HEK293 cell line optimized for recombinant adeno-associated virus production.
31855083,"(""adeno-associated virus"" OR ""AAV"" OR ""AAV vector"") AND (""genome sequencing"" OR ""next-generation sequencing"" OR ""NGS"" OR ""sequence analysis"" OR ""sequencing"") AND (""quality control"" OR ""genome fidelity"" OR ""genome integrity"" OR ""packaged genome"" OR ""vector characterization"") AND (""gene therapy"" OR ""viral vector"" OR ""gene delivery"")",5,31752513,A User's Guide to the Inverted Terminal Repeats of Adeno-Associated Virus.
31855083,"(""adeno-associated virus"" OR ""AAV"" OR ""AAV vector"") AND (""genome sequencing"" OR ""next-generation sequencing"" OR ""NGS"" OR ""sequence analysis"" OR ""sequencing"") AND (""quality control"" OR ""genome fidelity"" OR ""genome integrity"" OR ""packaged genome"" OR ""vector characterization"") AND (""gene therapy"" OR ""viral vector"" OR ""gene delivery"")",6,40869293,"Integrative Approaches to Myopathies and Muscular Dystrophies: Molecular Mechanisms, Diagnostics, and Future Therapies."
31855083,"(""adeno-associated virus"" OR ""AAV"" OR ""AAV vector"") AND (""genome sequencing"" OR ""next-generation sequencing"" OR ""NGS"" OR ""sequence analysis"" OR ""sequencing"") AND (""quality control"" OR ""genome fidelity"" OR ""genome integrity"" OR ""packaged genome"" OR ""vector characterization"") AND (""gene therapy"" OR ""viral vector"" OR ""gene delivery"")",7,32748744,Recent Advances in the Analysis Full/Empty Capsid Ratio and Genome Integrity of Adeno-associated Virus (AAV) Gene Delivery Vectors.
31855083,"(""adeno-associated virus"" OR ""AAV"" OR ""AAV vector"") AND (""genome sequencing"" OR ""next-generation sequencing"" OR ""NGS"" OR ""sequence analysis"" OR ""sequencing"") AND (""quality control"" OR ""genome fidelity"" OR ""genome integrity"" OR ""packaged genome"" OR ""vector characterization"") AND (""gene therapy"" OR ""viral vector"" OR ""gene delivery"")",8,42286899,Resolving the Unresolvable: Nanopore Sequencing as a Comprehensive Quality Control Platform for Gene Therapy Vectors.
31855083,"(""adeno-associated virus"" OR ""AAV"" OR ""AAV vector"") AND (""genome sequencing"" OR ""next-generation sequencing"" OR ""NGS"" OR ""sequence analysis"" OR ""sequencing"") AND (""quality control"" OR ""genome fidelity"" OR ""genome integrity"" OR ""packaged genome"" OR ""vector characterization"") AND (""gene therapy"" OR ""viral vector"" OR ""gene delivery"")",9,29766023,Adeno-associated Virus Genome Population Sequencing Achieves Full Vector Genome Resolution and Reveals Human-Vector Chimeras.
31855083,"(""adeno-associated virus"" OR ""AAV"" OR ""AAV vector"") AND (""genome sequencing"" OR ""next-generation sequencing"" OR ""NGS"" OR ""sequence analysis"" OR ""sequencing"") AND (""quality control"" OR ""genome fidelity"" OR ""genome integrity"" OR ""packaged genome"" OR ""vector characterization"") AND (""gene therapy"" OR ""viral vector"" OR ""gene delivery"")",10,42157959,RAAVioli: A comprehensive approach to characterizing AAV vector integrations and rearrangements.
34462260,"(""SENP1"" OR ""sentrin-specific protease 1"" OR ""deSUMOylation"" OR ""deSUMOylating"") AND (""beta cell"" OR ""β-cell"" OR ""islet"" OR ""pancreatic islet"") AND (""SUMOylation"" OR ""SUMO"" OR ""sentrin"") AND (""insulin secretion"" OR ""exocytosis"" OR ""glucose tolerance"" OR ""glucose intolerance"") AND (""high-fat diet"" OR ""HFD"" OR ""metabolic stress"" OR ""obesity"") AND (""incretin"" OR ""GLP-1"" OR ""GIP"" OR ""glucagon-like peptide"" OR ""glucose-dependent insulinotropic polypeptide"" OR ""exendin-4"")",1,34462260,β-Cell Knockout of SENP1 Reduces Responses to Incretins and Worsens Oral Glucose Tolerance in High-Fat Diet-Fed Mice.
42524695,"(""single-cell RNA sequencing"" OR ""scRNA-seq"" OR ""single cell transcriptomics"") AND (""transcription factor activity"" OR ""regulon"" OR ""TF activity"" OR ""gene regulatory network"") AND (""metabolic flux"" OR ""metabolic features"" OR ""metabolic modeling"" OR ""flux analysis"") AND (""latent factor"" OR ""latent space"" OR ""dimensionality reduction"" OR ""multi-omics integration"" OR ""multi-modal integration"") AND (""cellular states"" OR ""cell state"" OR ""transcriptional heterogeneity"")",1,42524695,A latent factor framework to organize regulatory and metabolic programs inferred from scRNA-seq.
36360315,"(""vitamin K"" OR ""vitamin K deficiency"") AND (""systems genetics"" OR ""differentially expressed genes"" OR ""DEGs"" OR ""genetic variants"" OR ""pathogenic variants"") AND (""myocardial infarction"" OR ""renal failure"" OR ""prostate cancer"") AND (""lncRNA"" OR ""long noncoding RNA"" OR ""long non-coding RNA"" OR ""biomarkers"")",1,36360315,Inferring bona fide Differentially Expressed Genes and Their Variants Associated with Vitamin K Deficiency Using a Systems Genetics Approach.
38902223,"(""H3.3"" OR ""histone H3.3"" OR ""H3F3A"" OR ""H3F3B"" OR ""histone variant H3.3"") AND (""plasma cell differentiation"" OR ""plasmacyte differentiation"" OR ""B cell differentiation"" OR ""plasmablast"") AND (""chromatin accessibility"" OR ""chromatin remodeling"" OR ""epigenetic"" OR ""nucleosome assembly"" OR ""ATAC-seq"") AND (""transcription factor"" OR ""Irf4"" OR ""Prdm1"" OR ""Blimp1"" OR ""Pax5"" OR ""Bach2"" OR ""Xbp1"")",1,38902223,Plasma cell differentiation is regulated by the expression of histone variant H3.3.
34457243,"(""SARS-CoV-2"" OR ""COVID-19"" OR ""coronavirus"") AND (""whole genome sequencing"" OR ""WGS"" OR ""next generation sequencing"" OR ""high-throughput sequencing"" OR ""genomic sequencing"") AND (""ARTIC protocol"" OR ""ARTIC network"" OR ""amplicon sequencing"") AND (""phylogenetic"" OR ""phylogenomics"" OR ""genomic epidemiology"" OR ""outbreak"" OR ""transmission dynamics"") AND (""Africa"" OR ""Uganda"" OR ""sub-Saharan Africa"" OR ""low-income"" OR ""resource-limited"" OR ""resource limited"")",1,34457243,Whole-genome sequencing of SARS-CoV-2 in Uganda: implementation of the low-cost ARTIC protocol in resource-limited settings.
34457243,"(""SARS-CoV-2"" OR ""COVID-19"" OR ""coronavirus"") AND (""whole genome sequencing"" OR ""WGS"" OR ""next generation sequencing"" OR ""high-throughput sequencing"" OR ""genomic sequencing"") AND (""ARTIC protocol"" OR ""ARTIC network"" OR ""amplicon sequencing"") AND (""phylogenetic"" OR ""phylogenomics"" OR ""genomic epidemiology"" OR ""outbreak"" OR ""transmission dynamics"") AND (""Africa"" OR ""Uganda"" OR ""sub-Saharan Africa"" OR ""low-income"" OR ""resource-limited"" OR ""resource limited"")",2,41660836,A tiled amplicon protocol for culture-free whole-genome sequencing of M. tuberculosis from clinical specimens.
34457243,"(""SARS-CoV-2"" OR ""COVID-19"" OR ""coronavirus"") AND (""whole genome sequencing"" OR ""WGS"" OR ""next generation sequencing"" OR ""high-throughput sequencing"" OR ""genomic sequencing"") AND (""ARTIC protocol"" OR ""ARTIC network"" OR ""amplicon sequencing"") AND (""phylogenetic"" OR ""phylogenomics"" OR ""genomic epidemiology"" OR ""outbreak"" OR ""transmission dynamics"") AND (""Africa"" OR ""Uganda"" OR ""sub-Saharan Africa"" OR ""low-income"" OR ""resource-limited"" OR ""resource limited"")",3,33806013,SARS-CoV-2 N501Y Introductions and Transmissions in Switzerland from Beginning of October 2020 to February 2021-Implementation of Swiss-Wide Diagnostic Screening and Whole Genome Sequencing.
34484143,"(""acetogens"" OR ""acetogenic bacteria"" OR ""acetogenic community"") AND (""Wood-Ljungdahl pathway"" OR ""formyltetrahydrofolate synthetase"" OR ""FTHFS"") AND (""biogas"" OR ""anaerobic digestion"" OR ""biogas plant"" OR ""digester"") AND (""high-throughput sequencing"" OR ""amplicon sequencing"" OR ""next-generation sequencing"" OR ""molecular surveillance"" OR ""microbial community analysis"")",1,34484143,Microbiological Surveillance of Biogas Plants: Targeting Acetogenic Community.
34484143,"(""acetogens"" OR ""acetogenic bacteria"" OR ""acetogenic community"") AND (""Wood-Ljungdahl pathway"" OR ""formyltetrahydrofolate synthetase"" OR ""FTHFS"") AND (""biogas"" OR ""anaerobic digestion"" OR ""biogas plant"" OR ""digester"") AND (""high-throughput sequencing"" OR ""amplicon sequencing"" OR ""next-generation sequencing"" OR ""molecular surveillance"" OR ""microbial community analysis"")",2,34168213,Profiling temporal dynamics of acetogenic communities in anaerobic digesters using next-generation sequencing and T-RFLP.
34484143,"(""acetogens"" OR ""acetogenic bacteria"" OR ""acetogenic community"") AND (""Wood-Ljungdahl pathway"" OR ""formyltetrahydrofolate synthetase"" OR ""FTHFS"") AND (""biogas"" OR ""anaerobic digestion"" OR ""biogas plant"" OR ""digester"") AND (""high-throughput sequencing"" OR ""amplicon sequencing"" OR ""next-generation sequencing"" OR ""molecular surveillance"" OR ""microbial community analysis"")",3,32983047,High-Throughput Sequencing and Unsupervised Analysis of Formyltetrahydrofolate Synthetase (FTHFS) Gene Amplicons to Estimate Acetogenic Community Structure.
34484143,"(""acetogens"" OR ""acetogenic bacteria"" OR ""acetogenic community"") AND (""Wood-Ljungdahl pathway"" OR ""formyltetrahydrofolate synthetase"" OR ""FTHFS"") AND (""biogas"" OR ""anaerobic digestion"" OR ""biogas plant"" OR ""digester"") AND (""high-throughput sequencing"" OR ""amplicon sequencing"" OR ""next-generation sequencing"" OR ""molecular surveillance"" OR ""microbial community analysis"")",4,26925165,Bacterial community composition and fhs profiles of low- and high-ammonia biogas digesters reveal novel syntrophic acetate-oxidising bacteria.
39777783,"(""archaeal viruses"" OR ""archaea viruses"" OR ""archaeal phages"" OR ""archaeal bacteriophage"") AND (""marine archaea"" OR ""Poseidoniales"" OR ""Marine Group II"" OR ""MGII"" OR ""Magrovirales"" OR ""Thalassoarchaea"") AND (""viral diversity"" OR ""viral metagenomics"" OR ""viromics"" OR ""metagenome-assembled"" OR ""viral genomics"" OR ""viral ecology"") AND (""estuary"" OR ""marine"" OR ""ocean"" OR ""coastal"") AND (""phylogenetic"" OR ""taxonomy"" OR ""classification"" OR ""novel"" OR ""auxiliary metabolic genes"" OR ""AMG"")",1,38060114,Exploring the Archaeal Virosphere by Metagenomics.
39777783,"(""archaeal viruses"" OR ""archaea viruses"" OR ""archaeal phages"" OR ""archaeal bacteriophage"") AND (""marine archaea"" OR ""Poseidoniales"" OR ""Marine Group II"" OR ""MGII"" OR ""Magrovirales"" OR ""Thalassoarchaea"") AND (""viral diversity"" OR ""viral metagenomics"" OR ""viromics"" OR ""metagenome-assembled"" OR ""viral genomics"" OR ""viral ecology"") AND (""estuary"" OR ""marine"" OR ""ocean"" OR ""coastal"") AND (""phylogenetic"" OR ""taxonomy"" OR ""classification"" OR ""novel"" OR ""auxiliary metabolic genes"" OR ""AMG"")",2,36385454,Diverse viruses of marine archaea discovered using metagenomics.
39777783,"(""archaeal viruses"" OR ""archaea viruses"" OR ""archaeal phages"" OR ""archaeal bacteriophage"") AND (""marine archaea"" OR ""Poseidoniales"" OR ""Marine Group II"" OR ""MGII"" OR ""Magrovirales"" OR ""Thalassoarchaea"") AND (""viral diversity"" OR ""viral metagenomics"" OR ""viromics"" OR ""metagenome-assembled"" OR ""viral genomics"" OR ""viral ecology"") AND (""estuary"" OR ""marine"" OR ""ocean"" OR ""coastal"") AND (""phylogenetic"" OR ""taxonomy"" OR ""classification"" OR ""novel"" OR ""auxiliary metabolic genes"" OR ""AMG"")",3,28630803,Putative archaeal viruses from the mesopelagic ocean.
39777783,"(""archaeal viruses"" OR ""archaea viruses"" OR ""archaeal phages"" OR ""archaeal bacteriophage"") AND (""marine archaea"" OR ""Poseidoniales"" OR ""Marine Group II"" OR ""MGII"" OR ""Magrovirales"" OR ""Thalassoarchaea"") AND (""viral diversity"" OR ""viral metagenomics"" OR ""viromics"" OR ""metagenome-assembled"" OR ""viral genomics"" OR ""viral ecology"") AND (""estuary"" OR ""marine"" OR ""ocean"" OR ""coastal"") AND (""phylogenetic"" OR ""taxonomy"" OR ""classification"" OR ""novel"" OR ""auxiliary metabolic genes"" OR ""AMG"")",4,30315316,"Discovery of several novel, widespread, and ecologically distinct marine Thaumarchaeota viruses that encode amoC nitrification genes."
36149401,"(""LRRK2"" OR ""leucine-rich repeat kinase 2"") AND (""Rab GTPase"" OR ""Rab protein"" OR ""Rab29"" OR ""Rab8"" OR ""Rab10"") AND (""phosphorylation"" OR ""kinase activity"" OR ""substrate phosphorylation"") AND (""Armadillo domain"" OR ""binding domain"" OR ""protein interaction"" OR ""membrane recruitment"" OR ""lipid bilayer"") AND (""Parkinson"" OR ""Parkinson's disease"" OR ""neurodegeneration"")",1,37625589,Endogenous Rab38 regulates LRRK2's membrane recruitment and substrate Rab phosphorylation in melanocytes.
36149401,"(""LRRK2"" OR ""leucine-rich repeat kinase 2"") AND (""Rab GTPase"" OR ""Rab protein"" OR ""Rab29"" OR ""Rab8"" OR ""Rab10"") AND (""phosphorylation"" OR ""kinase activity"" OR ""substrate phosphorylation"") AND (""Armadillo domain"" OR ""binding domain"" OR ""protein interaction"" OR ""membrane recruitment"" OR ""lipid bilayer"") AND (""Parkinson"" OR ""Parkinson's disease"" OR ""neurodegeneration"")",2,30578345,The role of LRRK2 in cell signalling.
36149401,"(""LRRK2"" OR ""leucine-rich repeat kinase 2"") AND (""Rab GTPase"" OR ""Rab protein"" OR ""Rab29"" OR ""Rab8"" OR ""Rab10"") AND (""phosphorylation"" OR ""kinase activity"" OR ""substrate phosphorylation"") AND (""Armadillo domain"" OR ""binding domain"" OR ""protein interaction"" OR ""membrane recruitment"" OR ""lipid bilayer"") AND (""Parkinson"" OR ""Parkinson's disease"" OR ""neurodegeneration"")",3,36149401,A feed-forward pathway drives LRRK2 kinase membrane recruitment and activation.
36149401,"(""LRRK2"" OR ""leucine-rich repeat kinase 2"") AND (""Rab GTPase"" OR ""Rab protein"" OR ""Rab29"" OR ""Rab8"" OR ""Rab10"") AND (""phosphorylation"" OR ""kinase activity"" OR ""substrate phosphorylation"") AND (""Armadillo domain"" OR ""binding domain"" OR ""protein interaction"" OR ""membrane recruitment"" OR ""lipid bilayer"") AND (""Parkinson"" OR ""Parkinson's disease"" OR ""neurodegeneration"")",4,37874635,Genome-wide screen reveals Rab12 GTPase as a critical activator of Parkinson's disease-linked LRRK2 kinase.
36149401,"(""LRRK2"" OR ""leucine-rich repeat kinase 2"") AND (""Rab GTPase"" OR ""Rab protein"" OR ""Rab29"" OR ""Rab8"" OR ""Rab10"") AND (""phosphorylation"" OR ""kinase activity"" OR ""substrate phosphorylation"") AND (""Armadillo domain"" OR ""binding domain"" OR ""protein interaction"" OR ""membrane recruitment"" OR ""lipid bilayer"") AND (""Parkinson"" OR ""Parkinson's disease"" OR ""neurodegeneration"")",5,31864390,"LRRK2 Biology from structure to dysfunction: research progresses, but the themes remain the same."
36149401,"(""LRRK2"" OR ""leucine-rich repeat kinase 2"") AND (""Rab GTPase"" OR ""Rab protein"" OR ""Rab29"" OR ""Rab8"" OR ""Rab10"") AND (""phosphorylation"" OR ""kinase activity"" OR ""substrate phosphorylation"") AND (""Armadillo domain"" OR ""binding domain"" OR ""protein interaction"" OR ""membrane recruitment"" OR ""lipid bilayer"") AND (""Parkinson"" OR ""Parkinson's disease"" OR ""neurodegeneration"")",6,29125462,Systematic proteomic analysis of LRRK2-mediated Rab GTPase phosphorylation establishes a connection to ciliogenesis.
36149401,"(""LRRK2"" OR ""leucine-rich repeat kinase 2"") AND (""Rab GTPase"" OR ""Rab protein"" OR ""Rab29"" OR ""Rab8"" OR ""Rab10"") AND (""phosphorylation"" OR ""kinase activity"" OR ""substrate phosphorylation"") AND (""Armadillo domain"" OR ""binding domain"" OR ""protein interaction"" OR ""membrane recruitment"" OR ""lipid bilayer"") AND (""Parkinson"" OR ""Parkinson's disease"" OR ""neurodegeneration"")",7,29177506,LRRK2 phosphorylates membrane-bound Rabs and is activated by GTP-bound Rab7L1 to promote recruitment to the trans-Golgi network.
36149401,"(""LRRK2"" OR ""leucine-rich repeat kinase 2"") AND (""Rab GTPase"" OR ""Rab protein"" OR ""Rab29"" OR ""Rab8"" OR ""Rab10"") AND (""phosphorylation"" OR ""kinase activity"" OR ""substrate phosphorylation"") AND (""Armadillo domain"" OR ""binding domain"" OR ""protein interaction"" OR ""membrane recruitment"" OR ""lipid bilayer"") AND (""Parkinson"" OR ""Parkinson's disease"" OR ""neurodegeneration"")",8,33132310,LRRK2 Inhibition Ameliorates Dexamethasone-Induced Glucose Intolerance via Prevents Impairment in GLUT4 Membrane Translocation in Adipocytes.
36149401,"(""LRRK2"" OR ""leucine-rich repeat kinase 2"") AND (""Rab GTPase"" OR ""Rab protein"" OR ""Rab29"" OR ""Rab8"" OR ""Rab10"") AND (""phosphorylation"" OR ""kinase activity"" OR ""substrate phosphorylation"") AND (""Armadillo domain"" OR ""binding domain"" OR ""protein interaction"" OR ""membrane recruitment"" OR ""lipid bilayer"") AND (""Parkinson"" OR ""Parkinson's disease"" OR ""neurodegeneration"")",9,34530877,"Endosomal traffic and glutamate synapse activity are increased in VPS35 D620N mutant knock-in mouse neurons, and resistant to LRRK2 kinase inhibition."
37425958,"(""TMEM127"" OR ""transmembrane tumor suppressor"") AND (""RET"" OR ""receptor tyrosine kinase"" OR ""RTK"") AND (""endosomal trafficking"" OR ""receptor internalization"" OR ""clathrin coated pit"" OR ""clathrin-mediated endocytosis"" OR ""membrane trafficking"") AND (""pheochromocytoma"" OR ""adrenal tumor"" OR ""adrenal tumour"") AND (""cell surface accumulation"" OR ""receptor density"" OR ""membrane organization"" OR ""constitutive activity"" OR ""ligand-independent signaling"")",1,38687678,Loss of tumor suppressor TMEM127 drives RET-mediated transformation through disrupted membrane dynamics.
37425958,"(""TMEM127"" OR ""transmembrane tumor suppressor"") AND (""RET"" OR ""receptor tyrosine kinase"" OR ""RTK"") AND (""endosomal trafficking"" OR ""receptor internalization"" OR ""clathrin coated pit"" OR ""clathrin-mediated endocytosis"" OR ""membrane trafficking"") AND (""pheochromocytoma"" OR ""adrenal tumor"" OR ""adrenal tumour"") AND (""cell surface accumulation"" OR ""receptor density"" OR ""membrane organization"" OR ""constitutive activity"" OR ""ligand-independent signaling"")",2,37425958,Loss of Tumour Suppressor TMEM127 Drives RET-mediated Transformation Through Disrupted Membrane Dynamics.
37337093,"(""supraoptic nucleus"" OR ""SON"") AND (""arginine vasopressin"" OR ""AVP"" OR ""vasopressin neurons"") AND (""GABA"" OR ""GABAA"" OR ""inhibition"" OR ""chloride"") AND (""liver cirrhosis"" OR ""bile duct ligation"" OR ""BDL"" OR ""hyponatremia"") AND (""NKCC1"" OR ""KCC2"" OR ""cation chloride cotransporter"" OR ""intracellular chloride"" OR ""ClopHensorN"" OR ""muscimol"")",1,37337093,Effects of bile duct ligation on the inhibitory control of supraoptic vasopressin neurons.
37337093,"(""supraoptic nucleus"" OR ""SON"") AND (""arginine vasopressin"" OR ""AVP"" OR ""vasopressin neurons"") AND (""GABA"" OR ""GABAA"" OR ""inhibition"" OR ""chloride"") AND (""liver cirrhosis"" OR ""bile duct ligation"" OR ""BDL"" OR ""hyponatremia"") AND (""NKCC1"" OR ""KCC2"" OR ""cation chloride cotransporter"" OR ""intracellular chloride"" OR ""ClopHensorN"" OR ""muscimol"")",2,31557760,Brain-Derived Neurotrophic Factor and Supraoptic Vasopressin Neurons in Hyponatremia.
32169215,"(""protamine"" AND (""phosphorylation"" OR ""histone exchange"" OR ""protamine-to-histone"")) AND (""fertilization"" OR ""zygote"" OR ""pronuclei"" OR ""fertilized oocyte"") AND (""SRPK1"" OR ""SR protein kinase"" OR ""splicing kinase"") AND (""chromatin reprogramming"" OR ""genome reprogramming"" OR ""chromatin remodeling"" OR ""nucleoplasmin"" OR ""NPM2"" OR ""HIRA"" OR ""H3.3"") OR (""protamine"" AND ""histone"" AND (""exchange"" OR ""replacement"" OR ""transition"") AND (""fertilization"" OR ""zygote"" OR ""embryo"") AND (""phosphorylation"" OR ""kinase"")) OR (""paternal genome"" AND ""reprogramming"" AND (""protamine"" OR ""histone"") AND (""fertilization"" OR ""oocyte"" OR ""zygote"")) OR (""ATAC-seq"" AND ""chromatin accessibility"" AND (""sperm"" OR ""oocyte"" OR ""pronuclei"" OR ""embryo"") AND (""protamine"" OR ""histone""))",1,27626382,Allelic reprogramming of the histone modification H3K4me3 in early mammalian development.
32169215,"(""protamine"" AND (""phosphorylation"" OR ""histone exchange"" OR ""protamine-to-histone"")) AND (""fertilization"" OR ""zygote"" OR ""pronuclei"" OR ""fertilized oocyte"") AND (""SRPK1"" OR ""SR protein kinase"" OR ""splicing kinase"") AND (""chromatin reprogramming"" OR ""genome reprogramming"" OR ""chromatin remodeling"" OR ""nucleoplasmin"" OR ""NPM2"" OR ""HIRA"" OR ""H3.3"") OR (""protamine"" AND ""histone"" AND (""exchange"" OR ""replacement"" OR ""transition"") AND (""fertilization"" OR ""zygote"" OR ""embryo"") AND (""phosphorylation"" OR ""kinase"")) OR (""paternal genome"" AND ""reprogramming"" AND (""protamine"" OR ""histone"") AND (""fertilization"" OR ""oocyte"" OR ""zygote"")) OR (""ATAC-seq"" AND ""chromatin accessibility"" AND (""sperm"" OR ""oocyte"" OR ""pronuclei"" OR ""embryo"") AND (""protamine"" OR ""histone""))",2,32169215,Initiation of Parental Genome Reprogramming in Fertilized Oocyte by Splicing Kinase SRPK1-Catalyzed Protamine Phosphorylation.
32169215,"(""protamine"" AND (""phosphorylation"" OR ""histone exchange"" OR ""protamine-to-histone"")) AND (""fertilization"" OR ""zygote"" OR ""pronuclei"" OR ""fertilized oocyte"") AND (""SRPK1"" OR ""SR protein kinase"" OR ""splicing kinase"") AND (""chromatin reprogramming"" OR ""genome reprogramming"" OR ""chromatin remodeling"" OR ""nucleoplasmin"" OR ""NPM2"" OR ""HIRA"" OR ""H3.3"") OR (""protamine"" AND ""histone"" AND (""exchange"" OR ""replacement"" OR ""transition"") AND (""fertilization"" OR ""zygote"" OR ""embryo"") AND (""phosphorylation"" OR ""kinase"")) OR (""paternal genome"" AND ""reprogramming"" AND (""protamine"" OR ""histone"") AND (""fertilization"" OR ""oocyte"" OR ""zygote"")) OR (""ATAC-seq"" AND ""chromatin accessibility"" AND (""sperm"" OR ""oocyte"" OR ""pronuclei"" OR ""embryo"") AND (""protamine"" OR ""histone""))",3,38129076,Revisiting chromatin packaging in mouse sperm.
32169215,"(""protamine"" AND (""phosphorylation"" OR ""histone exchange"" OR ""protamine-to-histone"")) AND (""fertilization"" OR ""zygote"" OR ""pronuclei"" OR ""fertilized oocyte"") AND (""SRPK1"" OR ""SR protein kinase"" OR ""splicing kinase"") AND (""chromatin reprogramming"" OR ""genome reprogramming"" OR ""chromatin remodeling"" OR ""nucleoplasmin"" OR ""NPM2"" OR ""HIRA"" OR ""H3.3"") OR (""protamine"" AND ""histone"" AND (""exchange"" OR ""replacement"" OR ""transition"") AND (""fertilization"" OR ""zygote"" OR ""embryo"") AND (""phosphorylation"" OR ""kinase"")) OR (""paternal genome"" AND ""reprogramming"" AND (""protamine"" OR ""histone"") AND (""fertilization"" OR ""oocyte"" OR ""zygote"")) OR (""ATAC-seq"" AND ""chromatin accessibility"" AND (""sperm"" OR ""oocyte"" OR ""pronuclei"" OR ""embryo"") AND (""protamine"" OR ""histone""))",4,39932187,Acetylation at lysine 27 on maternal H3.3 regulates minor zygotic genome activation.
32169215,"(""protamine"" AND (""phosphorylation"" OR ""histone exchange"" OR ""protamine-to-histone"")) AND (""fertilization"" OR ""zygote"" OR ""pronuclei"" OR ""fertilized oocyte"") AND (""SRPK1"" OR ""SR protein kinase"" OR ""splicing kinase"") AND (""chromatin reprogramming"" OR ""genome reprogramming"" OR ""chromatin remodeling"" OR ""nucleoplasmin"" OR ""NPM2"" OR ""HIRA"" OR ""H3.3"") OR (""protamine"" AND ""histone"" AND (""exchange"" OR ""replacement"" OR ""transition"") AND (""fertilization"" OR ""zygote"" OR ""embryo"") AND (""phosphorylation"" OR ""kinase"")) OR (""paternal genome"" AND ""reprogramming"" AND (""protamine"" OR ""histone"") AND (""fertilization"" OR ""oocyte"" OR ""zygote"")) OR (""ATAC-seq"" AND ""chromatin accessibility"" AND (""sperm"" OR ""oocyte"" OR ""pronuclei"" OR ""embryo"") AND (""protamine"" OR ""histone""))",5,15809273,Epigenetic reprogramming in mammals.
32169215,"(""protamine"" AND (""phosphorylation"" OR ""histone exchange"" OR ""protamine-to-histone"")) AND (""fertilization"" OR ""zygote"" OR ""pronuclei"" OR ""fertilized oocyte"") AND (""SRPK1"" OR ""SR protein kinase"" OR ""splicing kinase"") AND (""chromatin reprogramming"" OR ""genome reprogramming"" OR ""chromatin remodeling"" OR ""nucleoplasmin"" OR ""NPM2"" OR ""HIRA"" OR ""H3.3"") OR (""protamine"" AND ""histone"" AND (""exchange"" OR ""replacement"" OR ""transition"") AND (""fertilization"" OR ""zygote"" OR ""embryo"") AND (""phosphorylation"" OR ""kinase"")) OR (""paternal genome"" AND ""reprogramming"" AND (""protamine"" OR ""histone"") AND (""fertilization"" OR ""oocyte"" OR ""zygote"")) OR (""ATAC-seq"" AND ""chromatin accessibility"" AND (""sperm"" OR ""oocyte"" OR ""pronuclei"" OR ""embryo"") AND (""protamine"" OR ""histone""))",6,37508536,Epigenetic Reprogramming in Mice and Humans: From Fertilization to Primordial Germ Cell Development.
32169215,"(""protamine"" AND (""phosphorylation"" OR ""histone exchange"" OR ""protamine-to-histone"")) AND (""fertilization"" OR ""zygote"" OR ""pronuclei"" OR ""fertilized oocyte"") AND (""SRPK1"" OR ""SR protein kinase"" OR ""splicing kinase"") AND (""chromatin reprogramming"" OR ""genome reprogramming"" OR ""chromatin remodeling"" OR ""nucleoplasmin"" OR ""NPM2"" OR ""HIRA"" OR ""H3.3"") OR (""protamine"" AND ""histone"" AND (""exchange"" OR ""replacement"" OR ""transition"") AND (""fertilization"" OR ""zygote"" OR ""embryo"") AND (""phosphorylation"" OR ""kinase"")) OR (""paternal genome"" AND ""reprogramming"" AND (""protamine"" OR ""histone"") AND (""fertilization"" OR ""oocyte"" OR ""zygote"")) OR (""ATAC-seq"" AND ""chromatin accessibility"" AND (""sperm"" OR ""oocyte"" OR ""pronuclei"" OR ""embryo"") AND (""protamine"" OR ""histone""))",7,23454467,Epigenetics in fertilization and preimplantation embryo development.
32169215,"(""protamine"" AND (""phosphorylation"" OR ""histone exchange"" OR ""protamine-to-histone"")) AND (""fertilization"" OR ""zygote"" OR ""pronuclei"" OR ""fertilized oocyte"") AND (""SRPK1"" OR ""SR protein kinase"" OR ""splicing kinase"") AND (""chromatin reprogramming"" OR ""genome reprogramming"" OR ""chromatin remodeling"" OR ""nucleoplasmin"" OR ""NPM2"" OR ""HIRA"" OR ""H3.3"") OR (""protamine"" AND ""histone"" AND (""exchange"" OR ""replacement"" OR ""transition"") AND (""fertilization"" OR ""zygote"" OR ""embryo"") AND (""phosphorylation"" OR ""kinase"")) OR (""paternal genome"" AND ""reprogramming"" AND (""protamine"" OR ""histone"") AND (""fertilization"" OR ""oocyte"" OR ""zygote"")) OR (""ATAC-seq"" AND ""chromatin accessibility"" AND (""sperm"" OR ""oocyte"" OR ""pronuclei"" OR ""embryo"") AND (""protamine"" OR ""histone""))",8,41354937,Dynamic architecture of mammalian paternal chromatin: histone-to-protamine exchange and post-fertilization reprogramming.
32169215,"(""protamine"" AND (""phosphorylation"" OR ""histone exchange"" OR ""protamine-to-histone"")) AND (""fertilization"" OR ""zygote"" OR ""pronuclei"" OR ""fertilized oocyte"") AND (""SRPK1"" OR ""SR protein kinase"" OR ""splicing kinase"") AND (""chromatin reprogramming"" OR ""genome reprogramming"" OR ""chromatin remodeling"" OR ""nucleoplasmin"" OR ""NPM2"" OR ""HIRA"" OR ""H3.3"") OR (""protamine"" AND ""histone"" AND (""exchange"" OR ""replacement"" OR ""transition"") AND (""fertilization"" OR ""zygote"" OR ""embryo"") AND (""phosphorylation"" OR ""kinase"")) OR (""paternal genome"" AND ""reprogramming"" AND (""protamine"" OR ""histone"") AND (""fertilization"" OR ""oocyte"" OR ""zygote"")) OR (""ATAC-seq"" AND ""chromatin accessibility"" AND (""sperm"" OR ""oocyte"" OR ""pronuclei"" OR ""embryo"") AND (""protamine"" OR ""histone""))",9,27899719,A novel hypothesis for histone-to-protamine transition in Bos taurus spermatozoa.
32169215,"(""protamine"" AND (""phosphorylation"" OR ""histone exchange"" OR ""protamine-to-histone"")) AND (""fertilization"" OR ""zygote"" OR ""pronuclei"" OR ""fertilized oocyte"") AND (""SRPK1"" OR ""SR protein kinase"" OR ""splicing kinase"") AND (""chromatin reprogramming"" OR ""genome reprogramming"" OR ""chromatin remodeling"" OR ""nucleoplasmin"" OR ""NPM2"" OR ""HIRA"" OR ""H3.3"") OR (""protamine"" AND ""histone"" AND (""exchange"" OR ""replacement"" OR ""transition"") AND (""fertilization"" OR ""zygote"" OR ""embryo"") AND (""phosphorylation"" OR ""kinase"")) OR (""paternal genome"" AND ""reprogramming"" AND (""protamine"" OR ""histone"") AND (""fertilization"" OR ""oocyte"" OR ""zygote"")) OR (""ATAC-seq"" AND ""chromatin accessibility"" AND (""sperm"" OR ""oocyte"" OR ""pronuclei"" OR ""embryo"") AND (""protamine"" OR ""histone""))",10,21321204,Reprogramming of the paternal genome upon fertilization involves genome-wide oxidation of 5-methylcytosine.
42539119,"(""C. elegans"" OR ""Caenorhabditis elegans"" OR nematode) AND (""LITE-1"" OR ""gustatory receptor"" OR ""chemoreceptor"" OR ""photoreceptor"") AND (""blue light"" OR ""UV light"" OR ""light avoidance"" OR ""light response"" OR photosensitivity) AND (diacetyl OR odorant OR ""chemosensory"" OR ""olfactory"" OR ""avoidance behavior"") AND (""multimodal"" OR ""aversive"" OR ""sensory integration"" OR ""body-wall muscle"" OR ""muscle contraction"")",1,42539119,The C. elegans gustatory receptor homolog LITE-1 is a chemoreceptor required for diacetyl avoidance.
30862831,"(""cell-free microRNA"" OR ""circulating microRNA"" OR ""cfmiRNA"" OR ""extracellular miRNA"") AND (""biofluid"" OR ""serum"" OR ""plasma"" OR ""liquid biopsy"") AND (""spike-in"" OR ""spike in"" OR ""internal control"" OR ""reference gene"" OR ""normalization"") AND (""RT-qPCR"" OR ""qPCR"" OR ""quantitative PCR"" OR ""real-time PCR"") AND (""quality control"" OR ""pre-analytical"" OR ""RNA isolation"" OR ""RNA extraction"") AND (""biomarker"" OR ""diagnosis"" OR ""prognosis"")",1,29037479,Circulating miRNAs in nontumoral liver diseases.
30862831,"(""cell-free microRNA"" OR ""circulating microRNA"" OR ""cfmiRNA"" OR ""extracellular miRNA"") AND (""biofluid"" OR ""serum"" OR ""plasma"" OR ""liquid biopsy"") AND (""spike-in"" OR ""spike in"" OR ""internal control"" OR ""reference gene"" OR ""normalization"") AND (""RT-qPCR"" OR ""qPCR"" OR ""quantitative PCR"" OR ""real-time PCR"") AND (""quality control"" OR ""pre-analytical"" OR ""RNA isolation"" OR ""RNA extraction"") AND (""biomarker"" OR ""diagnosis"" OR ""prognosis"")",2,30862831,Two-tailed RT-qPCR panel for quality control of circulating microRNA studies.
30862831,"(""cell-free microRNA"" OR ""circulating microRNA"" OR ""cfmiRNA"" OR ""extracellular miRNA"") AND (""biofluid"" OR ""serum"" OR ""plasma"" OR ""liquid biopsy"") AND (""spike-in"" OR ""spike in"" OR ""internal control"" OR ""reference gene"" OR ""normalization"") AND (""RT-qPCR"" OR ""qPCR"" OR ""quantitative PCR"" OR ""real-time PCR"") AND (""quality control"" OR ""pre-analytical"" OR ""RNA isolation"" OR ""RNA extraction"") AND (""biomarker"" OR ""diagnosis"" OR ""prognosis"")",3,32123845,Validation of extracellular miRNA quantification in blood samples using RT-qPCR.
30862831,"(""cell-free microRNA"" OR ""circulating microRNA"" OR ""cfmiRNA"" OR ""extracellular miRNA"") AND (""biofluid"" OR ""serum"" OR ""plasma"" OR ""liquid biopsy"") AND (""spike-in"" OR ""spike in"" OR ""internal control"" OR ""reference gene"" OR ""normalization"") AND (""RT-qPCR"" OR ""qPCR"" OR ""quantitative PCR"" OR ""real-time PCR"") AND (""quality control"" OR ""pre-analytical"" OR ""RNA isolation"" OR ""RNA extraction"") AND (""biomarker"" OR ""diagnosis"" OR ""prognosis"")",4,24357537,Standardizing analysis of circulating microRNA: clinical and biological relevance.
30862831,"(""cell-free microRNA"" OR ""circulating microRNA"" OR ""cfmiRNA"" OR ""extracellular miRNA"") AND (""biofluid"" OR ""serum"" OR ""plasma"" OR ""liquid biopsy"") AND (""spike-in"" OR ""spike in"" OR ""internal control"" OR ""reference gene"" OR ""normalization"") AND (""RT-qPCR"" OR ""qPCR"" OR ""quantitative PCR"" OR ""real-time PCR"") AND (""quality control"" OR ""pre-analytical"" OR ""RNA isolation"" OR ""RNA extraction"") AND (""biomarker"" OR ""diagnosis"" OR ""prognosis"")",5,42446817,Circulating microRNAs as Promising Biomarkers in Parkinson's Disease.
38989890,"(""mistranslation"" OR ""misincorporation"" OR ""mistranslation error"" OR ""codon misreading"") AND (""tRNA"" OR ""transfer RNA"" OR ""aminoacyl-tRNA"") AND (""Drosophila"" OR ""fruit fly"" OR ""Drosophila melanogaster"") AND (""sex-specific"" OR ""sex difference"" OR ""male"" OR ""female"" OR ""sexually dimorphic"") AND (""transcriptome"" OR ""transcriptomic"" OR ""RNA-seq"" OR ""gene expression"" OR ""transcriptional response"")",1,38989890,Impact of tRNA-induced proline-to-serine mistranslation on the transcriptome of Drosophila melanogaster.
38989890,"(""mistranslation"" OR ""misincorporation"" OR ""mistranslation error"" OR ""codon misreading"") AND (""tRNA"" OR ""transfer RNA"" OR ""aminoacyl-tRNA"") AND (""Drosophila"" OR ""fruit fly"" OR ""Drosophila melanogaster"") AND (""sex-specific"" OR ""sex difference"" OR ""male"" OR ""female"" OR ""sexually dimorphic"") AND (""transcriptome"" OR ""transcriptomic"" OR ""RNA-seq"" OR ""gene expression"" OR ""transcriptional response"")",2,38766246,Impact of tRNA-induced proline-to-serine mistranslation on the transcriptome of Drosophila melanogaster.
38863673,"(""splice junction"" OR ""alternative splicing"" OR ""splicing dysregulation"" OR ""aberrant splicing"") AND (""neoantigen"" OR ""neoepitope"" OR ""tumor-specific antigen"") AND (""cancer immunotherapy"" OR ""immunotherapy"") AND (""somatic mutation"" OR ""tumor mutation"" OR ""mutation-derived"") AND (""RNA-seq"" OR ""transcriptome"" OR ""RNA sequencing"")",1,38989416,Identification of pancreatic adenocarcinoma immune subtype associated with tumor neoantigen from aberrant alternative splicing.
34616066,"(""single-cell transcriptomics"" OR ""single-cell RNA sequencing"" OR ""scRNA-seq"" OR ""single-cell multiomics"" OR ""single-cell epigenomics"" OR ""snRNA-seq"" OR ""snATAC-seq"") AND (""primary motor cortex"" OR ""motor cortex"") AND (""cell type"" OR ""cell atlas"" OR ""cell taxonomy"") AND (""mouse"" OR ""mice"" OR ""murine"") AND (""neuronal"" OR ""neuron"" OR ""excitatory neurons"" OR ""inhibitory neurons"" OR ""pyramidal cells"") AND (""gene regulatory elements"" OR ""chromatin accessibility"" OR ""epigenome"" OR ""transcriptome"" OR ""marker genes"" OR ""multimodal"" OR ""multi-omics"")",1,34616063,Spatially resolved cell atlas of the mouse primary motor cortex by MERFISH.
34616066,"(""single-cell transcriptomics"" OR ""single-cell RNA sequencing"" OR ""scRNA-seq"" OR ""single-cell multiomics"" OR ""single-cell epigenomics"" OR ""snRNA-seq"" OR ""snATAC-seq"") AND (""primary motor cortex"" OR ""motor cortex"") AND (""cell type"" OR ""cell atlas"" OR ""cell taxonomy"") AND (""mouse"" OR ""mice"" OR ""murine"") AND (""neuronal"" OR ""neuron"" OR ""excitatory neurons"" OR ""inhibitory neurons"" OR ""pyramidal cells"") AND (""gene regulatory elements"" OR ""chromatin accessibility"" OR ""epigenome"" OR ""transcriptome"" OR ""marker genes"" OR ""multimodal"" OR ""multi-omics"")",2,34616075,A multimodal cell census and atlas of the mammalian primary motor cortex.
34616066,"(""single-cell transcriptomics"" OR ""single-cell RNA sequencing"" OR ""scRNA-seq"" OR ""single-cell multiomics"" OR ""single-cell epigenomics"" OR ""snRNA-seq"" OR ""snATAC-seq"") AND (""primary motor cortex"" OR ""motor cortex"") AND (""cell type"" OR ""cell atlas"" OR ""cell taxonomy"") AND (""mouse"" OR ""mice"" OR ""murine"") AND (""neuronal"" OR ""neuron"" OR ""excitatory neurons"" OR ""inhibitory neurons"" OR ""pyramidal cells"") AND (""gene regulatory elements"" OR ""chromatin accessibility"" OR ""epigenome"" OR ""transcriptome"" OR ""marker genes"" OR ""multimodal"" OR ""multi-omics"")",3,34616066,A transcriptomic and epigenomic cell atlas of the mouse primary motor cortex.
34616066,"(""single-cell transcriptomics"" OR ""single-cell RNA sequencing"" OR ""scRNA-seq"" OR ""single-cell multiomics"" OR ""single-cell epigenomics"" OR ""snRNA-seq"" OR ""snATAC-seq"") AND (""primary motor cortex"" OR ""motor cortex"") AND (""cell type"" OR ""cell atlas"" OR ""cell taxonomy"") AND (""mouse"" OR ""mice"" OR ""murine"") AND (""neuronal"" OR ""neuron"" OR ""excitatory neurons"" OR ""inhibitory neurons"" OR ""pyramidal cells"") AND (""gene regulatory elements"" OR ""chromatin accessibility"" OR ""epigenome"" OR ""transcriptome"" OR ""marker genes"" OR ""multimodal"" OR ""multi-omics"")",4,36213201,Cell-type specific transcriptomic signatures of neocortical circuit organization and their relevance to autism.
34616066,"(""single-cell transcriptomics"" OR ""single-cell RNA sequencing"" OR ""scRNA-seq"" OR ""single-cell multiomics"" OR ""single-cell epigenomics"" OR ""snRNA-seq"" OR ""snATAC-seq"") AND (""primary motor cortex"" OR ""motor cortex"") AND (""cell type"" OR ""cell atlas"" OR ""cell taxonomy"") AND (""mouse"" OR ""mice"" OR ""murine"") AND (""neuronal"" OR ""neuron"" OR ""excitatory neurons"" OR ""inhibitory neurons"" OR ""pyramidal cells"") AND (""gene regulatory elements"" OR ""chromatin accessibility"" OR ""epigenome"" OR ""transcriptome"" OR ""marker genes"" OR ""multimodal"" OR ""multi-omics"")",5,35708842,Cortical VIP+ Interneurons in the Upper and Deeper Layers Are Transcriptionally Distinct.
26320937,"(""extracellular RNA"" OR ""exRNA"" OR ""exRNAs"") AND (""biofluid"" OR ""biofluids"" OR ""plasma"" OR ""serum"" OR ""urine"" OR ""cerebrospinal fluid"") AND (""extracellular vesicles"" OR ""exosomes"" OR ""microvesicles"" OR ""ribonucleoprotein"" OR ""lipoprotein"") AND (""isolation"" OR ""separation"" OR ""collection"" OR ""extraction"" OR ""purification"") AND (""biomarker"" OR ""diagnosis"" OR ""standardization"" OR ""methods"" OR ""protocol"")",1,40966084,"A comprehensive analysis of supermere, exomere, and extracellular vesicle isolation and cargo in colorectal cancer."
26320937,"(""extracellular RNA"" OR ""exRNA"" OR ""exRNAs"") AND (""biofluid"" OR ""biofluids"" OR ""plasma"" OR ""serum"" OR ""urine"" OR ""cerebrospinal fluid"") AND (""extracellular vesicles"" OR ""exosomes"" OR ""microvesicles"" OR ""ribonucleoprotein"" OR ""lipoprotein"") AND (""isolation"" OR ""separation"" OR ""collection"" OR ""extraction"" OR ""purification"") AND (""biomarker"" OR ""diagnosis"" OR ""standardization"" OR ""methods"" OR ""protocol"")",2,31108123,Diversity and heterogeneity of extracellular RNA in human plasma.
26320937,"(""extracellular RNA"" OR ""exRNA"" OR ""exRNAs"") AND (""biofluid"" OR ""biofluids"" OR ""plasma"" OR ""serum"" OR ""urine"" OR ""cerebrospinal fluid"") AND (""extracellular vesicles"" OR ""exosomes"" OR ""microvesicles"" OR ""ribonucleoprotein"" OR ""lipoprotein"") AND (""isolation"" OR ""separation"" OR ""collection"" OR ""extraction"" OR ""purification"") AND (""biomarker"" OR ""diagnosis"" OR ""standardization"" OR ""methods"" OR ""protocol"")",3,30951671,Small RNA Sequencing across Diverse Biofluids Identifies Optimal Methods for exRNA Isolation.
26320937,"(""extracellular RNA"" OR ""exRNA"" OR ""exRNAs"") AND (""biofluid"" OR ""biofluids"" OR ""plasma"" OR ""serum"" OR ""urine"" OR ""cerebrospinal fluid"") AND (""extracellular vesicles"" OR ""exosomes"" OR ""microvesicles"" OR ""ribonucleoprotein"" OR ""lipoprotein"") AND (""isolation"" OR ""separation"" OR ""collection"" OR ""extraction"" OR ""purification"") AND (""biomarker"" OR ""diagnosis"" OR ""standardization"" OR ""methods"" OR ""protocol"")",4,29388135,Isolation of Extracellular RNA from Serum/Plasma.
26320937,"(""extracellular RNA"" OR ""exRNA"" OR ""exRNAs"") AND (""biofluid"" OR ""biofluids"" OR ""plasma"" OR ""serum"" OR ""urine"" OR ""cerebrospinal fluid"") AND (""extracellular vesicles"" OR ""exosomes"" OR ""microvesicles"" OR ""ribonucleoprotein"" OR ""lipoprotein"") AND (""isolation"" OR ""separation"" OR ""collection"" OR ""extraction"" OR ""purification"") AND (""biomarker"" OR ""diagnosis"" OR ""standardization"" OR ""methods"" OR ""protocol"")",5,33792880,"Isolation, Extraction and Deep-Sequencing Analysis of Extracellular RNAs (exRNAs) from Human Plasma."
26320937,"(""extracellular RNA"" OR ""exRNA"" OR ""exRNAs"") AND (""biofluid"" OR ""biofluids"" OR ""plasma"" OR ""serum"" OR ""urine"" OR ""cerebrospinal fluid"") AND (""extracellular vesicles"" OR ""exosomes"" OR ""microvesicles"" OR ""ribonucleoprotein"" OR ""lipoprotein"") AND (""isolation"" OR ""separation"" OR ""collection"" OR ""extraction"" OR ""purification"") AND (""biomarker"" OR ""diagnosis"" OR ""standardization"" OR ""methods"" OR ""protocol"")",6,29388131,Extracellular RNAs: A New Awareness of Old Perspectives.
26320937,"(""extracellular RNA"" OR ""exRNA"" OR ""exRNAs"") AND (""biofluid"" OR ""biofluids"" OR ""plasma"" OR ""serum"" OR ""urine"" OR ""cerebrospinal fluid"") AND (""extracellular vesicles"" OR ""exosomes"" OR ""microvesicles"" OR ""ribonucleoprotein"" OR ""lipoprotein"") AND (""isolation"" OR ""separation"" OR ""collection"" OR ""extraction"" OR ""purification"") AND (""biomarker"" OR ""diagnosis"" OR ""standardization"" OR ""methods"" OR ""protocol"")",7,29388132,Overview of Protocols for Studying Extracellular RNA and Extracellular Vesicles.
26320937,"(""extracellular RNA"" OR ""exRNA"" OR ""exRNAs"") AND (""biofluid"" OR ""biofluids"" OR ""plasma"" OR ""serum"" OR ""urine"" OR ""cerebrospinal fluid"") AND (""extracellular vesicles"" OR ""exosomes"" OR ""microvesicles"" OR ""ribonucleoprotein"" OR ""lipoprotein"") AND (""isolation"" OR ""separation"" OR ""collection"" OR ""extraction"" OR ""purification"") AND (""biomarker"" OR ""diagnosis"" OR ""standardization"" OR ""methods"" OR ""protocol"")",8,29388133,Extracellular RNA Isolation from Cell Culture Supernatant.
26320937,"(""extracellular RNA"" OR ""exRNA"" OR ""exRNAs"") AND (""biofluid"" OR ""biofluids"" OR ""plasma"" OR ""serum"" OR ""urine"" OR ""cerebrospinal fluid"") AND (""extracellular vesicles"" OR ""exosomes"" OR ""microvesicles"" OR ""ribonucleoprotein"" OR ""lipoprotein"") AND (""isolation"" OR ""separation"" OR ""collection"" OR ""extraction"" OR ""purification"") AND (""biomarker"" OR ""diagnosis"" OR ""standardization"" OR ""methods"" OR ""protocol"")",9,30951667,The Extracellular RNA Communication Consortium: Establishing Foundational Knowledge and Technologies for Extracellular RNA Research.
26320937,"(""extracellular RNA"" OR ""exRNA"" OR ""exRNAs"") AND (""biofluid"" OR ""biofluids"" OR ""plasma"" OR ""serum"" OR ""urine"" OR ""cerebrospinal fluid"") AND (""extracellular vesicles"" OR ""exosomes"" OR ""microvesicles"" OR ""ribonucleoprotein"" OR ""lipoprotein"") AND (""isolation"" OR ""separation"" OR ""collection"" OR ""extraction"" OR ""purification"") AND (""biomarker"" OR ""diagnosis"" OR ""standardization"" OR ""methods"" OR ""protocol"")",10,39440167,Choice of blood collection methods influences extracellular vesicles counts and miRNA profiling.
28650476,"(""yeast two-hybrid"" OR ""Y2H"" OR ""two-hybrid screening"") AND (""protein-protein interaction"" OR ""protein interaction network"" OR ""interactome"") AND (""next-generation sequencing"" OR ""NGS"" OR ""deep sequencing"" OR ""high-throughput sequencing"") AND (""transcription factor"" OR ""transcriptome"") AND (""Arabidopsis"" OR ""plant"")",1,33367498,NGPINT: a next-generation protein-protein interaction software.
36045295,"(""monoterpene indole alkaloid"" OR ""monoterpene indole alkaloids"" OR MIA OR MIAs OR vinblastine OR vincristine OR vindoline OR catharanthine) AND (""microbial biosynthesis"" OR ""yeast biosynthesis"" OR ""metabolic engineering"" OR ""synthetic biology"" OR ""biosynthetic pathway"" OR ""cell factory"" OR ""microbial cell factory"" OR ""de novo biosynthesis"" OR ""heterologous expression"" OR ""pathway engineering"") AND (""Saccharomyces cerevisiae"" OR yeast OR ""Catharanthus roseus"" OR ""engineered yeast"" OR ""engineered microorganism"")",1,38212296,De novo biosynthesis of antiarrhythmic alkaloid ajmaline.
36045295,"(""monoterpene indole alkaloid"" OR ""monoterpene indole alkaloids"" OR MIA OR MIAs OR vinblastine OR vincristine OR vindoline OR catharanthine) AND (""microbial biosynthesis"" OR ""yeast biosynthesis"" OR ""metabolic engineering"" OR ""synthetic biology"" OR ""biosynthetic pathway"" OR ""cell factory"" OR ""microbial cell factory"" OR ""de novo biosynthesis"" OR ""heterologous expression"" OR ""pathway engineering"") AND (""Saccharomyces cerevisiae"" OR yeast OR ""Catharanthus roseus"" OR ""engineered yeast"" OR ""engineered microorganism"")",2,37905202,De Novo Biosynthesis of Vindoline and Catharanthine in Saccharomyces cerevisiae.
36045295,"(""monoterpene indole alkaloid"" OR ""monoterpene indole alkaloids"" OR MIA OR MIAs OR vinblastine OR vincristine OR vindoline OR catharanthine) AND (""microbial biosynthesis"" OR ""yeast biosynthesis"" OR ""metabolic engineering"" OR ""synthetic biology"" OR ""biosynthetic pathway"" OR ""cell factory"" OR ""microbial cell factory"" OR ""de novo biosynthesis"" OR ""heterologous expression"" OR ""pathway engineering"") AND (""Saccharomyces cerevisiae"" OR yeast OR ""Catharanthus roseus"" OR ""engineered yeast"" OR ""engineered microorganism"")",3,35294193,Engineered Production of Strictosidine and Analogues in Yeast.
36045295,"(""monoterpene indole alkaloid"" OR ""monoterpene indole alkaloids"" OR MIA OR MIAs OR vinblastine OR vincristine OR vindoline OR catharanthine) AND (""microbial biosynthesis"" OR ""yeast biosynthesis"" OR ""metabolic engineering"" OR ""synthetic biology"" OR ""biosynthetic pathway"" OR ""cell factory"" OR ""microbial cell factory"" OR ""de novo biosynthesis"" OR ""heterologous expression"" OR ""pathway engineering"") AND (""Saccharomyces cerevisiae"" OR yeast OR ""Catharanthus roseus"" OR ""engineered yeast"" OR ""engineered microorganism"")",4,37188960,Single-cell multi-omics in the medicinal plant Catharanthus roseus.
36045295,"(""monoterpene indole alkaloid"" OR ""monoterpene indole alkaloids"" OR MIA OR MIAs OR vinblastine OR vincristine OR vindoline OR catharanthine) AND (""microbial biosynthesis"" OR ""yeast biosynthesis"" OR ""metabolic engineering"" OR ""synthetic biology"" OR ""biosynthetic pathway"" OR ""cell factory"" OR ""microbial cell factory"" OR ""de novo biosynthesis"" OR ""heterologous expression"" OR ""pathway engineering"") AND (""Saccharomyces cerevisiae"" OR yeast OR ""Catharanthus roseus"" OR ""engineered yeast"" OR ""engineered microorganism"")",5,35333954,Engineering Catharanthus roseus monoterpenoid indole alkaloid pathway in yeast.
36045295,"(""monoterpene indole alkaloid"" OR ""monoterpene indole alkaloids"" OR MIA OR MIAs OR vinblastine OR vincristine OR vindoline OR catharanthine) AND (""microbial biosynthesis"" OR ""yeast biosynthesis"" OR ""metabolic engineering"" OR ""synthetic biology"" OR ""biosynthetic pathway"" OR ""cell factory"" OR ""microbial cell factory"" OR ""de novo biosynthesis"" OR ""heterologous expression"" OR ""pathway engineering"") AND (""Saccharomyces cerevisiae"" OR yeast OR ""Catharanthus roseus"" OR ""engineered yeast"" OR ""engineered microorganism"")",6,35732954,Agrobacterium-Mediated in Planta Transformation in Periwinkle.
36045295,"(""monoterpene indole alkaloid"" OR ""monoterpene indole alkaloids"" OR MIA OR MIAs OR vinblastine OR vincristine OR vindoline OR catharanthine) AND (""microbial biosynthesis"" OR ""yeast biosynthesis"" OR ""metabolic engineering"" OR ""synthetic biology"" OR ""biosynthetic pathway"" OR ""cell factory"" OR ""microbial cell factory"" OR ""de novo biosynthesis"" OR ""heterologous expression"" OR ""pathway engineering"") AND (""Saccharomyces cerevisiae"" OR yeast OR ""Catharanthus roseus"" OR ""engineered yeast"" OR ""engineered microorganism"")",7,29723561,Monoterpene indole alkaloids from Rhazya stricta.
36045295,"(""monoterpene indole alkaloid"" OR ""monoterpene indole alkaloids"" OR MIA OR MIAs OR vinblastine OR vincristine OR vindoline OR catharanthine) AND (""microbial biosynthesis"" OR ""yeast biosynthesis"" OR ""metabolic engineering"" OR ""synthetic biology"" OR ""biosynthetic pathway"" OR ""cell factory"" OR ""microbial cell factory"" OR ""de novo biosynthesis"" OR ""heterologous expression"" OR ""pathway engineering"") AND (""Saccharomyces cerevisiae"" OR yeast OR ""Catharanthus roseus"" OR ""engineered yeast"" OR ""engineered microorganism"")",8,15032608,The Catharanthus alkaloids: pharmacognosy and biotechnology.
36045295,"(""monoterpene indole alkaloid"" OR ""monoterpene indole alkaloids"" OR MIA OR MIAs OR vinblastine OR vincristine OR vindoline OR catharanthine) AND (""microbial biosynthesis"" OR ""yeast biosynthesis"" OR ""metabolic engineering"" OR ""synthetic biology"" OR ""biosynthetic pathway"" OR ""cell factory"" OR ""microbial cell factory"" OR ""de novo biosynthesis"" OR ""heterologous expression"" OR ""pathway engineering"") AND (""Saccharomyces cerevisiae"" OR yeast OR ""Catharanthus roseus"" OR ""engineered yeast"" OR ""engineered microorganism"")",9,37932529,Biosynthesis of natural and halogenated plant monoterpene indole alkaloids in yeast.
36045295,"(""monoterpene indole alkaloid"" OR ""monoterpene indole alkaloids"" OR MIA OR MIAs OR vinblastine OR vincristine OR vindoline OR catharanthine) AND (""microbial biosynthesis"" OR ""yeast biosynthesis"" OR ""metabolic engineering"" OR ""synthetic biology"" OR ""biosynthetic pathway"" OR ""cell factory"" OR ""microbial cell factory"" OR ""de novo biosynthesis"" OR ""heterologous expression"" OR ""pathway engineering"") AND (""Saccharomyces cerevisiae"" OR yeast OR ""Catharanthus roseus"" OR ""engineered yeast"" OR ""engineered microorganism"")",10,27548127,Evaluation of Biosynthetic Pathway and Engineered Biosynthesis of Alkaloids.
36555794,"(""SARS-CoV-2"" OR ""COVID-19"" OR ""coronavirus"") AND (""Omicron"" OR ""variant of concern"" OR ""emerging variant"") AND (""RT-qPCR"" OR ""real-time PCR"" OR ""quantitative PCR"" OR ""multiplex PCR"" OR ""RT-PCR"") AND (""variant detection"" OR ""variant identification"" OR ""genotyping"" OR ""lineage"" OR ""subvariant"") AND (""whole genome sequencing"" OR ""WGS"" OR ""next generation sequencing"" OR ""NGS"" OR ""sequencing validation"")",1,38680163,Detection of SARS-CoV-2 B.1.1.529 (Omicron) variant by SYBR Green-based RT-qPCR.
36555794,"(""SARS-CoV-2"" OR ""COVID-19"" OR ""coronavirus"") AND (""Omicron"" OR ""variant of concern"" OR ""emerging variant"") AND (""RT-qPCR"" OR ""real-time PCR"" OR ""quantitative PCR"" OR ""multiplex PCR"" OR ""RT-PCR"") AND (""variant detection"" OR ""variant identification"" OR ""genotyping"" OR ""lineage"" OR ""subvariant"") AND (""whole genome sequencing"" OR ""WGS"" OR ""next generation sequencing"" OR ""NGS"" OR ""sequencing validation"")",2,35766492,COVID-19 Variant Detection with a High-Fidelity CRISPR-Cas12 Enzyme.
36555794,"(""SARS-CoV-2"" OR ""COVID-19"" OR ""coronavirus"") AND (""Omicron"" OR ""variant of concern"" OR ""emerging variant"") AND (""RT-qPCR"" OR ""real-time PCR"" OR ""quantitative PCR"" OR ""multiplex PCR"" OR ""RT-PCR"") AND (""variant detection"" OR ""variant identification"" OR ""genotyping"" OR ""lineage"" OR ""subvariant"") AND (""whole genome sequencing"" OR ""WGS"" OR ""next generation sequencing"" OR ""NGS"" OR ""sequencing validation"")",3,35632815,Molecular Analysis of SARS-CoV-2 Lineages in Armenia.
36555794,"(""SARS-CoV-2"" OR ""COVID-19"" OR ""coronavirus"") AND (""Omicron"" OR ""variant of concern"" OR ""emerging variant"") AND (""RT-qPCR"" OR ""real-time PCR"" OR ""quantitative PCR"" OR ""multiplex PCR"" OR ""RT-PCR"") AND (""variant detection"" OR ""variant identification"" OR ""genotyping"" OR ""lineage"" OR ""subvariant"") AND (""whole genome sequencing"" OR ""WGS"" OR ""next generation sequencing"" OR ""NGS"" OR ""sequencing validation"")",4,38280807,Molecular biology of SARS-CoV-2 and techniques of diagnosis and surveillance.
36555794,"(""SARS-CoV-2"" OR ""COVID-19"" OR ""coronavirus"") AND (""Omicron"" OR ""variant of concern"" OR ""emerging variant"") AND (""RT-qPCR"" OR ""real-time PCR"" OR ""quantitative PCR"" OR ""multiplex PCR"" OR ""RT-PCR"") AND (""variant detection"" OR ""variant identification"" OR ""genotyping"" OR ""lineage"" OR ""subvariant"") AND (""whole genome sequencing"" OR ""WGS"" OR ""next generation sequencing"" OR ""NGS"" OR ""sequencing validation"")",5,39412285,Rapid detection of SARS-CoV-2 variants by molecular-clamping technology-based RT-qPCR.
36555794,"(""SARS-CoV-2"" OR ""COVID-19"" OR ""coronavirus"") AND (""Omicron"" OR ""variant of concern"" OR ""emerging variant"") AND (""RT-qPCR"" OR ""real-time PCR"" OR ""quantitative PCR"" OR ""multiplex PCR"" OR ""RT-PCR"") AND (""variant detection"" OR ""variant identification"" OR ""genotyping"" OR ""lineage"" OR ""subvariant"") AND (""whole genome sequencing"" OR ""WGS"" OR ""next generation sequencing"" OR ""NGS"" OR ""sequencing validation"")",6,39772170,Emerging SARS-CoV-2 Variants in Uganda in the Era of COVID-19 Vaccination.
36555794,"(""SARS-CoV-2"" OR ""COVID-19"" OR ""coronavirus"") AND (""Omicron"" OR ""variant of concern"" OR ""emerging variant"") AND (""RT-qPCR"" OR ""real-time PCR"" OR ""quantitative PCR"" OR ""multiplex PCR"" OR ""RT-PCR"") AND (""variant detection"" OR ""variant identification"" OR ""genotyping"" OR ""lineage"" OR ""subvariant"") AND (""whole genome sequencing"" OR ""WGS"" OR ""next generation sequencing"" OR ""NGS"" OR ""sequencing validation"")",7,35679788,Real-time allelic assays of SARS-CoV-2 variants to enhance sewage surveillance.
36555794,"(""SARS-CoV-2"" OR ""COVID-19"" OR ""coronavirus"") AND (""Omicron"" OR ""variant of concern"" OR ""emerging variant"") AND (""RT-qPCR"" OR ""real-time PCR"" OR ""quantitative PCR"" OR ""multiplex PCR"" OR ""RT-PCR"") AND (""variant detection"" OR ""variant identification"" OR ""genotyping"" OR ""lineage"" OR ""subvariant"") AND (""whole genome sequencing"" OR ""WGS"" OR ""next generation sequencing"" OR ""NGS"" OR ""sequencing validation"")",8,36226173,SARS-CoV-2 coinfections with variant genomic lineages identified by multiplex fragment analysis.
36555794,"(""SARS-CoV-2"" OR ""COVID-19"" OR ""coronavirus"") AND (""Omicron"" OR ""variant of concern"" OR ""emerging variant"") AND (""RT-qPCR"" OR ""real-time PCR"" OR ""quantitative PCR"" OR ""multiplex PCR"" OR ""RT-PCR"") AND (""variant detection"" OR ""variant identification"" OR ""genotyping"" OR ""lineage"" OR ""subvariant"") AND (""whole genome sequencing"" OR ""WGS"" OR ""next generation sequencing"" OR ""NGS"" OR ""sequencing validation"")",9,38670399,Whole genome analysis reveals unique traits of SARS-CoV-2 in pediatric patients.
36555794,"(""SARS-CoV-2"" OR ""COVID-19"" OR ""coronavirus"") AND (""Omicron"" OR ""variant of concern"" OR ""emerging variant"") AND (""RT-qPCR"" OR ""real-time PCR"" OR ""quantitative PCR"" OR ""multiplex PCR"" OR ""RT-PCR"") AND (""variant detection"" OR ""variant identification"" OR ""genotyping"" OR ""lineage"" OR ""subvariant"") AND (""whole genome sequencing"" OR ""WGS"" OR ""next generation sequencing"" OR ""NGS"" OR ""sequencing validation"")",10,37154727,Efficient SARS-CoV-2 Surveillance during the Pandemic-Endemic Transition Using PCR-Based Genotyping Assays.
38819130,"(""wastewater surveillance"" OR ""wastewater-based epidemiology"" OR ""environmental surveillance"" OR ""wastewater sequencing"") AND (""SARS-CoV-2"" OR ""COVID-19"") AND (""genomic epidemiology"" OR ""next generation sequencing"" OR ""NGS"" OR ""whole genome sequencing"") AND (""variant"" OR ""lineage"" OR ""Omicron"" OR ""Delta"") AND (""public health"" OR ""population-level"" OR ""pandemic response"")",1,38335205,Identification of SARS-CoV-2 variants in indoor dust.
38819130,"(""wastewater surveillance"" OR ""wastewater-based epidemiology"" OR ""environmental surveillance"" OR ""wastewater sequencing"") AND (""SARS-CoV-2"" OR ""COVID-19"") AND (""genomic epidemiology"" OR ""next generation sequencing"" OR ""NGS"" OR ""whole genome sequencing"") AND (""variant"" OR ""lineage"" OR ""Omicron"" OR ""Delta"") AND (""public health"" OR ""population-level"" OR ""pandemic response"")",2,39388978,Assessing different next-generation sequencing technologies for wastewater-based epidemiology.
38819130,"(""wastewater surveillance"" OR ""wastewater-based epidemiology"" OR ""environmental surveillance"" OR ""wastewater sequencing"") AND (""SARS-CoV-2"" OR ""COVID-19"") AND (""genomic epidemiology"" OR ""next generation sequencing"" OR ""NGS"" OR ""whole genome sequencing"") AND (""variant"" OR ""lineage"" OR ""Omicron"" OR ""Delta"") AND (""public health"" OR ""population-level"" OR ""pandemic response"")",3,38819130,SARS-CoV-2 wastewater variant surveillance: pandemic response leveraging FDA's GenomeTrakr network.
38819130,"(""wastewater surveillance"" OR ""wastewater-based epidemiology"" OR ""environmental surveillance"" OR ""wastewater sequencing"") AND (""SARS-CoV-2"" OR ""COVID-19"") AND (""genomic epidemiology"" OR ""next generation sequencing"" OR ""NGS"" OR ""whole genome sequencing"") AND (""variant"" OR ""lineage"" OR ""Omicron"" OR ""Delta"") AND (""public health"" OR ""population-level"" OR ""pandemic response"")",4,37154725,Wastewater Genomic Surveillance Captures Early Detection of Omicron in Utah.
38819130,"(""wastewater surveillance"" OR ""wastewater-based epidemiology"" OR ""environmental surveillance"" OR ""wastewater sequencing"") AND (""SARS-CoV-2"" OR ""COVID-19"") AND (""genomic epidemiology"" OR ""next generation sequencing"" OR ""NGS"" OR ""whole genome sequencing"") AND (""variant"" OR ""lineage"" OR ""Omicron"" OR ""Delta"") AND (""public health"" OR ""population-level"" OR ""pandemic response"")",5,39201525,Wastewater Surveillance of SARS-CoV-2 in Zambia: An Early Warning Tool.
38819130,"(""wastewater surveillance"" OR ""wastewater-based epidemiology"" OR ""environmental surveillance"" OR ""wastewater sequencing"") AND (""SARS-CoV-2"" OR ""COVID-19"") AND (""genomic epidemiology"" OR ""next generation sequencing"" OR ""NGS"" OR ""whole genome sequencing"") AND (""variant"" OR ""lineage"" OR ""Omicron"" OR ""Delta"") AND (""public health"" OR ""population-level"" OR ""pandemic response"")",6,38537489,"Urban wastewater-based epidemiology for multi-viral pathogen surveillance in the Valencian region, Spain."
38819130,"(""wastewater surveillance"" OR ""wastewater-based epidemiology"" OR ""environmental surveillance"" OR ""wastewater sequencing"") AND (""SARS-CoV-2"" OR ""COVID-19"") AND (""genomic epidemiology"" OR ""next generation sequencing"" OR ""NGS"" OR ""whole genome sequencing"") AND (""variant"" OR ""lineage"" OR ""Omicron"" OR ""Delta"") AND (""public health"" OR ""population-level"" OR ""pandemic response"")",7,37112855,SARS-CoV-2 Variants Detection Strategies in Wastewater Samples Collected in the Bangkok Metropolitan Region.
38819130,"(""wastewater surveillance"" OR ""wastewater-based epidemiology"" OR ""environmental surveillance"" OR ""wastewater sequencing"") AND (""SARS-CoV-2"" OR ""COVID-19"") AND (""genomic epidemiology"" OR ""next generation sequencing"" OR ""NGS"" OR ""whole genome sequencing"") AND (""variant"" OR ""lineage"" OR ""Omicron"" OR ""Delta"") AND (""public health"" OR ""population-level"" OR ""pandemic response"")",8,36366986,SARS-CoV-2 variant detection from wastewater: rapid spread of B.1.1.7 lineage in Hungary.
38819130,"(""wastewater surveillance"" OR ""wastewater-based epidemiology"" OR ""environmental surveillance"" OR ""wastewater sequencing"") AND (""SARS-CoV-2"" OR ""COVID-19"") AND (""genomic epidemiology"" OR ""next generation sequencing"" OR ""NGS"" OR ""whole genome sequencing"") AND (""variant"" OR ""lineage"" OR ""Omicron"" OR ""Delta"") AND (""public health"" OR ""population-level"" OR ""pandemic response"")",9,37083889,Wastewater surveillance of SARS-CoV-2 genomic populations on a country-wide scale through targeted sequencing.
38819130,"(""wastewater surveillance"" OR ""wastewater-based epidemiology"" OR ""environmental surveillance"" OR ""wastewater sequencing"") AND (""SARS-CoV-2"" OR ""COVID-19"") AND (""genomic epidemiology"" OR ""next generation sequencing"" OR ""NGS"" OR ""whole genome sequencing"") AND (""variant"" OR ""lineage"" OR ""Omicron"" OR ""Delta"") AND (""public health"" OR ""population-level"" OR ""pandemic response"")",10,35074352,Dynamics of SARS-CoV-2 Alpha (B.1.1.7) variant spread: The wastewater surveillance approach.
40880479,"(""microglia"" OR ""microglial"") AND (""actin cytoskeleton"" OR ""cytoskeletal dynamics"" OR ""actin remodeling"" OR ""actin dynamics"") AND (""synapse"" OR ""synaptic"" OR ""synaptogenesis"" OR ""synaptic pruning"" OR ""phagocytosis"") AND (""neurodevelopmental disorder"" OR ""schizophrenia"" OR ""DISC1"" OR ""Disrupted-in-Schizophrenia"") AND (""cognitive"" OR ""cognition"" OR ""memory"" OR ""spatial memory"" OR ""hippocampal"")",1,40880479,Cytoskeletal control in adult microglia is essential to restore neurodevelopmental synaptic and cognitive deficits.
40880479,"(""microglia"" OR ""microglial"") AND (""actin cytoskeleton"" OR ""cytoskeletal dynamics"" OR ""actin remodeling"" OR ""actin dynamics"") AND (""synapse"" OR ""synaptic"" OR ""synaptogenesis"" OR ""synaptic pruning"" OR ""phagocytosis"") AND (""neurodevelopmental disorder"" OR ""schizophrenia"" OR ""DISC1"" OR ""Disrupted-in-Schizophrenia"") AND (""cognitive"" OR ""cognition"" OR ""memory"" OR ""spatial memory"" OR ""hippocampal"")",2,38247879,The Multifaceted Role of Cofilin in Neurodegeneration and Stroke: Insights into Pathogenesis and Targeting as a Therapy.
40875780,"(""mosquito saliva"" OR ""salivary protein"" OR ""mosquito salivary proteins"" OR ""MSP-specific IgE"" OR ""mosquito allergy"") AND (""capture ELISA"" OR ""sandwich ELISA"" OR ""indirect ELISA"" OR ""enzyme-linked immunosorbent assay"") AND (""IgE"" OR ""immunoglobulin E"" OR ""allergic reaction"" OR ""allergy"") AND (""mosquito exposure"" OR ""Aedes aegypti"" OR ""mosquito bite"" OR ""vector exposure"")",1,28235135,Allergenome characterization of the mosquito Aedes aegypti.
40875780,"(""mosquito saliva"" OR ""salivary protein"" OR ""mosquito salivary proteins"" OR ""MSP-specific IgE"" OR ""mosquito allergy"") AND (""capture ELISA"" OR ""sandwich ELISA"" OR ""indirect ELISA"" OR ""enzyme-linked immunosorbent assay"") AND (""IgE"" OR ""immunoglobulin E"" OR ""allergic reaction"" OR ""allergy"") AND (""mosquito exposure"" OR ""Aedes aegypti"" OR ""mosquito bite"" OR ""vector exposure"")",2,35215815,Multiple Salivary Proteins from Aedes aegypti Mosquito Bind to the Zika Virus Envelope Protein.
40875780,"(""mosquito saliva"" OR ""salivary protein"" OR ""mosquito salivary proteins"" OR ""MSP-specific IgE"" OR ""mosquito allergy"") AND (""capture ELISA"" OR ""sandwich ELISA"" OR ""indirect ELISA"" OR ""enzyme-linked immunosorbent assay"") AND (""IgE"" OR ""immunoglobulin E"" OR ""allergic reaction"" OR ""allergy"") AND (""mosquito exposure"" OR ""Aedes aegypti"" OR ""mosquito bite"" OR ""vector exposure"")",3,40875780,A capture enzyme-linked immunosorbent assay for detection of mosquito salivary protein-specific immunoglobulin E.
40875780,"(""mosquito saliva"" OR ""salivary protein"" OR ""mosquito salivary proteins"" OR ""MSP-specific IgE"" OR ""mosquito allergy"") AND (""capture ELISA"" OR ""sandwich ELISA"" OR ""indirect ELISA"" OR ""enzyme-linked immunosorbent assay"") AND (""IgE"" OR ""immunoglobulin E"" OR ""allergic reaction"" OR ""allergy"") AND (""mosquito exposure"" OR ""Aedes aegypti"" OR ""mosquito bite"" OR ""vector exposure"")",4,26608594,"Mosquito salivary allergen Aed a 3: cloning, comprehensive molecular analysis, and clinical evaluation."
40875780,"(""mosquito saliva"" OR ""salivary protein"" OR ""mosquito salivary proteins"" OR ""MSP-specific IgE"" OR ""mosquito allergy"") AND (""capture ELISA"" OR ""sandwich ELISA"" OR ""indirect ELISA"" OR ""enzyme-linked immunosorbent assay"") AND (""IgE"" OR ""immunoglobulin E"" OR ""allergic reaction"" OR ""allergy"") AND (""mosquito exposure"" OR ""Aedes aegypti"" OR ""mosquito bite"" OR ""vector exposure"")",5,9140528,Detection of mosquito saliva-specific IgE antibodies by capture ELISA.
40875780,"(""mosquito saliva"" OR ""salivary protein"" OR ""mosquito salivary proteins"" OR ""MSP-specific IgE"" OR ""mosquito allergy"") AND (""capture ELISA"" OR ""sandwich ELISA"" OR ""indirect ELISA"" OR ""enzyme-linked immunosorbent assay"") AND (""IgE"" OR ""immunoglobulin E"" OR ""allergic reaction"" OR ""allergy"") AND (""mosquito exposure"" OR ""Aedes aegypti"" OR ""mosquito bite"" OR ""vector exposure"")",6,37965096,IgE response to Aed al 13 and Aed al 14 recombinant allergens from Aedes albopictus saliva in humans.
40875780,"(""mosquito saliva"" OR ""salivary protein"" OR ""mosquito salivary proteins"" OR ""MSP-specific IgE"" OR ""mosquito allergy"") AND (""capture ELISA"" OR ""sandwich ELISA"" OR ""indirect ELISA"" OR ""enzyme-linked immunosorbent assay"") AND (""IgE"" OR ""immunoglobulin E"" OR ""allergic reaction"" OR ""allergy"") AND (""mosquito exposure"" OR ""Aedes aegypti"" OR ""mosquito bite"" OR ""vector exposure"")",7,10528410,Production and characterization of monoclonal antibodies to two new mosquito Aedes aegypti salivary proteins.
40875780,"(""mosquito saliva"" OR ""salivary protein"" OR ""mosquito salivary proteins"" OR ""MSP-specific IgE"" OR ""mosquito allergy"") AND (""capture ELISA"" OR ""sandwich ELISA"" OR ""indirect ELISA"" OR ""enzyme-linked immunosorbent assay"") AND (""IgE"" OR ""immunoglobulin E"" OR ""allergic reaction"" OR ""allergy"") AND (""mosquito exposure"" OR ""Aedes aegypti"" OR ""mosquito bite"" OR ""vector exposure"")",8,16512811,"A new recombinant mosquito salivary allergen, rAed a 2: allergenicity, clinical relevance, and cross-reactivity."
40875780,"(""mosquito saliva"" OR ""salivary protein"" OR ""mosquito salivary proteins"" OR ""MSP-specific IgE"" OR ""mosquito allergy"") AND (""capture ELISA"" OR ""sandwich ELISA"" OR ""indirect ELISA"" OR ""enzyme-linked immunosorbent assay"") AND (""IgE"" OR ""immunoglobulin E"" OR ""allergic reaction"" OR ""allergy"") AND (""mosquito exposure"" OR ""Aedes aegypti"" OR ""mosquito bite"" OR ""vector exposure"")",9,15536430,Immune responses to mosquito saliva in 14 individuals with acute systemic allergic reactions to mosquito bites.
40875780,"(""mosquito saliva"" OR ""salivary protein"" OR ""mosquito salivary proteins"" OR ""MSP-specific IgE"" OR ""mosquito allergy"") AND (""capture ELISA"" OR ""sandwich ELISA"" OR ""indirect ELISA"" OR ""enzyme-linked immunosorbent assay"") AND (""IgE"" OR ""immunoglobulin E"" OR ""allergic reaction"" OR ""allergy"") AND (""mosquito exposure"" OR ""Aedes aegypti"" OR ""mosquito bite"" OR ""vector exposure"")",10,27603527,rAed a 4: A New 67-kDa Aedes aegypti Mosquito Salivary Allergen for the Diagnosis of Mosquito Allergy.
30804551,"(""CAR-T cell"" OR ""chimeric antigen receptor T cell"" OR ""CAR T cell"") AND (""CRISPR"" OR ""Cpf1"" OR ""Cas12a"" OR ""CRISPR-Cpf1"") AND (""genome editing"" OR ""genome engineering"" OR ""knock-in"" OR ""knockout"" OR ""KIKO"") AND (""adeno-associated virus"" OR ""AAV"") AND (""immune checkpoint"" OR ""T cell engineering"" OR ""homology-directed repair"")",1,36638795,An evolved AAV variant enables efficient genetic engineering of murine T cells.
30804551,"(""CAR-T cell"" OR ""chimeric antigen receptor T cell"" OR ""CAR T cell"") AND (""CRISPR"" OR ""Cpf1"" OR ""Cas12a"" OR ""CRISPR-Cpf1"") AND (""genome editing"" OR ""genome engineering"" OR ""knock-in"" OR ""knockout"" OR ""KIKO"") AND (""adeno-associated virus"" OR ""AAV"") AND (""immune checkpoint"" OR ""T cell engineering"" OR ""homology-directed repair"")",2,30804551,One-step generation of modular CAR-T cells with AAV-Cpf1.
30804551,"(""CAR-T cell"" OR ""chimeric antigen receptor T cell"" OR ""CAR T cell"") AND (""CRISPR"" OR ""Cpf1"" OR ""Cas12a"" OR ""CRISPR-Cpf1"") AND (""genome editing"" OR ""genome engineering"" OR ""knock-in"" OR ""knockout"" OR ""KIKO"") AND (""adeno-associated virus"" OR ""AAV"") AND (""immune checkpoint"" OR ""T cell engineering"" OR ""homology-directed repair"")",3,35152989,High-efficiency of genetic modification using CRISPR/Cpf1 system for engineered CAR-T cell therapy.
30804551,"(""CAR-T cell"" OR ""chimeric antigen receptor T cell"" OR ""CAR T cell"") AND (""CRISPR"" OR ""Cpf1"" OR ""Cas12a"" OR ""CRISPR-Cpf1"") AND (""genome editing"" OR ""genome engineering"" OR ""knock-in"" OR ""knockout"" OR ""KIKO"") AND (""adeno-associated virus"" OR ""AAV"") AND (""immune checkpoint"" OR ""T cell engineering"" OR ""homology-directed repair"")",4,37886930,Targeted Delivery of Chimeric Antigen Receptor into T Cells via CRISPR-Mediated Homology-Directed Repair with a Dual-AAV6 Transduction System.
36824594,"(""amphibian genome"" OR ""frog genome"" OR ""anuran genome"") AND (""genome assembly"" OR ""genome sequencing"" OR ""whole genome sequencing"") AND (""repeat content"" OR ""repetitive elements"" OR ""transposable elements"" OR ""genome annotation"") AND (""scaffold N50"" OR ""BUSCO"" OR ""protein-coding genes"" OR ""genome size"")",1,36824594,A draft genome assembly of the eastern banjo frog Limnodynastes dumerilii dumerilii (Anura: Limnodynastidae).
36824594,"(""amphibian genome"" OR ""frog genome"" OR ""anuran genome"") AND (""genome assembly"" OR ""genome sequencing"" OR ""whole genome sequencing"") AND (""repeat content"" OR ""repetitive elements"" OR ""transposable elements"" OR ""genome annotation"") AND (""scaffold N50"" OR ""BUSCO"" OR ""protein-coding genes"" OR ""genome size"")",2,41497217,"De Novo Genome Assembly of the Myanmar Puddle Frog, Phrynoglossus myanhessei (Anura: Dicroglossidae)."
36824594,"(""amphibian genome"" OR ""frog genome"" OR ""anuran genome"") AND (""genome assembly"" OR ""genome sequencing"" OR ""whole genome sequencing"") AND (""repeat content"" OR ""repetitive elements"" OR ""transposable elements"" OR ""genome annotation"") AND (""scaffold N50"" OR ""BUSCO"" OR ""protein-coding genes"" OR ""genome size"")",3,40369906,"Genome assembly of the endangered Santa Marta Harlequin Toad, Atelopus laetissimus, endemic to the Sierra Nevada de Santa Marta of Colombia."
29901420,"(""macrophage-conditioned medium"" OR ""macrophage conditioned medium"" OR ""MCM"") AND (""hybridoma"" OR ""hybridoma technology"" OR ""hybridoma cells"") AND (""bioassay"" OR ""standardization"" OR ""validation"" OR ""monoclonal antibody production"" OR ""cell culture supplement"" OR ""growth factors"")",1,29901420,A Bioassay for Optimization of Macrophage-Conditioned Medium as a Culture Supplement to Promote Hybridoma Cell Survival and Growth.
29901420,"(""macrophage-conditioned medium"" OR ""macrophage conditioned medium"" OR ""MCM"") AND (""hybridoma"" OR ""hybridoma technology"" OR ""hybridoma cells"") AND (""bioassay"" OR ""standardization"" OR ""validation"" OR ""monoclonal antibody production"" OR ""cell culture supplement"" OR ""growth factors"")",2,3998479,"The influence of murine macrophage-conditioned medium on cloning efficiency, antibody synthesis, and growth rate of hybridomas."
34658337,"(""LRRK2"" OR ""leucine-rich repeat kinase 2"") AND (""cilia"" OR ""cilium"" OR ""ciliation"" OR ""ciliopathy"") AND (""striatum"" OR ""striatal"" OR ""basal ganglia"" OR ""nigral-striatal"") AND (""Parkinson"" OR ""Parkinson's disease"") AND (""Rab GTPase"" OR ""PPM1H"" OR ""Hedgehog signaling"" OR ""Gli1"" OR ""cholinergic interneuron"" OR ""G2019S"" OR ""R1441C"")",1,39088390,Loss of primary cilia and dopaminergic neuroprotection in pathogenic LRRK2-driven and idiopathic Parkinson's disease.
34658337,"(""LRRK2"" OR ""leucine-rich repeat kinase 2"") AND (""cilia"" OR ""cilium"" OR ""ciliation"" OR ""ciliopathy"") AND (""striatum"" OR ""striatal"" OR ""basal ganglia"" OR ""nigral-striatal"") AND (""Parkinson"" OR ""Parkinson's disease"") AND (""Rab GTPase"" OR ""PPM1H"" OR ""Hedgehog signaling"" OR ""Gli1"" OR ""cholinergic interneuron"" OR ""G2019S"" OR ""R1441C"")",2,40690364,"PPM1M, an LRRK2-counteracting, phosphoRab12-preferring phosphatase with a potential link to Parkinson's disease."
34658337,"(""LRRK2"" OR ""leucine-rich repeat kinase 2"") AND (""cilia"" OR ""cilium"" OR ""ciliation"" OR ""ciliopathy"") AND (""striatum"" OR ""striatal"" OR ""basal ganglia"" OR ""nigral-striatal"") AND (""Parkinson"" OR ""Parkinson's disease"") AND (""Rab GTPase"" OR ""PPM1H"" OR ""Hedgehog signaling"" OR ""Gli1"" OR ""cholinergic interneuron"" OR ""G2019S"" OR ""R1441C"")",3,40737317,Lysosomal glucocerebrosidase is needed for ciliary Hedgehog signaling: A convergent pathway contributing to Parkinson's disease.
34658337,"(""LRRK2"" OR ""leucine-rich repeat kinase 2"") AND (""cilia"" OR ""cilium"" OR ""ciliation"" OR ""ciliopathy"") AND (""striatum"" OR ""striatal"" OR ""basal ganglia"" OR ""nigral-striatal"") AND (""Parkinson"" OR ""Parkinson's disease"") AND (""Rab GTPase"" OR ""PPM1H"" OR ""Hedgehog signaling"" OR ""Gli1"" OR ""cholinergic interneuron"" OR ""G2019S"" OR ""R1441C"")",4,40591712,Restoration of striatal neuroprotective pathways by kinase inhibitor treatment of Parkinson's disease-linked LRRK2-mutant mice.
34658337,"(""LRRK2"" OR ""leucine-rich repeat kinase 2"") AND (""cilia"" OR ""cilium"" OR ""ciliation"" OR ""ciliopathy"") AND (""striatum"" OR ""striatal"" OR ""basal ganglia"" OR ""nigral-striatal"") AND (""Parkinson"" OR ""Parkinson's disease"") AND (""Rab GTPase"" OR ""PPM1H"" OR ""Hedgehog signaling"" OR ""Gli1"" OR ""cholinergic interneuron"" OR ""G2019S"" OR ""R1441C"")",5,39874296,Endogenous LRRK2 and PINK1 function in a convergent neuroprotective ciliogenesis pathway in the brain.
34658337,"(""LRRK2"" OR ""leucine-rich repeat kinase 2"") AND (""cilia"" OR ""cilium"" OR ""ciliation"" OR ""ciliopathy"") AND (""striatum"" OR ""striatal"" OR ""basal ganglia"" OR ""nigral-striatal"") AND (""Parkinson"" OR ""Parkinson's disease"") AND (""Rab GTPase"" OR ""PPM1H"" OR ""Hedgehog signaling"" OR ""Gli1"" OR ""cholinergic interneuron"" OR ""G2019S"" OR ""R1441C"")",6,38293195,Loss of primary cilia and dopaminergic neuroprotection in pathogenic LRRK2-driven and idiopathic Parkinson's disease.
34658337,"(""LRRK2"" OR ""leucine-rich repeat kinase 2"") AND (""cilia"" OR ""cilium"" OR ""ciliation"" OR ""ciliopathy"") AND (""striatum"" OR ""striatal"" OR ""basal ganglia"" OR ""nigral-striatal"") AND (""Parkinson"" OR ""Parkinson's disease"") AND (""Rab GTPase"" OR ""PPM1H"" OR ""Hedgehog signaling"" OR ""Gli1"" OR ""cholinergic interneuron"" OR ""G2019S"" OR ""R1441C"")",7,34658337,Pathogenic LRRK2 control of primary cilia and Hedgehog signaling in neurons and astrocytes of mouse brain.
34658337,"(""LRRK2"" OR ""leucine-rich repeat kinase 2"") AND (""cilia"" OR ""cilium"" OR ""ciliation"" OR ""ciliopathy"") AND (""striatum"" OR ""striatal"" OR ""basal ganglia"" OR ""nigral-striatal"") AND (""Parkinson"" OR ""Parkinson's disease"") AND (""Rab GTPase"" OR ""PPM1H"" OR ""Hedgehog signaling"" OR ""Gli1"" OR ""cholinergic interneuron"" OR ""G2019S"" OR ""R1441C"")",8,40166354,"PPM1M, a LRRK2-counteracting, phosphoRab12-preferring phosphatase with potential link to Parkinson's disease."
34658337,"(""LRRK2"" OR ""leucine-rich repeat kinase 2"") AND (""cilia"" OR ""cilium"" OR ""ciliation"" OR ""ciliopathy"") AND (""striatum"" OR ""striatal"" OR ""basal ganglia"" OR ""nigral-striatal"") AND (""Parkinson"" OR ""Parkinson's disease"") AND (""Rab GTPase"" OR ""PPM1H"" OR ""Hedgehog signaling"" OR ""Gli1"" OR ""cholinergic interneuron"" OR ""G2019S"" OR ""R1441C"")",9,30398148,A pathway for Parkinson's Disease LRRK2 kinase to block primary cilia and Sonic hedgehog signaling in the brain.
41559478,"(""HCN channel"" OR ""hyperpolarization-activated cyclic nucleotide-gated"" OR ""HCN1"" OR ""Ih current"" OR ""h-current"") AND (""pyramidal neuron"" OR ""pyramidal cell"" OR ""supragranular"" OR ""neocortex"" OR ""prefrontal cortex"" OR ""cortical neuron"") AND (primate OR macaque OR monkey OR ""New World Monkey"" OR ""Old World Monkey"" OR ""great ape"" OR human OR ""Macaca"" OR ""Saimiri"") AND (""intrinsic membrane properties"" OR ""membrane excitability"" OR ""patch-seq"" OR ""patch clamp"" OR ""electrophysiology"" OR ""single nucleus RNA"" OR ""snRNA-seq"" OR ""transcriptomic"")",1,23069756,Dendritic spine changes associated with normal aging.
41559478,"(""HCN channel"" OR ""hyperpolarization-activated cyclic nucleotide-gated"" OR ""HCN1"" OR ""Ih current"" OR ""h-current"") AND (""pyramidal neuron"" OR ""pyramidal cell"" OR ""supragranular"" OR ""neocortex"" OR ""prefrontal cortex"" OR ""cortical neuron"") AND (primate OR macaque OR monkey OR ""New World Monkey"" OR ""Old World Monkey"" OR ""great ape"" OR human OR ""Macaca"" OR ""Saimiri"") AND (""intrinsic membrane properties"" OR ""membrane excitability"" OR ""patch-seq"" OR ""patch clamp"" OR ""electrophysiology"" OR ""single nucleus RNA"" OR ""snRNA-seq"" OR ""transcriptomic"")",2,40894563,HCN channels reveal conserved and divergent physiology in supragranular pyramidal neurons in primate species.
41559478,"(""HCN channel"" OR ""hyperpolarization-activated cyclic nucleotide-gated"" OR ""HCN1"" OR ""Ih current"" OR ""h-current"") AND (""pyramidal neuron"" OR ""pyramidal cell"" OR ""supragranular"" OR ""neocortex"" OR ""prefrontal cortex"" OR ""cortical neuron"") AND (primate OR macaque OR monkey OR ""New World Monkey"" OR ""Old World Monkey"" OR ""great ape"" OR human OR ""Macaca"" OR ""Saimiri"") AND (""intrinsic membrane properties"" OR ""membrane excitability"" OR ""patch-seq"" OR ""patch clamp"" OR ""electrophysiology"" OR ""single nucleus RNA"" OR ""snRNA-seq"" OR ""transcriptomic"")",3,37567768,Hyperpolarization-Activated Cation Channels Shape the Spiking Frequency Preference of Human Cortical Layer 5 Pyramidal Neurons.
41559478,"(""HCN channel"" OR ""hyperpolarization-activated cyclic nucleotide-gated"" OR ""HCN1"" OR ""Ih current"" OR ""h-current"") AND (""pyramidal neuron"" OR ""pyramidal cell"" OR ""supragranular"" OR ""neocortex"" OR ""prefrontal cortex"" OR ""cortical neuron"") AND (primate OR macaque OR monkey OR ""New World Monkey"" OR ""Old World Monkey"" OR ""great ape"" OR human OR ""Macaca"" OR ""Saimiri"") AND (""intrinsic membrane properties"" OR ""membrane excitability"" OR ""patch-seq"" OR ""patch clamp"" OR ""electrophysiology"" OR ""single nucleus RNA"" OR ""snRNA-seq"" OR ""transcriptomic"")",4,39596039,Glucocorticoids Selectively Inhibit Hippocampal CA1 Pyramidal Neurons Activity Through HCN Channels.
41559478,"(""HCN channel"" OR ""hyperpolarization-activated cyclic nucleotide-gated"" OR ""HCN1"" OR ""Ih current"" OR ""h-current"") AND (""pyramidal neuron"" OR ""pyramidal cell"" OR ""supragranular"" OR ""neocortex"" OR ""prefrontal cortex"" OR ""cortical neuron"") AND (primate OR macaque OR monkey OR ""New World Monkey"" OR ""Old World Monkey"" OR ""great ape"" OR human OR ""Macaca"" OR ""Saimiri"") AND (""intrinsic membrane properties"" OR ""membrane excitability"" OR ""patch-seq"" OR ""patch clamp"" OR ""electrophysiology"" OR ""single nucleus RNA"" OR ""snRNA-seq"" OR ""transcriptomic"")",5,19694789,Hyperpolarization-activated cation currents in human epileptogenic neocortex.
41559478,"(""HCN channel"" OR ""hyperpolarization-activated cyclic nucleotide-gated"" OR ""HCN1"" OR ""Ih current"" OR ""h-current"") AND (""pyramidal neuron"" OR ""pyramidal cell"" OR ""supragranular"" OR ""neocortex"" OR ""prefrontal cortex"" OR ""cortical neuron"") AND (primate OR macaque OR monkey OR ""New World Monkey"" OR ""Old World Monkey"" OR ""great ape"" OR human OR ""Macaca"" OR ""Saimiri"") AND (""intrinsic membrane properties"" OR ""membrane excitability"" OR ""patch-seq"" OR ""patch clamp"" OR ""electrophysiology"" OR ""single nucleus RNA"" OR ""snRNA-seq"" OR ""transcriptomic"")",6,41237981,Upregulated HCN currents and reduced intrinsic excitability in prefrontal cortical pyramidal neurons after maternal separation.
41559478,"(""HCN channel"" OR ""hyperpolarization-activated cyclic nucleotide-gated"" OR ""HCN1"" OR ""Ih current"" OR ""h-current"") AND (""pyramidal neuron"" OR ""pyramidal cell"" OR ""supragranular"" OR ""neocortex"" OR ""prefrontal cortex"" OR ""cortical neuron"") AND (primate OR macaque OR monkey OR ""New World Monkey"" OR ""Old World Monkey"" OR ""great ape"" OR human OR ""Macaca"" OR ""Saimiri"") AND (""intrinsic membrane properties"" OR ""membrane excitability"" OR ""patch-seq"" OR ""patch clamp"" OR ""electrophysiology"" OR ""single nucleus RNA"" OR ""snRNA-seq"" OR ""transcriptomic"")",7,33068000,Modeling Reveals Human-Rodent Differences in H-Current Kinetics Influencing Resonance in Cortical Layer 5 Neurons.
41559478,"(""HCN channel"" OR ""hyperpolarization-activated cyclic nucleotide-gated"" OR ""HCN1"" OR ""Ih current"" OR ""h-current"") AND (""pyramidal neuron"" OR ""pyramidal cell"" OR ""supragranular"" OR ""neocortex"" OR ""prefrontal cortex"" OR ""cortical neuron"") AND (primate OR macaque OR monkey OR ""New World Monkey"" OR ""Old World Monkey"" OR ""great ape"" OR human OR ""Macaca"" OR ""Saimiri"") AND (""intrinsic membrane properties"" OR ""membrane excitability"" OR ""patch-seq"" OR ""patch clamp"" OR ""electrophysiology"" OR ""single nucleus RNA"" OR ""snRNA-seq"" OR ""transcriptomic"")",8,10884310,Molecular and functional heterogeneity of hyperpolarization-activated pacemaker channels in the mouse CNS.
41559478,"(""HCN channel"" OR ""hyperpolarization-activated cyclic nucleotide-gated"" OR ""HCN1"" OR ""Ih current"" OR ""h-current"") AND (""pyramidal neuron"" OR ""pyramidal cell"" OR ""supragranular"" OR ""neocortex"" OR ""prefrontal cortex"" OR ""cortical neuron"") AND (primate OR macaque OR monkey OR ""New World Monkey"" OR ""Old World Monkey"" OR ""great ape"" OR human OR ""Macaca"" OR ""Saimiri"") AND (""intrinsic membrane properties"" OR ""membrane excitability"" OR ""patch-seq"" OR ""patch clamp"" OR ""electrophysiology"" OR ""single nucleus RNA"" OR ""snRNA-seq"" OR ""transcriptomic"")",9,36902146,Depolarization and Hyperexcitability of Cortical Motor Neurons after Spinal Cord Injury Associates with Reduced HCN Channel Activity.
41559478,"(""HCN channel"" OR ""hyperpolarization-activated cyclic nucleotide-gated"" OR ""HCN1"" OR ""Ih current"" OR ""h-current"") AND (""pyramidal neuron"" OR ""pyramidal cell"" OR ""supragranular"" OR ""neocortex"" OR ""prefrontal cortex"" OR ""cortical neuron"") AND (primate OR macaque OR monkey OR ""New World Monkey"" OR ""Old World Monkey"" OR ""great ape"" OR human OR ""Macaca"" OR ""Saimiri"") AND (""intrinsic membrane properties"" OR ""membrane excitability"" OR ""patch-seq"" OR ""patch clamp"" OR ""electrophysiology"" OR ""single nucleus RNA"" OR ""snRNA-seq"" OR ""transcriptomic"")",10,17448997,Alpha2A-adrenoceptors strengthen working memory networks by inhibiting cAMP-HCN channel signaling in prefrontal cortex.
38273288,"(""DNA methylation"" OR ""epigenome-wide"" OR ""EWAS"") AND (""cell type deconvolution"" OR ""cellular deconvolution"" OR ""reference panel"" OR ""cell composition"" OR ""cell proportion"") AND (""brain"" OR ""cortex"" OR ""cerebral cortex"" OR ""neural"" OR ""neuronal"") AND (""neurons"" OR ""glia"" OR ""glial cells"" OR ""NeuN"" OR ""SOX10"" OR ""oligodendrocytes"" OR ""astrocytes"" OR ""microglia"") AND (""bulk tissue"" OR ""heterogeneity"" OR ""cell-type estimation"" OR ""reference-based deconvolution"" OR ""computational deconvolution"")",1,27890672,Epigenetics of cell fate reprogramming and its implications for neurological disorders modelling.
38273288,"(""DNA methylation"" OR ""epigenome-wide"" OR ""EWAS"") AND (""cell type deconvolution"" OR ""cellular deconvolution"" OR ""reference panel"" OR ""cell composition"" OR ""cell proportion"") AND (""brain"" OR ""cortex"" OR ""cerebral cortex"" OR ""neural"" OR ""neuronal"") AND (""neurons"" OR ""glia"" OR ""glial cells"" OR ""NeuN"" OR ""SOX10"" OR ""oligodendrocytes"" OR ""astrocytes"" OR ""microglia"") AND (""bulk tissue"" OR ""heterogeneity"" OR ""cell-type estimation"" OR ""reference-based deconvolution"" OR ""computational deconvolution"")",2,31711526,Virtual methylome dissection facilitated by single-cell analyses.
34447628,"(""SARS-CoV-2"" OR ""COVID-19"") AND (""wastewater"" OR ""sewage"" OR ""wastewater-based epidemiology"" OR ""environmental surveillance"") AND (""RNA"" OR ""viral RNA"") AND (""settled solids"" OR ""wastewater solids"" OR ""sludge"" OR ""biosolids"") AND (""storage"" OR ""biobanking"" OR ""freeze"" OR ""freezing"" OR ""frozen"" OR ""temperature"") AND (""PMMoV"" OR ""pepper mild mottle virus"" OR ""normalization"" OR ""fecal indicator"")",1,38501669,Persistence of human respiratory viral RNA in wastewater-settled solids.
34447628,"(""SARS-CoV-2"" OR ""COVID-19"") AND (""wastewater"" OR ""sewage"" OR ""wastewater-based epidemiology"" OR ""environmental surveillance"") AND (""RNA"" OR ""viral RNA"") AND (""settled solids"" OR ""wastewater solids"" OR ""sludge"" OR ""biosolids"") AND (""storage"" OR ""biobanking"" OR ""freeze"" OR ""freezing"" OR ""frozen"" OR ""temperature"") AND (""PMMoV"" OR ""pepper mild mottle virus"" OR ""normalization"" OR ""fecal indicator"")",2,34447628,Effect of storage conditions on SARS-CoV-2 RNA quantification in wastewater solids.
34447628,"(""SARS-CoV-2"" OR ""COVID-19"") AND (""wastewater"" OR ""sewage"" OR ""wastewater-based epidemiology"" OR ""environmental surveillance"") AND (""RNA"" OR ""viral RNA"") AND (""settled solids"" OR ""wastewater solids"" OR ""sludge"" OR ""biosolids"") AND (""storage"" OR ""biobanking"" OR ""freeze"" OR ""freezing"" OR ""frozen"" OR ""temperature"") AND (""PMMoV"" OR ""pepper mild mottle virus"" OR ""normalization"" OR ""fecal indicator"")",3,36380769,Persistence of Endogenous SARS-CoV-2 and Pepper Mild Mottle Virus RNA in Wastewater-Settled Solids.
42367214,"(""RNAscope"" OR ""fluorescent in situ hybridization"" OR ""FISH"") AND (""immunohistochemistry"" OR ""IHC"" OR ""immunofluorescence"") AND (""brain"" OR ""neuron"" OR ""neuronal"") AND (""mRNA detection"" OR ""mRNA expression"" OR ""transcript"" OR ""co-localization"" OR ""colocalization"") AND (""single cell"" OR ""cell type"" OR ""subpopulation"" OR ""neuronal population"")",1,38838841,Presynaptic and Postsynaptic Mesolimbic Dopamine D3 Receptors Play Distinct Roles in Cocaine Versus Opioid Reward in Mice.
42367214,"(""RNAscope"" OR ""fluorescent in situ hybridization"" OR ""FISH"") AND (""immunohistochemistry"" OR ""IHC"" OR ""immunofluorescence"") AND (""brain"" OR ""neuron"" OR ""neuronal"") AND (""mRNA detection"" OR ""mRNA expression"" OR ""transcript"" OR ""co-localization"" OR ""colocalization"") AND (""single cell"" OR ""cell type"" OR ""subpopulation"" OR ""neuronal population"")",2,37996943,Neuronal SNCA transcription during Lewy body formation.
42367214,"(""RNAscope"" OR ""fluorescent in situ hybridization"" OR ""FISH"") AND (""immunohistochemistry"" OR ""IHC"" OR ""immunofluorescence"") AND (""brain"" OR ""neuron"" OR ""neuronal"") AND (""mRNA detection"" OR ""mRNA expression"" OR ""transcript"" OR ""co-localization"" OR ""colocalization"") AND (""single cell"" OR ""cell type"" OR ""subpopulation"" OR ""neuronal population"")",3,32393582,Increased Tau Expression Correlates with Neuronal Maturation in the Developing Human Cerebral Cortex.
42367214,"(""RNAscope"" OR ""fluorescent in situ hybridization"" OR ""FISH"") AND (""immunohistochemistry"" OR ""IHC"" OR ""immunofluorescence"") AND (""brain"" OR ""neuron"" OR ""neuronal"") AND (""mRNA detection"" OR ""mRNA expression"" OR ""transcript"" OR ""co-localization"" OR ""colocalization"") AND (""single cell"" OR ""cell type"" OR ""subpopulation"" OR ""neuronal population"")",4,36744342,PSA-NCAM Regulatory Gene Expression Changes in the Alzheimer's Disease Entorhinal Cortex Revealed with Multiplexed in situ Hybridization.
42367214,"(""RNAscope"" OR ""fluorescent in situ hybridization"" OR ""FISH"") AND (""immunohistochemistry"" OR ""IHC"" OR ""immunofluorescence"") AND (""brain"" OR ""neuron"" OR ""neuronal"") AND (""mRNA detection"" OR ""mRNA expression"" OR ""transcript"" OR ""co-localization"" OR ""colocalization"") AND (""single cell"" OR ""cell type"" OR ""subpopulation"" OR ""neuronal population"")",5,37509099,Quantitative Spatial Analysis of Neuroligin-3 mRNA Expression in the Enteric Nervous System Reveals a Potential Role in Neuronal-Glial Synapses and Reduced Expression in Nlgn3R451C Mice.
42367214,"(""RNAscope"" OR ""fluorescent in situ hybridization"" OR ""FISH"") AND (""immunohistochemistry"" OR ""IHC"" OR ""immunofluorescence"") AND (""brain"" OR ""neuron"" OR ""neuronal"") AND (""mRNA detection"" OR ""mRNA expression"" OR ""transcript"" OR ""co-localization"" OR ""colocalization"") AND (""single cell"" OR ""cell type"" OR ""subpopulation"" OR ""neuronal population"")",6,42192276,Dopamine D1Aa and D2a Receptor Expression in the Auditory System of a Vocal Fish.
42367214,"(""RNAscope"" OR ""fluorescent in situ hybridization"" OR ""FISH"") AND (""immunohistochemistry"" OR ""IHC"" OR ""immunofluorescence"") AND (""brain"" OR ""neuron"" OR ""neuronal"") AND (""mRNA detection"" OR ""mRNA expression"" OR ""transcript"" OR ""co-localization"" OR ""colocalization"") AND (""single cell"" OR ""cell type"" OR ""subpopulation"" OR ""neuronal population"")",7,29240733,Use of TAI-FISH to visualize neural ensembles activated by multiple stimuli.
42367214,"(""RNAscope"" OR ""fluorescent in situ hybridization"" OR ""FISH"") AND (""immunohistochemistry"" OR ""IHC"" OR ""immunofluorescence"") AND (""brain"" OR ""neuron"" OR ""neuronal"") AND (""mRNA detection"" OR ""mRNA expression"" OR ""transcript"" OR ""co-localization"" OR ""colocalization"") AND (""single cell"" OR ""cell type"" OR ""subpopulation"" OR ""neuronal population"")",8,33368239,fISHing with immunohistochemistry for housekeeping gene changes in Alzheimer's disease using an automated quantitative analysis workflow.
42367214,"(""RNAscope"" OR ""fluorescent in situ hybridization"" OR ""FISH"") AND (""immunohistochemistry"" OR ""IHC"" OR ""immunofluorescence"") AND (""brain"" OR ""neuron"" OR ""neuronal"") AND (""mRNA detection"" OR ""mRNA expression"" OR ""transcript"" OR ""co-localization"" OR ""colocalization"") AND (""single cell"" OR ""cell type"" OR ""subpopulation"" OR ""neuronal population"")",9,17653035,Alpha synuclein gene expression profile in the retina of vertebrates.
42367214,"(""RNAscope"" OR ""fluorescent in situ hybridization"" OR ""FISH"") AND (""immunohistochemistry"" OR ""IHC"" OR ""immunofluorescence"") AND (""brain"" OR ""neuron"" OR ""neuronal"") AND (""mRNA detection"" OR ""mRNA expression"" OR ""transcript"" OR ""co-localization"" OR ""colocalization"") AND (""single cell"" OR ""cell type"" OR ""subpopulation"" OR ""neuronal population"")",10,29974252,A RNAscope whole mount approach that can be combined with immunofluorescence to quantify differential distribution of mRNA.
36217031,"(""large serine recombinase"" OR ""serine integrase"" OR LSR OR Bxb1 OR PhiC31 OR ""site-specific recombinase"") AND (""genome integration"" OR ""site-specific integration"" OR ""DNA integration"" OR recombination) AND (""human cells"" OR ""human genome"" OR ""mammalian cells"") AND (""attachment site"" OR ""attB"" OR ""attP"" OR ""landing pad"" OR ""cargo"" OR ""large payload"" OR ""functional genomics"")",1,41199024,Site-specific DNA insertion into the human genome with engineered recombinases.
36217031,"(""large serine recombinase"" OR ""serine integrase"" OR LSR OR Bxb1 OR PhiC31 OR ""site-specific recombinase"") AND (""genome integration"" OR ""site-specific integration"" OR ""DNA integration"" OR recombination) AND (""human cells"" OR ""human genome"" OR ""mammalian cells"") AND (""attachment site"" OR ""attB"" OR ""attP"" OR ""landing pad"" OR ""cargo"" OR ""large payload"" OR ""functional genomics"")",2,36217031,Systematic discovery of recombinases for efficient integration of large DNA sequences into the human genome.
36217031,"(""large serine recombinase"" OR ""serine integrase"" OR LSR OR Bxb1 OR PhiC31 OR ""site-specific recombinase"") AND (""genome integration"" OR ""site-specific integration"" OR ""DNA integration"" OR recombination) AND (""human cells"" OR ""human genome"" OR ""mammalian cells"") AND (""attachment site"" OR ""attB"" OR ""attP"" OR ""landing pad"" OR ""cargo"" OR ""large payload"" OR ""functional genomics"")",3,31612958,An improved platform for functional assessment of large protein libraries in mammalian cells.
36217031,"(""large serine recombinase"" OR ""serine integrase"" OR LSR OR Bxb1 OR PhiC31 OR ""site-specific recombinase"") AND (""genome integration"" OR ""site-specific integration"" OR ""DNA integration"" OR recombination) AND (""human cells"" OR ""human genome"" OR ""mammalian cells"") AND (""attachment site"" OR ""attB"" OR ""attP"" OR ""landing pad"" OR ""cargo"" OR ""large payload"" OR ""functional genomics"")",4,42259299,Structure and engineering of the large serine recombinase Bxb1 for gene integration.
36217031,"(""large serine recombinase"" OR ""serine integrase"" OR LSR OR Bxb1 OR PhiC31 OR ""site-specific recombinase"") AND (""genome integration"" OR ""site-specific integration"" OR ""DNA integration"" OR recombination) AND (""human cells"" OR ""human genome"" OR ""mammalian cells"") AND (""attachment site"" OR ""attB"" OR ""attP"" OR ""landing pad"" OR ""cargo"" OR ""large payload"" OR ""functional genomics"")",5,22436504,The Bxb1 recombination system demonstrates heritable transmission of site-specific excision in Arabidopsis.
36217031,"(""large serine recombinase"" OR ""serine integrase"" OR LSR OR Bxb1 OR PhiC31 OR ""site-specific recombinase"") AND (""genome integration"" OR ""site-specific integration"" OR ""DNA integration"" OR recombination) AND (""human cells"" OR ""human genome"" OR ""mammalian cells"") AND (""attachment site"" OR ""attB"" OR ""attP"" OR ""landing pad"" OR ""cargo"" OR ""large payload"" OR ""functional genomics"")",6,30609349,Comparison of Integrases Identifies Bxb1-GA Mutant as the Most Efficient Site-Specific Integrase System in Mammalian Cells.
36217031,"(""large serine recombinase"" OR ""serine integrase"" OR LSR OR Bxb1 OR PhiC31 OR ""site-specific recombinase"") AND (""genome integration"" OR ""site-specific integration"" OR ""DNA integration"" OR recombination) AND (""human cells"" OR ""human genome"" OR ""mammalian cells"") AND (""attachment site"" OR ""attB"" OR ""attP"" OR ""landing pad"" OR ""cargo"" OR ""large payload"" OR ""functional genomics"")",7,38737535,Large T antigen mediated target gene replication improves site-specific recombination efficiency.
36217031,"(""large serine recombinase"" OR ""serine integrase"" OR LSR OR Bxb1 OR PhiC31 OR ""site-specific recombinase"") AND (""genome integration"" OR ""site-specific integration"" OR ""DNA integration"" OR recombination) AND (""human cells"" OR ""human genome"" OR ""mammalian cells"") AND (""attachment site"" OR ""attB"" OR ""attP"" OR ""landing pad"" OR ""cargo"" OR ""large payload"" OR ""functional genomics"")",8,31344144,A system for site-specific integration of transgenes in mammalian cells.
36217031,"(""large serine recombinase"" OR ""serine integrase"" OR LSR OR Bxb1 OR PhiC31 OR ""site-specific recombinase"") AND (""genome integration"" OR ""site-specific integration"" OR ""DNA integration"" OR recombination) AND (""human cells"" OR ""human genome"" OR ""mammalian cells"") AND (""attachment site"" OR ""attB"" OR ""attP"" OR ""landing pad"" OR ""cargo"" OR ""large payload"" OR ""functional genomics"")",9,29512855,Site-specificity of serine integrase demonstrated by the attB sequence preference of ɸBT1 integrase.
36217031,"(""large serine recombinase"" OR ""serine integrase"" OR LSR OR Bxb1 OR PhiC31 OR ""site-specific recombinase"") AND (""genome integration"" OR ""site-specific integration"" OR ""DNA integration"" OR recombination) AND (""human cells"" OR ""human genome"" OR ""mammalian cells"") AND (""attachment site"" OR ""attB"" OR ""attP"" OR ""landing pad"" OR ""cargo"" OR ""large payload"" OR ""functional genomics"")",10,32339531,Nucleofection of phiC31 Integrase Protein Mediates Sequence-Specific Genomic Integration in Human Cells.
30397333,"(""parasitic nematode"" OR ""parasitic helminth"" OR ""parasitic worm"" OR ""platyhelminth"" OR ""flatworm"" OR ""roundworm"") AND (""comparative genomics"" OR ""comparative genome"" OR ""genome sequencing"" OR ""whole genome"") AND (""gene family"" OR ""gene families"" OR ""phylogenomics"" OR ""phylogeny"") AND (""drug target"" OR ""antiparasitic"" OR ""anthelmintic"" OR ""in silico"" OR ""host immune"" OR ""host-parasite"")",1,38964593,Evolutionary analysis of species-specific duplications in flatworm genomes.
30397333,"(""parasitic nematode"" OR ""parasitic helminth"" OR ""parasitic worm"" OR ""platyhelminth"" OR ""flatworm"" OR ""roundworm"") AND (""comparative genomics"" OR ""comparative genome"" OR ""genome sequencing"" OR ""whole genome"") AND (""gene family"" OR ""gene families"" OR ""phylogenomics"" OR ""phylogeny"") AND (""drug target"" OR ""antiparasitic"" OR ""anthelmintic"" OR ""in silico"" OR ""host immune"" OR ""host-parasite"")",2,14711085,"Nematoda: genes, genomes and the evolution of parasitism."
30397333,"(""parasitic nematode"" OR ""parasitic helminth"" OR ""parasitic worm"" OR ""platyhelminth"" OR ""flatworm"" OR ""roundworm"") AND (""comparative genomics"" OR ""comparative genome"" OR ""genome sequencing"" OR ""whole genome"") AND (""gene family"" OR ""gene families"" OR ""phylogenomics"" OR ""phylogeny"") AND (""drug target"" OR ""antiparasitic"" OR ""anthelmintic"" OR ""in silico"" OR ""host immune"" OR ""host-parasite"")",3,32677885,Cestode strobilation: prediction of developmental genes and pathways.
30397333,"(""parasitic nematode"" OR ""parasitic helminth"" OR ""parasitic worm"" OR ""platyhelminth"" OR ""flatworm"" OR ""roundworm"") AND (""comparative genomics"" OR ""comparative genome"" OR ""genome sequencing"" OR ""whole genome"") AND (""gene family"" OR ""gene families"" OR ""phylogenomics"" OR ""phylogeny"") AND (""drug target"" OR ""antiparasitic"" OR ""anthelmintic"" OR ""in silico"" OR ""host immune"" OR ""host-parasite"")",4,32960966,Genomic Signatures of Coevolution between Nonmodel Mammals and Parasitic Roundworms.
30397333,"(""parasitic nematode"" OR ""parasitic helminth"" OR ""parasitic worm"" OR ""platyhelminth"" OR ""flatworm"" OR ""roundworm"") AND (""comparative genomics"" OR ""comparative genome"" OR ""genome sequencing"" OR ""whole genome"") AND (""gene family"" OR ""gene families"" OR ""phylogenomics"" OR ""phylogeny"") AND (""drug target"" OR ""antiparasitic"" OR ""anthelmintic"" OR ""in silico"" OR ""host immune"" OR ""host-parasite"")",5,19606140,The Schistosoma japonicum genome reveals features of host-parasite interplay.
30397333,"(""parasitic nematode"" OR ""parasitic helminth"" OR ""parasitic worm"" OR ""platyhelminth"" OR ""flatworm"" OR ""roundworm"") AND (""comparative genomics"" OR ""comparative genome"" OR ""genome sequencing"" OR ""whole genome"") AND (""gene family"" OR ""gene families"" OR ""phylogenomics"" OR ""phylogeny"") AND (""drug target"" OR ""antiparasitic"" OR ""anthelmintic"" OR ""in silico"" OR ""host immune"" OR ""host-parasite"")",6,38017557,Chromosome-scale genome of the human blood fluke Schistosoma mekongi and its implications for public health.
30397333,"(""parasitic nematode"" OR ""parasitic helminth"" OR ""parasitic worm"" OR ""platyhelminth"" OR ""flatworm"" OR ""roundworm"") AND (""comparative genomics"" OR ""comparative genome"" OR ""genome sequencing"" OR ""whole genome"") AND (""gene family"" OR ""gene families"" OR ""phylogenomics"" OR ""phylogeny"") AND (""drug target"" OR ""antiparasitic"" OR ""anthelmintic"" OR ""in silico"" OR ""host immune"" OR ""host-parasite"")",7,24732282,Comparative genomics of flatworms (platyhelminthes) reveals shared genomic features of ecto- and endoparastic neodermata.
30397333,"(""parasitic nematode"" OR ""parasitic helminth"" OR ""parasitic worm"" OR ""platyhelminth"" OR ""flatworm"" OR ""roundworm"") AND (""comparative genomics"" OR ""comparative genome"" OR ""genome sequencing"" OR ""whole genome"") AND (""gene family"" OR ""gene families"" OR ""phylogenomics"" OR ""phylogeny"") AND (""drug target"" OR ""antiparasitic"" OR ""anthelmintic"" OR ""in silico"" OR ""host immune"" OR ""host-parasite"")",8,34549895,"Chromosome-scale assembly and whole-genome sequencing of 266 giant panda roundworms provide insights into their evolution, adaptation and potential drug targets."
30397333,"(""parasitic nematode"" OR ""parasitic helminth"" OR ""parasitic worm"" OR ""platyhelminth"" OR ""flatworm"" OR ""roundworm"") AND (""comparative genomics"" OR ""comparative genome"" OR ""genome sequencing"" OR ""whole genome"") AND (""gene family"" OR ""gene families"" OR ""phylogenomics"" OR ""phylogeny"") AND (""drug target"" OR ""antiparasitic"" OR ""anthelmintic"" OR ""in silico"" OR ""host immune"" OR ""host-parasite"")",9,31641125,The global diversity of Haemonchus contortus is shaped by human intervention and climate.
30397333,"(""parasitic nematode"" OR ""parasitic helminth"" OR ""parasitic worm"" OR ""platyhelminth"" OR ""flatworm"" OR ""roundworm"") AND (""comparative genomics"" OR ""comparative genome"" OR ""genome sequencing"" OR ""whole genome"") AND (""gene family"" OR ""gene families"" OR ""phylogenomics"" OR ""phylogeny"") AND (""drug target"" OR ""antiparasitic"" OR ""anthelmintic"" OR ""in silico"" OR ""host immune"" OR ""host-parasite"")",10,39800686,Adaptive evolution of stress response genes in parasites aligns with host niche diversity.
29269866,"(""epigenome-wide association"" OR ""EWAS"" OR ""DNA methylation"" OR ""CpG methylation"" OR ""differentially methylated"") AND (""intravenous drug use"" OR ""injection drug use"" OR ""illicit drug use"" OR ""IDU"") AND (""hepatitis C"" OR ""HCV"") AND (""HIV"" OR ""HIV-infected"" OR ""human immunodeficiency virus"") AND (""frailty"" OR ""immune function"" OR ""epigenetic"" OR ""methylation signature"")",1,29269866,DNA methylation signatures of illicit drug injection and hepatitis C are associated with HIV frailty.
29269866,"(""epigenome-wide association"" OR ""EWAS"" OR ""DNA methylation"" OR ""CpG methylation"" OR ""differentially methylated"") AND (""intravenous drug use"" OR ""injection drug use"" OR ""illicit drug use"" OR ""IDU"") AND (""hepatitis C"" OR ""HCV"") AND (""HIV"" OR ""HIV-infected"" OR ""human immunodeficiency virus"") AND (""frailty"" OR ""immune function"" OR ""epigenetic"" OR ""methylation signature"")",2,37191953,Co-occurrence of injection drug use and hepatitis C increases epigenetic age acceleration that contributes to all-cause mortality among people living with HIV.
21702933,"(""lymphangiogenesis"" OR ""lymphatic vessel formation"" OR ""lymphatic sprouting"") AND (""transmission electron microscopy"" OR ""TEM"" OR ""ultrastructural"") AND (""lymphatic endothelial cells"" OR ""lymphatic vasculature"") AND (""tube morphogenesis"" OR ""tubulogenesis"" OR ""lumen formation"" OR ""intracellular vacuole"" OR ""cord-like structure"") AND (""corneal assay"" OR ""lymphangioma"" OR ""lymphatic ring assay"" OR ""in vitro model"" OR ""in vivo model"") AND (""extracellular matrix remodeling"" OR ""matrix degradation"" OR ""sprouting"")",1,21702933,Digging deeper into lymphatic vessel formation in vitro and in vivo.
36951106,"(""aminoacyl-tRNA synthetase"" OR ""aaRS"" OR ""alanyl-tRNA synthetase"" OR ""AlaRS"") AND (""D-amino acid"" OR ""D-alanine"" OR ""chiral"" OR ""chirality"" OR ""homochirality"") AND (""D-aminoacyl-tRNA deacylase"" OR ""DTD"" OR ""editing domain"" OR ""proofreading"") AND (""tRNA"" OR ""aminoacylation"" OR ""mischarging"" OR ""protein biosynthesis"" OR ""translation"")",1,31591268,Chiral checkpoints during protein biosynthesis.
36951106,"(""aminoacyl-tRNA synthetase"" OR ""aaRS"" OR ""alanyl-tRNA synthetase"" OR ""AlaRS"") AND (""D-amino acid"" OR ""D-alanine"" OR ""chiral"" OR ""chirality"" OR ""homochirality"") AND (""D-aminoacyl-tRNA deacylase"" OR ""DTD"" OR ""editing domain"" OR ""proofreading"") AND (""tRNA"" OR ""aminoacylation"" OR ""mischarging"" OR ""protein biosynthesis"" OR ""translation"")",2,35662005,Chiral proofreading during protein biosynthesis and its evolutionary implications.
36951106,"(""aminoacyl-tRNA synthetase"" OR ""aaRS"" OR ""alanyl-tRNA synthetase"" OR ""AlaRS"") AND (""D-amino acid"" OR ""D-alanine"" OR ""chiral"" OR ""chirality"" OR ""homochirality"") AND (""D-aminoacyl-tRNA deacylase"" OR ""DTD"" OR ""editing domain"" OR ""proofreading"") AND (""tRNA"" OR ""aminoacylation"" OR ""mischarging"" OR ""protein biosynthesis"" OR ""translation"")",3,29410408,A chiral selectivity relaxed paralog of DTD for proofreading tRNA mischarging in Animalia.
36951106,"(""aminoacyl-tRNA synthetase"" OR ""aaRS"" OR ""alanyl-tRNA synthetase"" OR ""AlaRS"") AND (""D-amino acid"" OR ""D-alanine"" OR ""chiral"" OR ""chirality"" OR ""homochirality"") AND (""D-aminoacyl-tRNA deacylase"" OR ""DTD"" OR ""editing domain"" OR ""proofreading"") AND (""tRNA"" OR ""aminoacylation"" OR ""mischarging"" OR ""protein biosynthesis"" OR ""translation"")",4,27200345,Recent Updates on DTD (D-Tyr-tRNA(Tyr) Deacylase): An Enzyme Essential for Fidelity and Quality of Protein Synthesis.
36951106,"(""aminoacyl-tRNA synthetase"" OR ""aaRS"" OR ""alanyl-tRNA synthetase"" OR ""AlaRS"") AND (""D-amino acid"" OR ""D-alanine"" OR ""chiral"" OR ""chirality"" OR ""homochirality"") AND (""D-aminoacyl-tRNA deacylase"" OR ""DTD"" OR ""editing domain"" OR ""proofreading"") AND (""tRNA"" OR ""aminoacylation"" OR ""mischarging"" OR ""protein biosynthesis"" OR ""translation"")",5,31504788,Stereospecificity control in aminoacyl-tRNA-synthetases: new evidence of d-amino acids activation and editing.
36951106,"(""aminoacyl-tRNA synthetase"" OR ""aaRS"" OR ""alanyl-tRNA synthetase"" OR ""AlaRS"") AND (""D-amino acid"" OR ""D-alanine"" OR ""chiral"" OR ""chirality"" OR ""homochirality"") AND (""D-aminoacyl-tRNA deacylase"" OR ""DTD"" OR ""editing domain"" OR ""proofreading"") AND (""tRNA"" OR ""aminoacylation"" OR ""mischarging"" OR ""protein biosynthesis"" OR ""translation"")",6,28362257,Role of D-aminoacyl-tRNA deacylase beyond chiral proofreading as a cellular defense against glycine mischarging by AlaRS.
36951106,"(""aminoacyl-tRNA synthetase"" OR ""aaRS"" OR ""alanyl-tRNA synthetase"" OR ""AlaRS"") AND (""D-amino acid"" OR ""D-alanine"" OR ""chiral"" OR ""chirality"" OR ""homochirality"") AND (""D-aminoacyl-tRNA deacylase"" OR ""DTD"" OR ""editing domain"" OR ""proofreading"") AND (""tRNA"" OR ""aminoacylation"" OR ""mischarging"" OR ""protein biosynthesis"" OR ""translation"")",7,36951106,Design principles and functional basis of enantioselectivity of alanyl-tRNA synthetase and a chiral proofreader during protein biosynthesis.
42391002,"(""single-cell RNA sequencing"" OR ""scRNA-seq"" OR ""single cell transcriptomics"" OR ""MATQ-seq"") AND (""Bacteroides"" OR ""Bacteroidota"" OR ""Bacteroidetes"" OR ""anaerobic bacteria"" OR ""gut microbiota"" OR ""microbiome"") AND (""bacterial"" OR ""prokaryotic"" OR ""microbial"") AND (""FACS"" OR ""fluorescence-activated cell sorting"" OR ""cell sorting"" OR ""single cell isolation"") AND (""transcriptome"" OR ""gene expression"" OR ""RNA library"" OR ""cDNA library"" OR ""ribosomal depletion"" OR ""rRNA depletion"")",1,31736899,Single-Cell RNA Sequencing of Plant-Associated Bacterial Communities.
42391002,"(""single-cell RNA sequencing"" OR ""scRNA-seq"" OR ""single cell transcriptomics"" OR ""MATQ-seq"") AND (""Bacteroides"" OR ""Bacteroidota"" OR ""Bacteroidetes"" OR ""anaerobic bacteria"" OR ""gut microbiota"" OR ""microbiome"") AND (""bacterial"" OR ""prokaryotic"" OR ""microbial"") AND (""FACS"" OR ""fluorescence-activated cell sorting"" OR ""cell sorting"" OR ""single cell isolation"") AND (""transcriptome"" OR ""gene expression"" OR ""RNA library"" OR ""cDNA library"" OR ""ribosomal depletion"" OR ""rRNA depletion"")",2,42391002,Single-bacterium RNA-seq protocol to uncover heterogeneous expression of coding and noncoding genes in Bacteroides thetaiotaomicron.
42391002,"(""single-cell RNA sequencing"" OR ""scRNA-seq"" OR ""single cell transcriptomics"" OR ""MATQ-seq"") AND (""Bacteroides"" OR ""Bacteroidota"" OR ""Bacteroidetes"" OR ""anaerobic bacteria"" OR ""gut microbiota"" OR ""microbiome"") AND (""bacterial"" OR ""prokaryotic"" OR ""microbial"") AND (""FACS"" OR ""fluorescence-activated cell sorting"" OR ""cell sorting"" OR ""single cell isolation"") AND (""transcriptome"" OR ""gene expression"" OR ""RNA library"" OR ""cDNA library"" OR ""ribosomal depletion"" OR ""rRNA depletion"")",3,41082647,Maternal dietary fibre intake results in sex-specific single-cell molecular changes in the heart of the offspring.
39359233,"(""3D skin model"" OR ""three-dimensional skin model"" OR ""reconstructed skin"" OR ""reconstructed human epidermis"" OR ""skin equivalent"" OR ""full-thickness skin model"" OR ""organotypic skin"") AND (""toxicology"" OR ""toxicity testing"" OR ""toxicological assessment"" OR ""risk assessment"" OR ""safety assessment"") AND (""in vitro"" OR ""alternative methods"" OR ""non-animal"" OR ""animal-free"") AND (""2D cell culture"" OR ""monolayer culture"" OR ""animal model"" OR ""epidermis"" OR ""dermis"" OR ""keratinocytes"" OR ""fibroblasts"" OR ""tissue engineering"")",1,29371136,Reconstructed human epidermis models for irritant testing of medical devices.
39359233,"(""3D skin model"" OR ""three-dimensional skin model"" OR ""reconstructed skin"" OR ""reconstructed human epidermis"" OR ""skin equivalent"" OR ""full-thickness skin model"" OR ""organotypic skin"") AND (""toxicology"" OR ""toxicity testing"" OR ""toxicological assessment"" OR ""risk assessment"" OR ""safety assessment"") AND (""in vitro"" OR ""alternative methods"" OR ""non-animal"" OR ""animal-free"") AND (""2D cell culture"" OR ""monolayer culture"" OR ""animal model"" OR ""epidermis"" OR ""dermis"" OR ""keratinocytes"" OR ""fibroblasts"" OR ""tissue engineering"")",2,10367477,Applications of reconstructed skin models in pharmaco-toxicological trials.
39359233,"(""3D skin model"" OR ""three-dimensional skin model"" OR ""reconstructed skin"" OR ""reconstructed human epidermis"" OR ""skin equivalent"" OR ""full-thickness skin model"" OR ""organotypic skin"") AND (""toxicology"" OR ""toxicity testing"" OR ""toxicological assessment"" OR ""risk assessment"" OR ""safety assessment"") AND (""in vitro"" OR ""alternative methods"" OR ""non-animal"" OR ""animal-free"") AND (""2D cell culture"" OR ""monolayer culture"" OR ""animal model"" OR ""epidermis"" OR ""dermis"" OR ""keratinocytes"" OR ""fibroblasts"" OR ""tissue engineering"")",3,39304165,Let's shed light on photogenotoxicity.
39359233,"(""3D skin model"" OR ""three-dimensional skin model"" OR ""reconstructed skin"" OR ""reconstructed human epidermis"" OR ""skin equivalent"" OR ""full-thickness skin model"" OR ""organotypic skin"") AND (""toxicology"" OR ""toxicity testing"" OR ""toxicological assessment"" OR ""risk assessment"" OR ""safety assessment"") AND (""in vitro"" OR ""alternative methods"" OR ""non-animal"" OR ""animal-free"") AND (""2D cell culture"" OR ""monolayer culture"" OR ""animal model"" OR ""epidermis"" OR ""dermis"" OR ""keratinocytes"" OR ""fibroblasts"" OR ""tissue engineering"")",4,34443822,Safety Assessment of Polypyrrole Nanoparticles and Spray-Coated Textiles.
39359233,"(""3D skin model"" OR ""three-dimensional skin model"" OR ""reconstructed skin"" OR ""reconstructed human epidermis"" OR ""skin equivalent"" OR ""full-thickness skin model"" OR ""organotypic skin"") AND (""toxicology"" OR ""toxicity testing"" OR ""toxicological assessment"" OR ""risk assessment"" OR ""safety assessment"") AND (""in vitro"" OR ""alternative methods"" OR ""non-animal"" OR ""animal-free"") AND (""2D cell culture"" OR ""monolayer culture"" OR ""animal model"" OR ""epidermis"" OR ""dermis"" OR ""keratinocytes"" OR ""fibroblasts"" OR ""tissue engineering"")",5,28634944,Preparation of a Three-Dimensional Full Thickness Skin Equivalent.
39359233,"(""3D skin model"" OR ""three-dimensional skin model"" OR ""reconstructed skin"" OR ""reconstructed human epidermis"" OR ""skin equivalent"" OR ""full-thickness skin model"" OR ""organotypic skin"") AND (""toxicology"" OR ""toxicity testing"" OR ""toxicological assessment"" OR ""risk assessment"" OR ""safety assessment"") AND (""in vitro"" OR ""alternative methods"" OR ""non-animal"" OR ""animal-free"") AND (""2D cell culture"" OR ""monolayer culture"" OR ""animal model"" OR ""epidermis"" OR ""dermis"" OR ""keratinocytes"" OR ""fibroblasts"" OR ""tissue engineering"")",6,39359233,In vitro 3D skin culture and its sustainability in toxicology: a narrative review.
39359233,"(""3D skin model"" OR ""three-dimensional skin model"" OR ""reconstructed skin"" OR ""reconstructed human epidermis"" OR ""skin equivalent"" OR ""full-thickness skin model"" OR ""organotypic skin"") AND (""toxicology"" OR ""toxicity testing"" OR ""toxicological assessment"" OR ""risk assessment"" OR ""safety assessment"") AND (""in vitro"" OR ""alternative methods"" OR ""non-animal"" OR ""animal-free"") AND (""2D cell culture"" OR ""monolayer culture"" OR ""animal model"" OR ""epidermis"" OR ""dermis"" OR ""keratinocytes"" OR ""fibroblasts"" OR ""tissue engineering"")",7,36191774,Design of hydrogel-based scaffolds for in vitro three-dimensional human skin model reconstruction.
39359233,"(""3D skin model"" OR ""three-dimensional skin model"" OR ""reconstructed skin"" OR ""reconstructed human epidermis"" OR ""skin equivalent"" OR ""full-thickness skin model"" OR ""organotypic skin"") AND (""toxicology"" OR ""toxicity testing"" OR ""toxicological assessment"" OR ""risk assessment"" OR ""safety assessment"") AND (""in vitro"" OR ""alternative methods"" OR ""non-animal"" OR ""animal-free"") AND (""2D cell culture"" OR ""monolayer culture"" OR ""animal model"" OR ""epidermis"" OR ""dermis"" OR ""keratinocytes"" OR ""fibroblasts"" OR ""tissue engineering"")",8,37717566,Human Epidermal Keratinocytes in Culture: A Story of Multiple Recipes for a Single Cell Type.
39359233,"(""3D skin model"" OR ""three-dimensional skin model"" OR ""reconstructed skin"" OR ""reconstructed human epidermis"" OR ""skin equivalent"" OR ""full-thickness skin model"" OR ""organotypic skin"") AND (""toxicology"" OR ""toxicity testing"" OR ""toxicological assessment"" OR ""risk assessment"" OR ""safety assessment"") AND (""in vitro"" OR ""alternative methods"" OR ""non-animal"" OR ""animal-free"") AND (""2D cell culture"" OR ""monolayer culture"" OR ""animal model"" OR ""epidermis"" OR ""dermis"" OR ""keratinocytes"" OR ""fibroblasts"" OR ""tissue engineering"")",9,33136188,Human-Derived In Vitro Models Used for Skin Toxicity Testing Under REACh.
39359233,"(""3D skin model"" OR ""three-dimensional skin model"" OR ""reconstructed skin"" OR ""reconstructed human epidermis"" OR ""skin equivalent"" OR ""full-thickness skin model"" OR ""organotypic skin"") AND (""toxicology"" OR ""toxicity testing"" OR ""toxicological assessment"" OR ""risk assessment"" OR ""safety assessment"") AND (""in vitro"" OR ""alternative methods"" OR ""non-animal"" OR ""animal-free"") AND (""2D cell culture"" OR ""monolayer culture"" OR ""animal model"" OR ""epidermis"" OR ""dermis"" OR ""keratinocytes"" OR ""fibroblasts"" OR ""tissue engineering"")",10,39157429,"Characterization of Reconstructed Human Epidermis in a Chemically-Defined, Animal Origin-Free Cell Culture."
30462808,"(""subclinical hyperthyroidism"" OR ""TSH suppression"" OR ""levothyroxine therapy"") AND (""oxidative stress"" OR ""redox"" OR ""lipid peroxidation"" OR ""antioxidant"") AND (""thyroidectomy"" OR ""LT4"" OR ""TSH suppressive therapy"") AND (""glutathione"" OR ""GSH"" OR ""catalase"" OR ""TBARS"" OR ""protein carbonylation"" OR ""FOX"")",1,30462808,Evaluation of redox profiles in exogenous subclinical hyperthyroidism at two different levels of TSH suppression.
30462808,"(""subclinical hyperthyroidism"" OR ""TSH suppression"" OR ""levothyroxine therapy"") AND (""oxidative stress"" OR ""redox"" OR ""lipid peroxidation"" OR ""antioxidant"") AND (""thyroidectomy"" OR ""LT4"" OR ""TSH suppressive therapy"") AND (""glutathione"" OR ""GSH"" OR ""catalase"" OR ""TBARS"" OR ""protein carbonylation"" OR ""FOX"")",2,18399765,Exogenous subclinical hyperthyroidism impairs endothelial function in nodular goiter patients.
30462808,"(""subclinical hyperthyroidism"" OR ""TSH suppression"" OR ""levothyroxine therapy"") AND (""oxidative stress"" OR ""redox"" OR ""lipid peroxidation"" OR ""antioxidant"") AND (""thyroidectomy"" OR ""LT4"" OR ""TSH suppressive therapy"") AND (""glutathione"" OR ""GSH"" OR ""catalase"" OR ""TBARS"" OR ""protein carbonylation"" OR ""FOX"")",3,15473886,Association of serum paraoxonase activity with insulin sensitivity and oxidative stress in hyperthyroid and TSH-suppressed nodular goitre patients.
33350435,"(""hepatic stellate cells"" OR ""HSC"" OR ""hepatic stellate cell"") AND (""isolation"" OR ""isolation protocol"" OR ""isolation method"") AND (""culture"" OR ""culturing"" OR ""culture conditions"" OR ""in vitro"") AND (""quiescent"" OR ""activation"" OR ""myofibroblast"" OR ""undifferentiated phenotype"") AND (""Nycodenz"" OR ""density gradient"" OR ""flow cytometry"" OR ""purity"") AND (""liver fibrosis"" OR ""hepatic fibrosis"" OR ""fibrosis"") AND (""alpha-smooth muscle actin"" OR ""a-SMA"" OR ""collagen"" OR ""lipid droplets"" OR ""vitamin A"" OR ""retinol"" OR ""Oil Red O"" OR ""LRAT"" OR ""lecithin-retinol acyltransferase"") AND (""mouse"" OR ""mice"" OR ""murine"" OR ""Balb/c"")",1,37247057,Isolation of Hepatic Stellate Cells and Lymphocytes for Co-culture Systems.
33350435,"(""hepatic stellate cells"" OR ""HSC"" OR ""hepatic stellate cell"") AND (""isolation"" OR ""isolation protocol"" OR ""isolation method"") AND (""culture"" OR ""culturing"" OR ""culture conditions"" OR ""in vitro"") AND (""quiescent"" OR ""activation"" OR ""myofibroblast"" OR ""undifferentiated phenotype"") AND (""Nycodenz"" OR ""density gradient"" OR ""flow cytometry"" OR ""purity"") AND (""liver fibrosis"" OR ""hepatic fibrosis"" OR ""fibrosis"") AND (""alpha-smooth muscle actin"" OR ""a-SMA"" OR ""collagen"" OR ""lipid droplets"" OR ""vitamin A"" OR ""retinol"" OR ""Oil Red O"" OR ""LRAT"" OR ""lecithin-retinol acyltransferase"") AND (""mouse"" OR ""mice"" OR ""murine"" OR ""Balb/c"")",2,37247051,"Isolation, Purification, and Culture of Primary Murine Hepatic Stellate Cells: An Update."
33350435,"(""hepatic stellate cells"" OR ""HSC"" OR ""hepatic stellate cell"") AND (""isolation"" OR ""isolation protocol"" OR ""isolation method"") AND (""culture"" OR ""culturing"" OR ""culture conditions"" OR ""in vitro"") AND (""quiescent"" OR ""activation"" OR ""myofibroblast"" OR ""undifferentiated phenotype"") AND (""Nycodenz"" OR ""density gradient"" OR ""flow cytometry"" OR ""purity"") AND (""liver fibrosis"" OR ""hepatic fibrosis"" OR ""fibrosis"") AND (""alpha-smooth muscle actin"" OR ""a-SMA"" OR ""collagen"" OR ""lipid droplets"" OR ""vitamin A"" OR ""retinol"" OR ""Oil Red O"" OR ""LRAT"" OR ""lecithin-retinol acyltransferase"") AND (""mouse"" OR ""mice"" OR ""murine"" OR ""Balb/c"")",3,21610670,Seven steps to stellate cells.
33350435,"(""hepatic stellate cells"" OR ""HSC"" OR ""hepatic stellate cell"") AND (""isolation"" OR ""isolation protocol"" OR ""isolation method"") AND (""culture"" OR ""culturing"" OR ""culture conditions"" OR ""in vitro"") AND (""quiescent"" OR ""activation"" OR ""myofibroblast"" OR ""undifferentiated phenotype"") AND (""Nycodenz"" OR ""density gradient"" OR ""flow cytometry"" OR ""purity"") AND (""liver fibrosis"" OR ""hepatic fibrosis"" OR ""fibrosis"") AND (""alpha-smooth muscle actin"" OR ""a-SMA"" OR ""collagen"" OR ""lipid droplets"" OR ""vitamin A"" OR ""retinol"" OR ""Oil Red O"" OR ""LRAT"" OR ""lecithin-retinol acyltransferase"") AND (""mouse"" OR ""mice"" OR ""murine"" OR ""Balb/c"")",4,28836201,Isolation and Culture of Primary Murine Hepatic Stellate Cells.
33350435,"(""hepatic stellate cells"" OR ""HSC"" OR ""hepatic stellate cell"") AND (""isolation"" OR ""isolation protocol"" OR ""isolation method"") AND (""culture"" OR ""culturing"" OR ""culture conditions"" OR ""in vitro"") AND (""quiescent"" OR ""activation"" OR ""myofibroblast"" OR ""undifferentiated phenotype"") AND (""Nycodenz"" OR ""density gradient"" OR ""flow cytometry"" OR ""purity"") AND (""liver fibrosis"" OR ""hepatic fibrosis"" OR ""fibrosis"") AND (""alpha-smooth muscle actin"" OR ""a-SMA"" OR ""collagen"" OR ""lipid droplets"" OR ""vitamin A"" OR ""retinol"" OR ""Oil Red O"" OR ""LRAT"" OR ""lecithin-retinol acyltransferase"") AND (""mouse"" OR ""mice"" OR ""murine"" OR ""Balb/c"")",5,33350435,Optimization of the isolation procedure and culturing conditions for hepatic stellate cells obtained from mouse.
33350435,"(""hepatic stellate cells"" OR ""HSC"" OR ""hepatic stellate cell"") AND (""isolation"" OR ""isolation protocol"" OR ""isolation method"") AND (""culture"" OR ""culturing"" OR ""culture conditions"" OR ""in vitro"") AND (""quiescent"" OR ""activation"" OR ""myofibroblast"" OR ""undifferentiated phenotype"") AND (""Nycodenz"" OR ""density gradient"" OR ""flow cytometry"" OR ""purity"") AND (""liver fibrosis"" OR ""hepatic fibrosis"" OR ""fibrosis"") AND (""alpha-smooth muscle actin"" OR ""a-SMA"" OR ""collagen"" OR ""lipid droplets"" OR ""vitamin A"" OR ""retinol"" OR ""Oil Red O"" OR ""LRAT"" OR ""lecithin-retinol acyltransferase"") AND (""mouse"" OR ""mice"" OR ""murine"" OR ""Balb/c"")",6,26258009,Isolation and time lapse microscopy of highly pure hepatic stellate cells.
33350435,"(""hepatic stellate cells"" OR ""HSC"" OR ""hepatic stellate cell"") AND (""isolation"" OR ""isolation protocol"" OR ""isolation method"") AND (""culture"" OR ""culturing"" OR ""culture conditions"" OR ""in vitro"") AND (""quiescent"" OR ""activation"" OR ""myofibroblast"" OR ""undifferentiated phenotype"") AND (""Nycodenz"" OR ""density gradient"" OR ""flow cytometry"" OR ""purity"") AND (""liver fibrosis"" OR ""hepatic fibrosis"" OR ""fibrosis"") AND (""alpha-smooth muscle actin"" OR ""a-SMA"" OR ""collagen"" OR ""lipid droplets"" OR ""vitamin A"" OR ""retinol"" OR ""Oil Red O"" OR ""LRAT"" OR ""lecithin-retinol acyltransferase"") AND (""mouse"" OR ""mice"" OR ""murine"" OR ""Balb/c"")",7,34724252,An improved experimental method for simultaneously isolating hepatocytes and hepatic stellate cells in mouse liver infected with Echinococcus multilocularis.
30271992,"(""meiofauna"" OR ""meiobenthos"") AND (""metabarcoding"" OR ""environmental DNA"" OR ""eDNA"" OR ""high-throughput sequencing"" OR ""DNA barcoding"") AND (""biodiversity assessment"" OR ""biodiversity estimation"" OR ""species diversity"" OR ""community composition"") AND (""morphological taxonomy"" OR ""morphology-based"" OR ""molecular phylogenetic"" OR ""taxonomic methods"" OR ""comparative morphology"")",1,33141617,Multi-marker DNA metabarcoding reflects tardigrade diversity in different habitats.
30271992,"(""meiofauna"" OR ""meiobenthos"") AND (""metabarcoding"" OR ""environmental DNA"" OR ""eDNA"" OR ""high-throughput sequencing"" OR ""DNA barcoding"") AND (""biodiversity assessment"" OR ""biodiversity estimation"" OR ""species diversity"" OR ""community composition"") AND (""morphological taxonomy"" OR ""morphology-based"" OR ""molecular phylogenetic"" OR ""taxonomic methods"" OR ""comparative morphology"")",2,34019727,Scientific and budgetary trade-offs between morphological and molecular methods for deep-sea biodiversity assessment.
30271992,"(""meiofauna"" OR ""meiobenthos"") AND (""metabarcoding"" OR ""environmental DNA"" OR ""eDNA"" OR ""high-throughput sequencing"" OR ""DNA barcoding"") AND (""biodiversity assessment"" OR ""biodiversity estimation"" OR ""species diversity"" OR ""community composition"") AND (""morphological taxonomy"" OR ""morphology-based"" OR ""molecular phylogenetic"" OR ""taxonomic methods"" OR ""comparative morphology"")",3,38444725,Deep-sea meiofaunal communities in the south-eastern Levantine basin and their shaping factors - Morphological-taxonomy-free metabarcoding approach.
30271992,"(""meiofauna"" OR ""meiobenthos"") AND (""metabarcoding"" OR ""environmental DNA"" OR ""eDNA"" OR ""high-throughput sequencing"" OR ""DNA barcoding"") AND (""biodiversity assessment"" OR ""biodiversity estimation"" OR ""species diversity"" OR ""community composition"") AND (""morphological taxonomy"" OR ""morphology-based"" OR ""molecular phylogenetic"" OR ""taxonomic methods"" OR ""comparative morphology"")",4,39544386,The Core of the Matter-Importance of Identification Method and Biological Replication for Benthic Marine Monitoring.
30271992,"(""meiofauna"" OR ""meiobenthos"") AND (""metabarcoding"" OR ""environmental DNA"" OR ""eDNA"" OR ""high-throughput sequencing"" OR ""DNA barcoding"") AND (""biodiversity assessment"" OR ""biodiversity estimation"" OR ""species diversity"" OR ""community composition"") AND (""morphological taxonomy"" OR ""morphology-based"" OR ""molecular phylogenetic"" OR ""taxonomic methods"" OR ""comparative morphology"")",5,36093332,Mitochondrial cytochrome c oxidase subunit I (COI) metabarcoding of Foraminifera communities using taxon-specific primers.
30271992,"(""meiofauna"" OR ""meiobenthos"") AND (""metabarcoding"" OR ""environmental DNA"" OR ""eDNA"" OR ""high-throughput sequencing"" OR ""DNA barcoding"") AND (""biodiversity assessment"" OR ""biodiversity estimation"" OR ""species diversity"" OR ""community composition"") AND (""morphological taxonomy"" OR ""morphology-based"" OR ""molecular phylogenetic"" OR ""taxonomic methods"" OR ""comparative morphology"")",6,25093815,"The necessity of DNA taxonomy to reveal cryptic diversity and spatial distribution of meiofauna, with a focus on Nemertea."
39510801,"(""macrophage cell line"" OR ""macrophage model"" OR ""RAW264.7"" OR ""J774A.1"" OR ""iBMDM"" OR ""immortalized macrophage"" OR ""immortalised macrophage"") AND (""proteomics"" OR ""proteomic"" OR ""mass spectrometry"" OR ""protein profiling"") AND (""bone marrow-derived macrophage"" OR ""BMDM"" OR ""primary macrophage"") AND (""cell line comparison"" OR ""macrophage polarisation"" OR ""macrophage polarization"" OR ""phagocytosis"" OR ""interferon signalling"" OR ""macrophage function"" OR ""protein expression"")",1,39510801,Mass spectrometry-based proteomic exploration of diverse murine macrophage cellular models.
39510801,"(""macrophage cell line"" OR ""macrophage model"" OR ""RAW264.7"" OR ""J774A.1"" OR ""iBMDM"" OR ""immortalized macrophage"" OR ""immortalised macrophage"") AND (""proteomics"" OR ""proteomic"" OR ""mass spectrometry"" OR ""protein profiling"") AND (""bone marrow-derived macrophage"" OR ""BMDM"" OR ""primary macrophage"") AND (""cell line comparison"" OR ""macrophage polarisation"" OR ""macrophage polarization"" OR ""phagocytosis"" OR ""interferon signalling"" OR ""macrophage function"" OR ""protein expression"")",2,41178983,Nitroalkene inhibition of pro-inflammatory macrophage effector function via modulation of signaling metabolite levels.
21572423,"(""basement membrane"" AND (""sliding"" OR ""gap"" OR ""breach"" OR ""remodeling"" OR ""remodelling"" OR ""dissolution"") AND (""cell invasion"" OR ""tissue remodeling"" OR ""tissue remodelling"" OR ""cancer invasion"" OR ""development"")) OR (""basement membrane"" AND (""laminin"" OR ""type IV collagen"" OR ""collagen IV"") AND (""photobleaching"" OR ""optical highlighting"" OR ""live imaging"" OR ""in vivo imaging"")) OR (""basement membrane"" AND (""integrin"" OR ""Kank"" OR ""VAB-19"" OR ""INA-1"") AND (""invasion"" OR ""adhesion"" OR ""gap"")) OR (""Caenorhabditis elegans"" AND ""basement membrane"" AND (""vulval"" OR ""uterine"" OR ""anchor cell"" OR ""cell invasion"")) OR (""basement membrane"" AND (""RNAi"" OR ""RNA interference"") AND (""invasion"" OR ""gap"" OR ""breach"")) OR (""basement membrane gaps"" AND (""synthesis"" OR ""degradation"" OR ""sliding"" OR ""movement"")) OR (""extracellular matrix"" AND ""sliding"" AND (""invasion"" OR ""cell migration"" OR ""compartment"")) OR (""basement membrane"" AND ""laser ablation"" AND (""invasion"" OR ""remodeling""))",1,21572423,Basement membrane sliding and targeted adhesion remodels tissue boundaries during uterine-vulval attachment in Caenorhabditis elegans.
21572423,"(""basement membrane"" AND (""sliding"" OR ""gap"" OR ""breach"" OR ""remodeling"" OR ""remodelling"" OR ""dissolution"") AND (""cell invasion"" OR ""tissue remodeling"" OR ""tissue remodelling"" OR ""cancer invasion"" OR ""development"")) OR (""basement membrane"" AND (""laminin"" OR ""type IV collagen"" OR ""collagen IV"") AND (""photobleaching"" OR ""optical highlighting"" OR ""live imaging"" OR ""in vivo imaging"")) OR (""basement membrane"" AND (""integrin"" OR ""Kank"" OR ""VAB-19"" OR ""INA-1"") AND (""invasion"" OR ""adhesion"" OR ""gap"")) OR (""Caenorhabditis elegans"" AND ""basement membrane"" AND (""vulval"" OR ""uterine"" OR ""anchor cell"" OR ""cell invasion"")) OR (""basement membrane"" AND (""RNAi"" OR ""RNA interference"") AND (""invasion"" OR ""gap"" OR ""breach"")) OR (""basement membrane gaps"" AND (""synthesis"" OR ""degradation"" OR ""sliding"" OR ""movement"")) OR (""extracellular matrix"" AND ""sliding"" AND (""invasion"" OR ""cell migration"" OR ""compartment"")) OR (""basement membrane"" AND ""laser ablation"" AND (""invasion"" OR ""remodeling""))",2,39349749,The role and regulation of integrins in cell migration and invasion.
21572423,"(""basement membrane"" AND (""sliding"" OR ""gap"" OR ""breach"" OR ""remodeling"" OR ""remodelling"" OR ""dissolution"") AND (""cell invasion"" OR ""tissue remodeling"" OR ""tissue remodelling"" OR ""cancer invasion"" OR ""development"")) OR (""basement membrane"" AND (""laminin"" OR ""type IV collagen"" OR ""collagen IV"") AND (""photobleaching"" OR ""optical highlighting"" OR ""live imaging"" OR ""in vivo imaging"")) OR (""basement membrane"" AND (""integrin"" OR ""Kank"" OR ""VAB-19"" OR ""INA-1"") AND (""invasion"" OR ""adhesion"" OR ""gap"")) OR (""Caenorhabditis elegans"" AND ""basement membrane"" AND (""vulval"" OR ""uterine"" OR ""anchor cell"" OR ""cell invasion"")) OR (""basement membrane"" AND (""RNAi"" OR ""RNA interference"") AND (""invasion"" OR ""gap"" OR ""breach"")) OR (""basement membrane gaps"" AND (""synthesis"" OR ""degradation"" OR ""sliding"" OR ""movement"")) OR (""extracellular matrix"" AND ""sliding"" AND (""invasion"" OR ""cell migration"" OR ""compartment"")) OR (""basement membrane"" AND ""laser ablation"" AND (""invasion"" OR ""remodeling""))",3,34133940,Budding epithelial morphogenesis driven by cell-matrix versus cell-cell adhesion.
21572423,"(""basement membrane"" AND (""sliding"" OR ""gap"" OR ""breach"" OR ""remodeling"" OR ""remodelling"" OR ""dissolution"") AND (""cell invasion"" OR ""tissue remodeling"" OR ""tissue remodelling"" OR ""cancer invasion"" OR ""development"")) OR (""basement membrane"" AND (""laminin"" OR ""type IV collagen"" OR ""collagen IV"") AND (""photobleaching"" OR ""optical highlighting"" OR ""live imaging"" OR ""in vivo imaging"")) OR (""basement membrane"" AND (""integrin"" OR ""Kank"" OR ""VAB-19"" OR ""INA-1"") AND (""invasion"" OR ""adhesion"" OR ""gap"")) OR (""Caenorhabditis elegans"" AND ""basement membrane"" AND (""vulval"" OR ""uterine"" OR ""anchor cell"" OR ""cell invasion"")) OR (""basement membrane"" AND (""RNAi"" OR ""RNA interference"") AND (""invasion"" OR ""gap"" OR ""breach"")) OR (""basement membrane gaps"" AND (""synthesis"" OR ""degradation"" OR ""sliding"" OR ""movement"")) OR (""extracellular matrix"" AND ""sliding"" AND (""invasion"" OR ""cell migration"" OR ""compartment"")) OR (""basement membrane"" AND ""laser ablation"" AND (""invasion"" OR ""remodeling""))",4,7827749,The laminins.
21572423,"(""basement membrane"" AND (""sliding"" OR ""gap"" OR ""breach"" OR ""remodeling"" OR ""remodelling"" OR ""dissolution"") AND (""cell invasion"" OR ""tissue remodeling"" OR ""tissue remodelling"" OR ""cancer invasion"" OR ""development"")) OR (""basement membrane"" AND (""laminin"" OR ""type IV collagen"" OR ""collagen IV"") AND (""photobleaching"" OR ""optical highlighting"" OR ""live imaging"" OR ""in vivo imaging"")) OR (""basement membrane"" AND (""integrin"" OR ""Kank"" OR ""VAB-19"" OR ""INA-1"") AND (""invasion"" OR ""adhesion"" OR ""gap"")) OR (""Caenorhabditis elegans"" AND ""basement membrane"" AND (""vulval"" OR ""uterine"" OR ""anchor cell"" OR ""cell invasion"")) OR (""basement membrane"" AND (""RNAi"" OR ""RNA interference"") AND (""invasion"" OR ""gap"" OR ""breach"")) OR (""basement membrane gaps"" AND (""synthesis"" OR ""degradation"" OR ""sliding"" OR ""movement"")) OR (""extracellular matrix"" AND ""sliding"" AND (""invasion"" OR ""cell migration"" OR ""compartment"")) OR (""basement membrane"" AND ""laser ablation"" AND (""invasion"" OR ""remodeling""))",5,2191056,Fibronectin-cell interactions.
21572423,"(""basement membrane"" AND (""sliding"" OR ""gap"" OR ""breach"" OR ""remodeling"" OR ""remodelling"" OR ""dissolution"") AND (""cell invasion"" OR ""tissue remodeling"" OR ""tissue remodelling"" OR ""cancer invasion"" OR ""development"")) OR (""basement membrane"" AND (""laminin"" OR ""type IV collagen"" OR ""collagen IV"") AND (""photobleaching"" OR ""optical highlighting"" OR ""live imaging"" OR ""in vivo imaging"")) OR (""basement membrane"" AND (""integrin"" OR ""Kank"" OR ""VAB-19"" OR ""INA-1"") AND (""invasion"" OR ""adhesion"" OR ""gap"")) OR (""Caenorhabditis elegans"" AND ""basement membrane"" AND (""vulval"" OR ""uterine"" OR ""anchor cell"" OR ""cell invasion"")) OR (""basement membrane"" AND (""RNAi"" OR ""RNA interference"") AND (""invasion"" OR ""gap"" OR ""breach"")) OR (""basement membrane gaps"" AND (""synthesis"" OR ""degradation"" OR ""sliding"" OR ""movement"")) OR (""extracellular matrix"" AND ""sliding"" AND (""invasion"" OR ""cell migration"" OR ""compartment"")) OR (""basement membrane"" AND ""laser ablation"" AND (""invasion"" OR ""remodeling""))",6,30226080,Basement membrane and stroke.
21572423,"(""basement membrane"" AND (""sliding"" OR ""gap"" OR ""breach"" OR ""remodeling"" OR ""remodelling"" OR ""dissolution"") AND (""cell invasion"" OR ""tissue remodeling"" OR ""tissue remodelling"" OR ""cancer invasion"" OR ""development"")) OR (""basement membrane"" AND (""laminin"" OR ""type IV collagen"" OR ""collagen IV"") AND (""photobleaching"" OR ""optical highlighting"" OR ""live imaging"" OR ""in vivo imaging"")) OR (""basement membrane"" AND (""integrin"" OR ""Kank"" OR ""VAB-19"" OR ""INA-1"") AND (""invasion"" OR ""adhesion"" OR ""gap"")) OR (""Caenorhabditis elegans"" AND ""basement membrane"" AND (""vulval"" OR ""uterine"" OR ""anchor cell"" OR ""cell invasion"")) OR (""basement membrane"" AND (""RNAi"" OR ""RNA interference"") AND (""invasion"" OR ""gap"" OR ""breach"")) OR (""basement membrane gaps"" AND (""synthesis"" OR ""degradation"" OR ""sliding"" OR ""movement"")) OR (""extracellular matrix"" AND ""sliding"" AND (""invasion"" OR ""cell migration"" OR ""compartment"")) OR (""basement membrane"" AND ""laser ablation"" AND (""invasion"" OR ""remodeling""))",7,41928512,Specialized high-capacity mitochondria fuel cell invasion.
21572423,"(""basement membrane"" AND (""sliding"" OR ""gap"" OR ""breach"" OR ""remodeling"" OR ""remodelling"" OR ""dissolution"") AND (""cell invasion"" OR ""tissue remodeling"" OR ""tissue remodelling"" OR ""cancer invasion"" OR ""development"")) OR (""basement membrane"" AND (""laminin"" OR ""type IV collagen"" OR ""collagen IV"") AND (""photobleaching"" OR ""optical highlighting"" OR ""live imaging"" OR ""in vivo imaging"")) OR (""basement membrane"" AND (""integrin"" OR ""Kank"" OR ""VAB-19"" OR ""INA-1"") AND (""invasion"" OR ""adhesion"" OR ""gap"")) OR (""Caenorhabditis elegans"" AND ""basement membrane"" AND (""vulval"" OR ""uterine"" OR ""anchor cell"" OR ""cell invasion"")) OR (""basement membrane"" AND (""RNAi"" OR ""RNA interference"") AND (""invasion"" OR ""gap"" OR ""breach"")) OR (""basement membrane gaps"" AND (""synthesis"" OR ""degradation"" OR ""sliding"" OR ""movement"")) OR (""extracellular matrix"" AND ""sliding"" AND (""invasion"" OR ""cell migration"" OR ""compartment"")) OR (""basement membrane"" AND ""laser ablation"" AND (""invasion"" OR ""remodeling""))",8,29853176,Basement Membranes in Development and Disease.
21572423,"(""basement membrane"" AND (""sliding"" OR ""gap"" OR ""breach"" OR ""remodeling"" OR ""remodelling"" OR ""dissolution"") AND (""cell invasion"" OR ""tissue remodeling"" OR ""tissue remodelling"" OR ""cancer invasion"" OR ""development"")) OR (""basement membrane"" AND (""laminin"" OR ""type IV collagen"" OR ""collagen IV"") AND (""photobleaching"" OR ""optical highlighting"" OR ""live imaging"" OR ""in vivo imaging"")) OR (""basement membrane"" AND (""integrin"" OR ""Kank"" OR ""VAB-19"" OR ""INA-1"") AND (""invasion"" OR ""adhesion"" OR ""gap"")) OR (""Caenorhabditis elegans"" AND ""basement membrane"" AND (""vulval"" OR ""uterine"" OR ""anchor cell"" OR ""cell invasion"")) OR (""basement membrane"" AND (""RNAi"" OR ""RNA interference"") AND (""invasion"" OR ""gap"" OR ""breach"")) OR (""basement membrane gaps"" AND (""synthesis"" OR ""degradation"" OR ""sliding"" OR ""movement"")) OR (""extracellular matrix"" AND ""sliding"" AND (""invasion"" OR ""cell migration"" OR ""compartment"")) OR (""basement membrane"" AND ""laser ablation"" AND (""invasion"" OR ""remodeling""))",9,41082347,Integrin-Piezo1 Axis Drives ECM Remodeling and Invasion of 3D Breast Epithelium.
21572423,"(""basement membrane"" AND (""sliding"" OR ""gap"" OR ""breach"" OR ""remodeling"" OR ""remodelling"" OR ""dissolution"") AND (""cell invasion"" OR ""tissue remodeling"" OR ""tissue remodelling"" OR ""cancer invasion"" OR ""development"")) OR (""basement membrane"" AND (""laminin"" OR ""type IV collagen"" OR ""collagen IV"") AND (""photobleaching"" OR ""optical highlighting"" OR ""live imaging"" OR ""in vivo imaging"")) OR (""basement membrane"" AND (""integrin"" OR ""Kank"" OR ""VAB-19"" OR ""INA-1"") AND (""invasion"" OR ""adhesion"" OR ""gap"")) OR (""Caenorhabditis elegans"" AND ""basement membrane"" AND (""vulval"" OR ""uterine"" OR ""anchor cell"" OR ""cell invasion"")) OR (""basement membrane"" AND (""RNAi"" OR ""RNA interference"") AND (""invasion"" OR ""gap"" OR ""breach"")) OR (""basement membrane gaps"" AND (""synthesis"" OR ""degradation"" OR ""sliding"" OR ""movement"")) OR (""extracellular matrix"" AND ""sliding"" AND (""invasion"" OR ""cell migration"" OR ""compartment"")) OR (""basement membrane"" AND ""laser ablation"" AND (""invasion"" OR ""remodeling""))",10,34567126,Sinonasal Tissue Remodelling during Chronic Rhinosinusitis.
24218132,"(""PCR optimization"" OR ""polymerase chain reaction optimization"" OR ""PCR conditions"" OR ""GC-rich"" OR ""GC content"" OR ""high GC"") AND (""EGFR"" OR ""epidermal growth factor receptor"") AND (""promoter"" OR ""promoter region"" OR ""promoter sequence"") AND (""single nucleotide polymorphism"" OR ""SNP"" OR ""polymorphism"")",1,24218132,Optimization of PCR conditions for amplification of GC-Rich EGFR promoter sequence.
24218132,"(""PCR optimization"" OR ""polymerase chain reaction optimization"" OR ""PCR conditions"" OR ""GC-rich"" OR ""GC content"" OR ""high GC"") AND (""EGFR"" OR ""epidermal growth factor receptor"") AND (""promoter"" OR ""promoter region"" OR ""promoter sequence"") AND (""single nucleotide polymorphism"" OR ""SNP"" OR ""polymorphism"")",2,27284695,"Effects of DMSO, glycerol, betaine and their combinations in detecting single nucleotide polymorphisms of epidermal growth factor receptor (EGFR) gene promoter sequence in non-small-cell lung cancer (NSCLC) patients."
24218132,"(""PCR optimization"" OR ""polymerase chain reaction optimization"" OR ""PCR conditions"" OR ""GC-rich"" OR ""GC content"" OR ""high GC"") AND (""EGFR"" OR ""epidermal growth factor receptor"") AND (""promoter"" OR ""promoter region"" OR ""promoter sequence"") AND (""single nucleotide polymorphism"" OR ""SNP"" OR ""polymorphism"")",3,7742531,The cloning and characterization of the human transcobalamin II gene.
29256496,"(""STARR-seq"" OR ""self-transcribing active regulatory region sequencing"" OR ""enhancer activity assay"" OR ""reporter assay"" OR ""luciferase assay"") AND (""transcriptional enhancer"" OR ""enhancer identification"" OR ""enhancer screen"" OR ""enhancer activity"") AND (""human genome"" OR ""human cells"" OR ""mammalian cells"" OR ""HeLa"") AND (""plasmid"" OR ""episomal"" OR ""transient transfection"") AND (""interferon"" OR ""IFN"" OR ""innate immune"" OR ""origin of replication"" OR ""chromatin marks"" OR ""chromatin accessibility"")",1,29256496,Resolving systematic errors in widely used enhancer activity assays in human cells.
33923007,"(""land capability"" OR ""soil capability"" OR ""land suitability"") AND (""soil pollution"" OR ""soil contamination"" OR ""heavy metal*"" OR ""trace element*"" OR ""metal pollution"") AND (""pollution index"" OR ""geo-accumulation index"" OR ""enrichment factor"" OR ""pollution load index"" OR ""Nemerow"") AND (""principal component analysis"" OR ""PCA"" OR ""cluster analysis"") AND (""agricultural soil*"" OR ""arid soil*"" OR ""dryland"")",1,33923007,Assessment of Metals Concentrations in Soils of Abu Dhabi Emirate Using Pollution Indices and Multivariate Statistics.
33529123,"(""somatic cell nuclear transfer"" OR ""somatic cell transfer"" OR ""nuclear transfer"" OR SCNT OR cloning) AND (sheep OR ovine) AND (""zona-free"" OR ""zona free"" OR ""embryo aggregation"" OR ""morula aggregation"") AND (""blastocyst development"" OR ""cloning efficiency"" OR ""embryo reconstruction"" OR vitrification OR cryopreservation) AND (caffeine OR ""calcium-free"" OR ""cell cycle"" OR ""cyclin-dependent kinase"" OR ""cytoplast"" OR ""oocyte activation"")",1,33529123,"Controlled Cytoplast Arrest and Morula Aggregation Enhance Development, Cryoresilience, and In Vivo Survival of Cloned Sheep Embryos."
33529123,"(""somatic cell nuclear transfer"" OR ""somatic cell transfer"" OR ""nuclear transfer"" OR SCNT OR cloning) AND (sheep OR ovine) AND (""zona-free"" OR ""zona free"" OR ""embryo aggregation"" OR ""morula aggregation"") AND (""blastocyst development"" OR ""cloning efficiency"" OR ""embryo reconstruction"" OR vitrification OR cryopreservation) AND (caffeine OR ""calcium-free"" OR ""cell cycle"" OR ""cyclin-dependent kinase"" OR ""cytoplast"" OR ""oocyte activation"")",2,24210966,In vitro development of goat-sheep and goat-goat zona-free cloned embryos in different culture media.
37237607,"(""diabetic wound"" OR ""diabetes wound healing"" OR ""impaired wound healing"") AND (""zebrafish"" OR ""Danio rerio"") AND (""optical coherence tomography angiography"" OR ""OCTA"" OR ""optical coherence tomography"" OR ""OCT"") AND (""wound model"" OR ""wound healing model"" OR ""cutaneous wound"" OR ""skin wound"") AND (""angiogenesis"" OR ""vascularization"" OR ""tissue remodeling"")",1,37237607,Non-Invasive Monitoring of Cutaneous Wound Healing in Non-Diabetic and Diabetic Model of Adult Zebrafish Using OCT Angiography.
35528780,"(""harmful algal bloom"" OR ""harmful algae"" OR HAB) AND (""metatranscriptomics"" OR ""metatranscriptomic"" OR ""RNA-seq"" OR ""transcriptome"") AND (""Microcystis"" OR ""cyanobacteria"") AND (""sequence analysis"" OR ""bioinformatics"" OR ""annotation"" OR ""read recruitment"" OR ""taxonomic classification"" OR ""functional annotation"") AND (""Kaiju"" OR ""MG-RAST"" OR ""GhostKOALA"" OR ""BLAST"" OR ""genome recruitment"" OR ""composite genome"")",1,35528780,A comparative study of metatranscriptomic assessment methods to characterize Microcystis blooms.
33996275,"(""viral metagenomics"" OR ""viromics"" OR ""virome"" OR ""environmental virome"") AND (""ultrafiltration"" OR ""iron chloride flocculation"" OR ""iron flocculation"" OR ""FeCl3 flocculation"") AND (""virus concentration"" OR ""virus purification"" OR ""viral concentration"" OR ""viral enrichment"") AND (""wastewater"" OR ""seawater"" OR ""river water"" OR ""aquatic"" OR ""environmental water"") AND (""spike and recovery"" OR ""spike-and-recovery"" OR ""method comparison"" OR ""sample preparation"")",1,33996275,Comparison of ultrafiltration and iron chloride flocculation in the preparation of aquatic viromes from contrasting sample types.
32488088,"(""mitotic chromosome"" OR ""metaphase chromosome"" OR ""chromosome structure"" OR ""chromosome organization"") AND (""chromatin fiber"" OR ""chromatin fibre"" OR ""30-nm fiber"" OR ""30-nm fibre"" OR ""nucleosome"" OR ""higher-order chromatin"") AND (""focused ion beam"" OR ""FIB/SEM"" OR ""FIB-SEM"" OR ""scanning electron microscopy"" OR ""cross-section"" OR ""electron microscopy"") AND (""human"" OR ""chromatid"" OR ""chromosome packaging"" OR ""chromosome compaction"")",1,35544689,A proposed unified mitotic chromosome architecture.
32488088,"(""mitotic chromosome"" OR ""metaphase chromosome"" OR ""chromosome structure"" OR ""chromosome organization"") AND (""chromatin fiber"" OR ""chromatin fibre"" OR ""30-nm fiber"" OR ""30-nm fibre"" OR ""nucleosome"" OR ""higher-order chromatin"") AND (""focused ion beam"" OR ""FIB/SEM"" OR ""FIB-SEM"" OR ""scanning electron microscopy"" OR ""cross-section"" OR ""electron microscopy"") AND (""human"" OR ""chromatid"" OR ""chromosome packaging"" OR ""chromosome compaction"")",2,32445620,Human Condensin I and II Drive Extensive ATP-Dependent Compaction of Nucleosome-Bound DNA.
32488088,"(""mitotic chromosome"" OR ""metaphase chromosome"" OR ""chromosome structure"" OR ""chromosome organization"") AND (""chromatin fiber"" OR ""chromatin fibre"" OR ""30-nm fiber"" OR ""30-nm fibre"" OR ""nucleosome"" OR ""higher-order chromatin"") AND (""focused ion beam"" OR ""FIB/SEM"" OR ""FIB-SEM"" OR ""scanning electron microscopy"" OR ""cross-section"" OR ""electron microscopy"") AND (""human"" OR ""chromatid"" OR ""chromosome packaging"" OR ""chromosome compaction"")",3,20346642,Chromatin structure: does the 30-nm fibre exist in vivo?
32488088,"(""mitotic chromosome"" OR ""metaphase chromosome"" OR ""chromosome structure"" OR ""chromosome organization"") AND (""chromatin fiber"" OR ""chromatin fibre"" OR ""30-nm fiber"" OR ""30-nm fibre"" OR ""nucleosome"" OR ""higher-order chromatin"") AND (""focused ion beam"" OR ""FIB/SEM"" OR ""FIB-SEM"" OR ""scanning electron microscopy"" OR ""cross-section"" OR ""electron microscopy"") AND (""human"" OR ""chromatid"" OR ""chromosome packaging"" OR ""chromosome compaction"")",4,21703860,Electron microscopy and atomic force microscopy studies of chromatin and metaphase chromosome structure.
32488088,"(""mitotic chromosome"" OR ""metaphase chromosome"" OR ""chromosome structure"" OR ""chromosome organization"") AND (""chromatin fiber"" OR ""chromatin fibre"" OR ""30-nm fiber"" OR ""30-nm fibre"" OR ""nucleosome"" OR ""higher-order chromatin"") AND (""focused ion beam"" OR ""FIB/SEM"" OR ""FIB-SEM"" OR ""scanning electron microscopy"" OR ""cross-section"" OR ""electron microscopy"") AND (""human"" OR ""chromatid"" OR ""chromosome packaging"" OR ""chromosome compaction"")",5,35749363,A proposed unified interphase nucleus chromosome structure: Preliminary preponderance of evidence.
32488088,"(""mitotic chromosome"" OR ""metaphase chromosome"" OR ""chromosome structure"" OR ""chromosome organization"") AND (""chromatin fiber"" OR ""chromatin fibre"" OR ""30-nm fiber"" OR ""30-nm fibre"" OR ""nucleosome"" OR ""higher-order chromatin"") AND (""focused ion beam"" OR ""FIB/SEM"" OR ""FIB-SEM"" OR ""scanning electron microscopy"" OR ""cross-section"" OR ""electron microscopy"") AND (""human"" OR ""chromatid"" OR ""chromosome packaging"" OR ""chromosome compaction"")",6,16175370,Chromosome structure: improved immunolabeling for electron microscopy.
32488088,"(""mitotic chromosome"" OR ""metaphase chromosome"" OR ""chromosome structure"" OR ""chromosome organization"") AND (""chromatin fiber"" OR ""chromatin fibre"" OR ""30-nm fiber"" OR ""30-nm fibre"" OR ""nucleosome"" OR ""higher-order chromatin"") AND (""focused ion beam"" OR ""FIB/SEM"" OR ""FIB-SEM"" OR ""scanning electron microscopy"" OR ""cross-section"" OR ""electron microscopy"") AND (""human"" OR ""chromatid"" OR ""chromosome packaging"" OR ""chromosome compaction"")",7,32488088,Human metaphase chromosome consists of randomly arranged chromatin fibres with up to 30-nm diameter.
32488088,"(""mitotic chromosome"" OR ""metaphase chromosome"" OR ""chromosome structure"" OR ""chromosome organization"") AND (""chromatin fiber"" OR ""chromatin fibre"" OR ""30-nm fiber"" OR ""30-nm fibre"" OR ""nucleosome"" OR ""higher-order chromatin"") AND (""focused ion beam"" OR ""FIB/SEM"" OR ""FIB-SEM"" OR ""scanning electron microscopy"" OR ""cross-section"" OR ""electron microscopy"") AND (""human"" OR ""chromatid"" OR ""chromosome packaging"" OR ""chromosome compaction"")",8,593413,Nucleosome-DNA-coil in fibres of a human metaphase chromosome.
32488088,"(""mitotic chromosome"" OR ""metaphase chromosome"" OR ""chromosome structure"" OR ""chromosome organization"") AND (""chromatin fiber"" OR ""chromatin fibre"" OR ""30-nm fiber"" OR ""30-nm fibre"" OR ""nucleosome"" OR ""higher-order chromatin"") AND (""focused ion beam"" OR ""FIB/SEM"" OR ""FIB-SEM"" OR ""scanning electron microscopy"" OR ""cross-section"" OR ""electron microscopy"") AND (""human"" OR ""chromatid"" OR ""chromosome packaging"" OR ""chromosome compaction"")",9,1065762,Human chromatin and chromosomes studied by scanning electron microscopy: progress and perspectives.
32488088,"(""mitotic chromosome"" OR ""metaphase chromosome"" OR ""chromosome structure"" OR ""chromosome organization"") AND (""chromatin fiber"" OR ""chromatin fibre"" OR ""30-nm fiber"" OR ""30-nm fibre"" OR ""nucleosome"" OR ""higher-order chromatin"") AND (""focused ion beam"" OR ""FIB/SEM"" OR ""FIB-SEM"" OR ""scanning electron microscopy"" OR ""cross-section"" OR ""electron microscopy"") AND (""human"" OR ""chromatid"" OR ""chromosome packaging"" OR ""chromosome compaction"")",10,33615407,Surface structures consisting of chromatin fibers in isolated barley (Hordeum vulgare) chromosomes revealed by helium ion microscopy.
39664262,"(""phytoplankton"" OR ""microalgae"") AND (""long-read sequencing"" OR ""nanopore sequencing"" OR ""PacBio"" OR ""third-generation sequencing"") AND (""rRNA"" OR ""18S"" OR ""28S"" OR ""ITS"" OR ""ribosomal RNA"") AND (""marine"" OR ""ocean"" OR ""aquatic"") AND (""isolation"" OR ""culture"" OR ""strain"") AND (""taxonomy"" OR ""taxonomic"" OR ""identification"" OR ""barcode"" OR ""reference database"" OR ""molecular identification"")",1,39664262,Identification of phytoplankton isolates from the eastern Canadian waters using long-read sequencing.
39664262,"(""phytoplankton"" OR ""microalgae"") AND (""long-read sequencing"" OR ""nanopore sequencing"" OR ""PacBio"" OR ""third-generation sequencing"") AND (""rRNA"" OR ""18S"" OR ""28S"" OR ""ITS"" OR ""ribosomal RNA"") AND (""marine"" OR ""ocean"" OR ""aquatic"") AND (""isolation"" OR ""culture"" OR ""strain"") AND (""taxonomy"" OR ""taxonomic"" OR ""identification"" OR ""barcode"" OR ""reference database"" OR ""molecular identification"")",2,40503882,"Two novel Patescibacteria: Phycocordibacter aenigmaticus gen. nov. sp. nov. and Minusculum obligatum gen. nov. sp. nov., both associated with microalgae optimized for carbon dioxide sequestration from flue gas."
28877184,"(""WetLab-2"" OR ""wet lab"" OR ""molecular biology laboratory"" OR ""gene expression analysis"") AND (""microgravity"" OR ""space station"" OR ""International Space Station"" OR ""ISS"" OR ""on-orbit"") AND (""PCR"" OR ""quantitative PCR"" OR ""real-time PCR"" OR ""RT-qPCR"" OR ""reverse transcriptase"" OR ""RNA extraction"" OR ""gene expression"") AND (""space biology"" OR ""spaceflight"" OR ""microgravity biology"" OR ""space exploration"" OR ""astronaut"" OR ""space laboratory"")",1,37238741,Space Environment Impacts Homeostasis: Exposure to Spaceflight Alters Mammary Gland Transportome Genes.
28877184,"(""WetLab-2"" OR ""wet lab"" OR ""molecular biology laboratory"" OR ""gene expression analysis"") AND (""microgravity"" OR ""space station"" OR ""International Space Station"" OR ""ISS"" OR ""on-orbit"") AND (""PCR"" OR ""quantitative PCR"" OR ""real-time PCR"" OR ""RT-qPCR"" OR ""reverse transcriptase"" OR ""RNA extraction"" OR ""gene expression"") AND (""space biology"" OR ""spaceflight"" OR ""microgravity biology"" OR ""space exploration"" OR ""astronaut"" OR ""space laboratory"")",2,28877184,Microgravity validation of a novel system for RNA isolation and multiplex quantitative real time PCR analysis of gene expression on the International Space Station.
28877184,"(""WetLab-2"" OR ""wet lab"" OR ""molecular biology laboratory"" OR ""gene expression analysis"") AND (""microgravity"" OR ""space station"" OR ""International Space Station"" OR ""ISS"" OR ""on-orbit"") AND (""PCR"" OR ""quantitative PCR"" OR ""real-time PCR"" OR ""RT-qPCR"" OR ""reverse transcriptase"" OR ""RNA extraction"" OR ""gene expression"") AND (""space biology"" OR ""spaceflight"" OR ""microgravity biology"" OR ""space exploration"" OR ""astronaut"" OR ""space laboratory"")",3,34666498,Cell-Free Mitochondrial DNA as a Potential Biomarker for Astronauts' Health.
28877184,"(""WetLab-2"" OR ""wet lab"" OR ""molecular biology laboratory"" OR ""gene expression analysis"") AND (""microgravity"" OR ""space station"" OR ""International Space Station"" OR ""ISS"" OR ""on-orbit"") AND (""PCR"" OR ""quantitative PCR"" OR ""real-time PCR"" OR ""RT-qPCR"" OR ""reverse transcriptase"" OR ""RNA extraction"" OR ""gene expression"") AND (""space biology"" OR ""spaceflight"" OR ""microgravity biology"" OR ""space exploration"" OR ""astronaut"" OR ""space laboratory"")",4,32315311,Inhibition of myostatin prevents microgravity-induced loss of skeletal muscle mass and strength.
28877184,"(""WetLab-2"" OR ""wet lab"" OR ""molecular biology laboratory"" OR ""gene expression analysis"") AND (""microgravity"" OR ""space station"" OR ""International Space Station"" OR ""ISS"" OR ""on-orbit"") AND (""PCR"" OR ""quantitative PCR"" OR ""real-time PCR"" OR ""RT-qPCR"" OR ""reverse transcriptase"" OR ""RNA extraction"" OR ""gene expression"") AND (""space biology"" OR ""spaceflight"" OR ""microgravity biology"" OR ""space exploration"" OR ""astronaut"" OR ""space laboratory"")",5,42181260,Extracellular vesicle transcriptomic analysis to investigate muscle adaptation in microgravity.
28877184,"(""WetLab-2"" OR ""wet lab"" OR ""molecular biology laboratory"" OR ""gene expression analysis"") AND (""microgravity"" OR ""space station"" OR ""International Space Station"" OR ""ISS"" OR ""on-orbit"") AND (""PCR"" OR ""quantitative PCR"" OR ""real-time PCR"" OR ""RT-qPCR"" OR ""reverse transcriptase"" OR ""RNA extraction"" OR ""gene expression"") AND (""space biology"" OR ""spaceflight"" OR ""microgravity biology"" OR ""space exploration"" OR ""astronaut"" OR ""space laboratory"")",6,34422812,Meta-Analysis-Assisted Detection of Gravity-Sensitive Genes in Human Vascular Endothelial Cells.
28877184,"(""WetLab-2"" OR ""wet lab"" OR ""molecular biology laboratory"" OR ""gene expression analysis"") AND (""microgravity"" OR ""space station"" OR ""International Space Station"" OR ""ISS"" OR ""on-orbit"") AND (""PCR"" OR ""quantitative PCR"" OR ""real-time PCR"" OR ""RT-qPCR"" OR ""reverse transcriptase"" OR ""RNA extraction"" OR ""gene expression"") AND (""space biology"" OR ""spaceflight"" OR ""microgravity biology"" OR ""space exploration"" OR ""astronaut"" OR ""space laboratory"")",7,37767028,Modulation of wheatgrass (Triticum aestivum Linn) toxicity against breast cancer cell lines by simulated microgravity.
28877184,"(""WetLab-2"" OR ""wet lab"" OR ""molecular biology laboratory"" OR ""gene expression analysis"") AND (""microgravity"" OR ""space station"" OR ""International Space Station"" OR ""ISS"" OR ""on-orbit"") AND (""PCR"" OR ""quantitative PCR"" OR ""real-time PCR"" OR ""RT-qPCR"" OR ""reverse transcriptase"" OR ""RNA extraction"" OR ""gene expression"") AND (""space biology"" OR ""spaceflight"" OR ""microgravity biology"" OR ""space exploration"" OR ""astronaut"" OR ""space laboratory"")",8,25654111,A whole-genome microarray study of Arabidopsis thaliana semisolid callus cultures exposed to microgravity and nonmicrogravity related spaceflight conditions for 5 days on board of Shenzhou 8.
28877184,"(""WetLab-2"" OR ""wet lab"" OR ""molecular biology laboratory"" OR ""gene expression analysis"") AND (""microgravity"" OR ""space station"" OR ""International Space Station"" OR ""ISS"" OR ""on-orbit"") AND (""PCR"" OR ""quantitative PCR"" OR ""real-time PCR"" OR ""RT-qPCR"" OR ""reverse transcriptase"" OR ""RNA extraction"" OR ""gene expression"") AND (""space biology"" OR ""spaceflight"" OR ""microgravity biology"" OR ""space exploration"" OR ""astronaut"" OR ""space laboratory"")",9,27203085,Combined Exposure to Simulated Microgravity and Acute or Chronic Radiation Reduces Neuronal Network Integrity and Survival.
28877184,"(""WetLab-2"" OR ""wet lab"" OR ""molecular biology laboratory"" OR ""gene expression analysis"") AND (""microgravity"" OR ""space station"" OR ""International Space Station"" OR ""ISS"" OR ""on-orbit"") AND (""PCR"" OR ""quantitative PCR"" OR ""real-time PCR"" OR ""RT-qPCR"" OR ""reverse transcriptase"" OR ""RNA extraction"" OR ""gene expression"") AND (""space biology"" OR ""spaceflight"" OR ""microgravity biology"" OR ""space exploration"" OR ""astronaut"" OR ""space laboratory"")",10,28529490,Microgravity-Induced Transcriptome Adaptation in Mouse Paraspinal longissimus dorsi Muscle Highlights Insulin Resistance-Linked Genes.
