pmid,target_protocol_ids,queries_issued,candidate_urls,is_hit,hit_rank
26406119,121687,"[""PGBD5 transposase DNA transposition human cells protocols.io"", ""piggyBac transposon excision insertion TTAA protocol protocols.io"", ""PGBD5 transposase genomic DNA transposition protocol site:protocols.io"", ""protocols.io transposon excision insertion assay human cells HEK293 genomic PCR antibiotic selection""]","[""https://www.protocols.io/view/piggybac-transfection-ipsc-bu4anyse"", ""https://www.protocols.io/view/mammalian-calling-cards-quick-start-guide-81wgb14bovpk/v1"", ""https://www.protocols.io/view/transposase-injection-mix-protocol-4a6gshe.html"", ""https://www.protocols.io/view/indi-piggybac-to-hngn2-transfection-protocol-versi-q26g744b1gwz/v1"", ""https://www.protocols.io/view/cell-culture-transfection-of-hek293-with-cdna-and-14egnonpl5dy/v1"", ""https://www.protocols.io/view/culture-and-transfection-of-hek293t-cells-eq2lynkzpvx9/v1"", ""https://www.protocols.io/view/smrt-tag-direct-transposition-of-native-dna-for-se-cnxhvfj6""]",False,
37242601,122031,"[""schistosomiasis drug discovery praziquantel schistosomula ex vivo assay protocols.io"", ""protocols.io schistosome drug discovery ChEMBL phenotypic screening"", ""protocols.io schistosomula ex vivo anti-schistosomal assay adult worm egg production"", ""protocols.io \""Schistosoma mansoni\"" schistosomula phenotypic screening drug discovery protocol"", ""protocols.io \""schistosoma\"" \""schistosomula\"" \""adult worm\"" drug screening RNAi ChEMBL fimepinostat epoxomicin""]","[""https://www.protocols.io/view/schistosoma-mansoni-cercariae-transformation-witho-csavwae6.html"", ""https://www.protocols.io/view/schistosoma-mansoni-newly-transformed-schistosomul-bpvtmn6n"", ""https://www.protocols.io/view/schistosoma-mansoni-adult-worm-drug-screening-assay-bpwvmpn6"", ""https://www.protocols.io/view/schistosoma-mansoni-ex-vivo-adult-worm-drug-screen-n2bvj8n6"", ""https://www.protocols.io/view/schistosoma-mansoni-schistosomula-drug-screening-b-bpxvmpn6"", ""https://www.protocols.io/view/schistosoma-mansoni-egg-production-inhibition-assay-bqbvmsn6"", ""https://www.protocols.io/view/schistosoma-mansoni-cercariae-transformation-to-sc-brvtm8n6"", ""https://www.protocols.io/view/chembl-target-prediction-schistosome-drug-discover-bpzvmpn6"", ""https://www.protocols.io/view/schistosoma-mansoni-rnai-schistosomula-screening-bp2vmqn6"", ""https://www.protocols.io/view/schistosoma-mansoni-adult-worm-ex-vivo-culture-egg-bpwvmpn8""]",False,
28009756,121741,"[""auxiliary partial liver transplantation rat protocol protocols.io"", ""protocols.io retrorsine liver transplantation rat model"", ""protocols.io rat liver transplantation GFP transgenic immunofluorescence cell recruitment"", ""protocols.io auxiliary partial liver transplantation arterial anastomosis retrorsine GFP rat""]","[""https://www.protocols.io/view/surgical-model-of-auxiliary-partial-liver-transpla-3byl4w4wrvo5/v1""]",True,1
30940689,122070,"[""stLFR single-tube long fragment read protocol protocols.io"", ""stLFR cobarcoding library preparation protocol protocols.io"", ""stLFR whole genome sequencing library preparation BGI protocols.io site:protocols.io""]","[""https://www.protocols.io/view/stlfr-library-construction-bpwxmpfn"", ""https://www.protocols.io/view/stlfr-library-construction-14egnz2yyg5d/v1"", ""https://www.protocols.io/view/stlfr-library-construction-for-snake-genomes-n2bvj8z4xgk5/v1"", ""https://www.protocols.io/view/bgiseq-500-wgs-library-construction-ps5dng6"", ""https://www.protocols.io/view/bgiseq-500-library-construction-protocol-iamcac6"", ""https://www.protocols.io/view/massively-parallel-long-read-sequencing-of-single-8d9hs96"", ""https://www.protocols.io/view/whole-genome-sequencing-preparation-yxmvmyoq9v3p/v1"", ""https://www.protocols.io/view/sequencing-library-preparation-x54v9qk1l3eq/v1"", ""https://www.protocols.io/view/a-step-by-step-beginner-s-protocol-for-whole-genom-4xxgxpn"", ""https://www.protocols.io/view/multi-seq-barcoding-and-library-preparation-kxygx3xzkg8j/v1""]",False,
39237830,51194|55936,"[""DiMeLo-seq protocol protocols.io Altemose"", ""DiMeLo-seq directed methylation long-read sequencing protocols.io"", ""DiMeLo-seq Nanopore library preparation protocol protocols.io Altemose Maslan""]","[""https://www.protocols.io/view/dimelo-seq-directed-methylation-with-long-read-seq-b2u8qezw"", ""https://www.protocols.io/view/dimelo-seq-directed-methylation-with-long-read-seq-n2bvjxe4wlk5/v2"", ""https://www.protocols.io/view/dimelo-seq-directed-methylation-with-long-read-seq-n2bvjxe4wlk5"", ""https://www.protocols.io/view/dimelo-seq-directed-methylation-with-long-read-seq-bv8tn9wn"", ""https://www.protocols.io/view/cas9-enrichment-for-dimelo-sequencing-5jyl8p8n7g2w/v1"", ""https://www.protocols.io/view/alphahor-res-a-method-for-enriching-centromeric-dn-bv9vn966"", ""https://www.protocols.io/view/purification-and-activity-testing-for-nanobody-hia-g3iibykcf.html"", ""https://www.protocols.io/view/dna-extraction-and-nanopore-library-prep-from-15-3-bdfqi3mw"", ""https://www.protocols.io/view/sqk-map005-protocol-for-library-preparation-for-na-gvubw6w"", ""https://www.protocols.io/view/nanoseq-dna-library-preparation-protocol-eq2lyqomevx9/v1""]",True,1
29735996,122009,"[""C-BERST dCas9 APEX2 biotinylation genomic loci proteomics protocol protocols.io"", ""dCas9-APEX2 telomere centromere proteome mapping protocol protocols.io"", ""protocols.io C-BERST APEX2 streptavidin pulldown mass spectrometry genomic loci""]","[""https://www.protocols.io/view/mapping-subnuclear-proteomes-onto-genome-architect-81wgbreeolpk/v1"", ""https://www.protocols.io/view/apex2-labelling-and-screening-for-biotinylated-pro-dm6gpj8qjgzp/v1"", ""https://www.protocols.io/view/apex2-based-proximity-biotinylation-of-nlrp3-and-p-5qpvok55zl4o/v1"", ""https://www.protocols.io/view/axonal-proteome-analysis-and-western-blot-via-apex-g2rpbyd5p.html"", ""https://www.protocols.io/view/crispr-cas9-apex-mediated-proximity-labeling-glop-bkhzkf56"", ""https://www.protocols.io/view/apex2-proximity-labeling-biotinylation-streptavidi-zbdfi26"", ""https://www.protocols.io/view/dcas9-based-genomic-locus-proteomics-btpvnmn6"", ""https://www.protocols.io/view/apex2-based-proximity-labeling-in-mammalian-cells-bvt8n6rw"", ""https://www.protocols.io/view/proximity-labeling-apex2-biotin-phenol-streptavidi-x5xfq5n"", ""https://www.protocols.io/view/cas9-chromatin-associated-protein-identification-c-6qpvrop5zgmk/v1""]",True,1
41676688,44774,"[""C. elegans aggregation behavior protocol protocols.io"", ""protocols.io Caenorhabditis elegans collective behavior aggregation assay GWAS natural populations"", ""protocols.io Siyu Serena Ding C. elegans aggregation natural variation wild strains"", ""protocols.io \""C. elegans\"" \""aggregation\"" \""NGM\"" \""OP50\"" \""wild isolate\"" behavior assay worm imaging""]","[""https://www.protocols.io/view/fluorescence-aggregation-imaging-vx9e7r6"", ""https://www.protocols.io/view/fluorescence-aggregation-imaging-vx9e7r6.html"", ""https://www.protocols.io/view/bleach-synchronisation-of-c-elegans-2bzgap6"", ""https://www.protocols.io/view/bleach-life-stage-synchronization-of-c-elegans-dj264qhe.html"", ""https://www.protocols.io/view/worm-synchronization-protocol-bleaching-3byl4b5xovo5/v1"", ""https://www.protocols.io/view/sychronisation-of-c-elegans-jw2fcpgbp"", ""https://www.protocols.io/view/c-elegans-culture-and-maintenance-j8nlk8y6wl5r/v1"", ""https://www.protocols.io/view/chemical-ecology-in-the-classroom-chemotaxis-assay-c2c2yaye.html"", ""https://www.protocols.io/view/bleach-synchronisation-of-c-elegans-2bzgap6.html"", ""https://www.protocols.io/view/14egn514yg5d""]",False,
36460793,22144,"[""protocols.io scRNA-seq snRNA-seq colon liver parallel comparison"", ""protocols.io single nucleus RNA sequencing frozen tissue dissociation protocol"", ""protocols.io 10x Chromium single cell RNA sequencing fresh tissue dissociation colon liver"", ""protocols.io snRNA-seq nuclei isolation colon liver frozen tissue 10x Genomics""]","[""https://www.protocols.io/view/nuclei-isolation-from-fresh-frozen-human-colon-tis-5jyl8pn17g2w/v1"", ""https://www.protocols.io/view/protocol-for-nuclei-isolation-from-fresh-and-froze-bdeni3de/guidelines"", ""https://www.protocols.io/view/frankenstein-protocol-for-nuclei-isolation-from-f-n92ld98nxg5b/v1"", ""https://www.protocols.io/view/39-frankenstein-protocol-for-nuclei-isolation-fro-dm6gpwzqplzp/v2"", ""https://www.protocols.io/view/protocol-for-nuclei-isolation-from-fresh-and-froze-5jyl8m9edg2w/v2"", ""https://www.protocols.io/view/protocol-for-nuclei-isolation-from-fresh-and-froze-kqdg36ybzg25/v5"", ""https://www.protocols.io/view/human-liver-tissue-dissociation-for-10x-single-cel-vhue36w"", ""https://www.protocols.io/view/human-liver-caudate-lobe-dissociation-for-scrna-se-m9sc96e"", ""https://www.protocols.io/view/frozen-tissue-dissociation-for-single-nucleus-rna-5k5g4y6.html"", ""https://www.protocols.io/view/facs-nuclei-isolation-di474gzn.html""]",False,
41457950,259411,"[""protocols.io plasma p-tau217 immunoassay heterophilic antibody Alzheimer"", ""protocols.io phosphorylated tau 217 blood biomarker immunoassay protocol"", ""protocols.io p-tau217 heterophilic antibody immunoassay interference plasma"", ""protocols.io heterophilic antibody blocking immunoassay interference tau biomarker""]",[],False,
41053825,121607,"[""Parkinson's disease gut microbiome multi-omics meta-metabolomics metatranscriptomics protocol protocols.io"", ""protocols.io gut microbiome metagenomics metatranscriptomics metabolomics Parkinson's disease"", ""protocols.io metagenomics metatranscriptomics metaproteomics meta-metabolomics stool fecal integrated multi-omics microbiome"", ""protocols.io Expobiome iRBD Parkinson metatranscriptomics metaproteomics fecal microbiome"", ""protocols.io Vandeputte OR Raes OR Vieira-Silva gut microbiome metagenomics metatranscriptomics metaproteomics metabolomics fecal DNA RNA extraction""]","[""https://www.protocols.io/view/protocol-for-whole-shotgun-metagenomics-pipeline-f-5qpvo9ox7v4o/v1"", ""https://www.protocols.io/view/protocol-for-metagenomics-sampling-storage-and-seq-dckc2usw"", ""https://www.protocols.io/view/protocol-for-metagenomics-sampling-storage-and-seq-e6nvw15dwlmk/v1"", ""https://www.protocols.io/view/metagenomics-of-parkinsons-disease-implicates-the-gut-microbiome-kww2bixhp"", ""https://www.protocols.io/workspaces/glomicon"", ""https://www.protocols.io/view/fecal-dna-rna-co-extraction-for-integrated-metagenomics-metatranscriptomics-bpvfmn3n"", ""https://www.protocols.io/view/human-gut-metatranscriptomics-rna-extraction-and-sequencing-n2bvj6e6blk5/v1"", ""https://www.protocols.io/view/integrated-multi-omics-microbiome-sample-preparation-b2epqbe5"", ""https://www.protocols.io/view/fecal-metaproteomics-sample-preparation-and-lc-ms-ms-analysis-bcuuiuwe"", ""https://www.protocols.io/view/untargeted-fecal-metabolomics-nmr-and-lc-ms-for-gut-microbiome-studies-bp2l6xp5e""]",False,
41413855,239360,"[""protocols.io GBLUP WGBLUP genomic selection beef cattle simulation protocol"", ""protocols.io genomic prediction linkage disequilibrium reference population livestock"", ""protocols.io genomic selection simulation GBLUP WGBLUP mixed reference population SNP cattle"", ""protocols.io site:protocols.io genomic breeding value prediction beef cattle simulation""]",[],False,
42082551,310914,"[""protocols.io NLRP3 inflammasome ASC-GFP speck live-cell imaging"", ""protocols.io NLRP3 inflammasome pyroptosis ASC speck tracking protocol"", ""protocols.io ASC speck single-cell live imaging nigericin ATP monosodium urate THP-1"", ""protocols.io NLRP3 inflammasome live cell imaging IL-1beta IL-18 pyroptosis single cell"", ""protocols.io \""ASC speck\"" \""live cell\"" OR \""live-cell\"" imaging inflammasome nigericin ATP MSU protocol""]",[],False,
28945705,116161,"[""SLAM seq SH-linked alkylation metabolic RNA sequencing protocol protocols.io"", ""4-thiouridine s4U RNA labeling sequencing protocol protocols.io"", ""SLAMseq metabolic RNA labeling iodoacetamide protocols.io site:protocols.io""]","[""https://www.protocols.io/view/thiol-linked-alkylation-for-the-metabolic-sequenci-dm6gp9dm8vzp/v1"", ""https://www.protocols.io/view/thiol-linked-alkylation-for-the-metabolic-sequenci-dvn965h6"", ""https://www.protocols.io/view/nascent-rna-4su-labelling-and-enrichment-x54v9rxzqv3e/v1"", ""https://www.protocols.io/view/nasc-seq-new-transcriptome-alkylation-dependent-si-whtfb6n"", ""https://www.protocols.io/view/scnt-seq2-single-cell-metabolically-labelled-new-r-de4h3gt6"", ""https://www.protocols.io/view/transient-transcriptome-sequencing-experimental-pr-3vzgn76""]",True,2
41652543,33432|43337,"[""protocols.io plant genome sequencing Oxford Nanopore long-read genomics workflow"", ""protocols.io ONT plant genome assembly long-read sequencing protocol"", ""protocols.io plant genome sequencing project planning DNA extraction HMW ONT newcomers guidelines"", ""protocols.io \""plant long-read genomics\"" OR \""plant genome sequencing\"" ONT workflow biodiversity phylogenetic""]","[""https://www.protocols.io/view/plant-assemble-plant-de-novo-genome-assembly-assem-b6hirb4e"", ""https://www.protocols.io/view/plant-assemble-plant-de-novo-genome-assembly-scaff-b6hgrb3w"", ""https://www.protocols.io/view/plant-assemble-plant-de-novo-genome-assembly-quali-e6nvw578zvmk/v2/v1"", ""https://www.protocols.io/view/long-read-plant-genome-assembly-and-annotation-sca-ewov14bz7vr2/v1"", ""https://www.protocols.io/view/plant-dna-extraction-and-preparation-for-ont-seque-kxygxenmkv8j/v1"", ""https://www.protocols.io/view/total-high-molecular-weight-dna-extraction-from-pl-b5qyq5xw"", ""https://www.protocols.io/view/hmw-dna-extraction-from-diverse-plants-species-for-5t7g6rn"", ""https://www.protocols.io/view/de-novo-genome-protocol-from-only-ont-reads-dciq2udw"", ""https://www.protocols.io/view/ultra-long-read-sequencing-protocol-for-oxford-nan-5qpvodxxg4o1/v1"", ""https://www.protocols.io/view/scalable-high-molecular-weight-dna-extraction-for-bnjhmcj6""]",True,10
34596274,247022,"[""protocols.io glucose tolerance test mice preclinical diabetes"", ""protocols.io fasting blood glucose mice experimental protocol"", ""protocols.io continuous glucose monitoring mice insulin tolerance test diabetes"", ""protocols.io hyperinsulinemic euglycemic clamp mouse glucose homeostasis""]","[""https://www.protocols.io/view/ip-glucose-tolerance-test-in-mouse-wxhffj6"", ""https://www.protocols.io/view/oral-glucose-tolerance-test-in-mouse-ujjeukn"", ""https://www.protocols.io/view/case-intraperitoneal-glucose-tolerance-test-14egnxmqml5d/v1"", ""https://www.protocols.io/view/intraperitoneal-glucose-tolerance-testing-ipgtt-3g7gjzn"", ""https://www.protocols.io/view/glucose-tolerance-test-261geddodv47/v1"", ""https://www.protocols.io/view/insulin-tolerance-test-in-mouse-wxjffkn"", ""https://www.protocols.io/view/u-mass-hyperinsulinemic-euglycemic-clamp-xzefp3e""]",False,
28530655,121893|121894,"[""Tuba-seq tumor barcoding ultradeep barcode sequencing protocols.io"", ""protocols.io CRISPR Cas9 lung adenocarcinoma mouse model tumor suppressor barcoding"", ""protocols.io Tuba-seq lentiviral barcoding lung tumor sequencing library"", ""protocols.io \""Tuba-seq\"" OR \""tumor barcoding\"" CRISPR lung cancer mouse site:protocols.io""]","[""https://www.protocols.io/view/barcoding-lentiviral-cre-vectors-for-use-in-experi-ewov1dwxpvr2/v1"", ""https://www.protocols.io/view/barseq-in-situ-library-preparation-and-sequencing-bdedi3a6"", ""https://www.protocols.io/view/multi-seq-barcoding-and-library-preparation-kxygx3xzkg8j/v1"", ""https://www.protocols.io/view/ncov-2019-sequencing-protocol-rapid-barcoding-1200-bgggjttw"", ""https://www.protocols.io/view/crispr-cas9-genome-editing-in-mice-bmr5k586"", ""https://www.protocols.io/view/lentiviral-production-and-transduction-6qpvr4n7bvmk"", ""https://www.protocols.io/view/intratracheal-instillation-in-mice-bvken3ke"", ""https://www.protocols.io/view/illumina-library-preparation-amplicon-sequencing-bhf2j3qe"", ""https://www.protocols.io/view/genomic-dna-extraction-from-mouse-lung-tissue-bscenaue"", ""https://www.protocols.io/view/mouse-lung-tumor-quantification-bpf2mjqn""]",True,1
25665179,121611,"[""protocols.io cell-SELEX aptamer lipid nanoparticles siRNA osteoblast"", ""protocols.io CH6 aptamer LNP siRNA bone osteoblast delivery"", ""protocols.io Plekho1 siRNA osteoblast bone anabolic RNAi lipid nanoparticle cell-SELEX"", ""protocols.io \""aptamer-functionalized lipid nanoparticles\"" siRNA osteoblast bone""]","[""https://www.protocols.io/view/preparation-of-aptamer-functionalized-lipid-nanopa-n92ldrx99g5b/v1"", ""https://www.protocols.io/view/plate-cell-selex-rm7vz88bxvx1/v1"", ""https://www.protocols.io/view/cell-selex-aptamer-selection-protocol-bpskmnew/v1"", ""https://www.protocols.io/view/preparation-of-lipid-nanoparticles-lnps-for-sirna-b2msqc6e/v1"", ""https://www.protocols.io/view/lipid-nanoparticle-formulation-for-nucleic-acid-de-bvt8n6rw/v1"", ""https://www.protocols.io/view/sirna-lipid-nanoparticle-preparation-by-ethanol-in-bpvgmm3w/v1"", ""https://www.protocols.io/view/aptamer-conjugation-to-lipid-nanoparticles-post-in-6qpvr4n7bvmk/v1"", ""https://www.protocols.io/view/osteoblast-cell-culture-and-differentiation-assay-bdpsi5ne/v1"", ""https://www.protocols.io/view/in-vivo-bone-microarchitecture-analysis-by-micro-c-bpd6mi3e/v1"", ""https://www.protocols.io/view/rna-interference-rnai-gene-silencing-in-primary-ce-bscfnaven/v1""]",True,1
35853087,45556,"[""protocols.io retracted articles citing entities methodology topic modeling"", ""protocols.io retraction citation analysis sentiment topic modeling protocol"", ""protocols.io Heibi Peroni retracted articles citation analysis protocol"", ""protocols.io \""retracted articles\"" \""citing\"" \""sentiment\"" OR \""topic modeling\"" OR \""OpenCitations\"" site:protocols.io""]","[""https://www.protocols.io/view/a-methodology-for-gathering-and-annotating-the-raw-bdc4i2yw"", ""https://dx.doi.org/10.17504/protocols.io.bdc4i2yw"", ""https://www.protocols.io/view/coverage-of-doaj-journals-39-citations-through-ope-cdbjs2kn.html"", ""https://www.protocols.io/view/protocol-proci-defm3bk6.html"", ""https://www.protocols.io/view/open-citation-analysis-retracted-articles-humanities"", ""https://www.protocols.io/view/wakefield-retraction-citation-analysis-protocol"", ""https://www.protocols.io/view/citation-sentiment-analysis-retracted-publications"", ""https://www.protocols.io/view/topic-modeling-citing-entities-retracted-articles"", ""https://www.protocols.io/view/opencitations-metadata-extraction-protocol"", ""https://www.protocols.io/view/crossref-api-metadata-retrieval-scholarly-articles""]",True,1
28394336,121866,"[""MSFragger open database search proteomics protocol protocols.io"", ""fragment ion indexing peptide identification mass spectrometry protocol protocols.io"", ""protocols.io MSFragger FragPipe open search post-translational modifications workflow"", ""protocols.io \""MSFragger\"" \""open search\"" site:protocols.io""]","[""https://www.protocols.io/view/using-msfragger-for-ultrafast-database-searching-36wgqdzekvk5/v1"", ""https://www.protocols.io/view/lcm-nanopots-workflow-for-spatial-proteome-mapping-ddya27se"", ""https://www.protocols.io/view/pre-processing-proteomics-data-with-the-alpaca-pip-dm6gp95j5vzp/v1"", ""https://www.protocols.io/view/protein-digestion-and-mass-spectrometry-analysis-p-4r3l2261ql1y/v1"", ""https://www.protocols.io/view/discovery-proteomic-dia-lc-ms-ms-data-acquisition-e6nvwk1z7vmk/v2"", ""https://www.protocols.io/view/pre-processing-proteomics-data-with-the-alpaca-pip-dxpd7mi6""]",True,1
30010754,12801,"[""protocols.io Betta splendens genome assembly Hi-C"", ""protocols.io de novo genome assembly Hi-C chromosome level fish"", ""protocols.io Betta splendens genome DNA extraction library preparation sequencing"", ""protocols.io \""Betta splendens\"" genome site:protocols.io""]","[""https://www.protocols.io/view/high-quality-reference-genome-of-the-siamese-fight-81wgbj43vpko/v1"", ""https://www.protocols.io/view/high-quality-reference-genome-of-the-siamese-fight-qvddw26"", ""https://www.protocols.io/view/the-pipeline-of-hi-c-assembly-rm7vz4b5lx1w/v1"", ""https://www.protocols.io/view/the-pipeline-of-hi-c-assembly-qradv2e"", ""https://protocols.io/view/an-analytical-pipeline-of-assembly-and-annotation-qq9dvz6"", ""https://www.protocols.io/view/dna-extraction-for-the-betta-splendens-genome-6qpvrbpblmkn/v1"", ""https://www.protocols.io/view/rna-extraction-for-the-betta-splendens-genome-n92ld4wol5br/v1""]",True,5
31873830,121278,"[""protocols.io satellite cells skeletal muscle primary culture myoblast myotube pig"", ""protocols.io myoblast isolation satellite cells impedance proliferation differentiation"", ""protocols.io porcine satellite cell isolation primary culture myoblast PAX7 MYOD MYOG"", ""protocols.io Kalbe Metzger pig muscle satellite cell pool xCELLigence impedance"", ""protocols.io primary muscle cell isolation pig myoblast differentiation myotube site:protocols.io""]","[""https://www.protocols.io/view/isolation-and-culture-of-individual-myofibers-and-bqxdmxi6"", ""https://www.protocols.io/view/bovine-satellite-cell-pax7-icc-n2bvjrprxlk5/v1"", ""https://www.protocols.io/view/bovine-satellite-cell-pax7-icc-bp2l643bzvqe/v1"", ""https://www.protocols.io/view/t-cell-cytotoxicity-xcelligence-platform-5jyl8nnx7l2w/v1"", ""https://www.protocols.io/view/primary-myoblast-isolation-and-culture-from-skelet-bpq5mmy6"", ""https://www.protocols.io/view/satellite-cell-isolation-and-primary-myoblast-cult-bp2mmy46"", ""https://www.protocols.io/view/skeletal-muscle-satellite-cell-isolation-and-cultu-bprjmm46"", ""https://www.protocols.io/view/isolation-of-primary-myoblasts-from-skeletal-muscl-bckfiwtn"", ""https://www.protocols.io/view/myoblast-differentiation-into-myotubes-bck9iyw6"", ""https://www.protocols.io/view/real-time-cell-analysis-rtca-proliferation-assay-b4kfqwtn""]",False,
39596330,237311,"[""RNase H1 R-loop RNA-DNA hybrid kinetics protocol site:protocols.io"", ""protocols.io RNase H cleavage R-loop fluorescence kinetics"", ""protocols.io Kuznetsova Kuznetsov R-loop RNase H fluorescence anisotropy kinetics"", ""protocols.io \""R-loop\"" \""RNase H\"" \""RNA-DNA hybrid\"" dissociation constant fluorescence anisotropy gel electrophoresis""]","[""https://www.protocols.io/view/rapid-method-for-measuring-dna-binding-to-protein-261ger7wdl47/v1"", ""https://www.protocols.io/view/dna-analysis-by-native-polyacrylamide-gel-electrop-rm7vzqpxvx1w/v2"", ""https://www.protocols.io/view/rna-concentration-measurement-and-non-denaturing-a-2v5ge86"", ""https://www.protocols.io/view/in-vitro-transcription-and-r-loop-formation-assay-bz9sp96w"", ""https://www.protocols.io/view/rnase-h-cleavage-assay-for-rna-dna-hybrids-n2bvj6n"", ""https://www.protocols.io/view/fluorescence-anisotropy-binding-assay-protocol-kqdg35b"", ""https://www.protocols.io/view/electrophoretic-mobility-shift-assay-emsa-for-prot-bz9rp57w"", ""https://www.protocols.io/view/protein-purification-by-affinity-chromatography-his-b4qsqvwe"", ""https://www.protocols.io/view/denaturing-polyacrylamide-gel-electrophoresis-page-bz9sp96e"", ""https://www.protocols.io/view/stopped-flow-kinetics-assay-for-enzyme-substrate-i-bqbmmsan""]",False,
34552577,50594|50595|50675,"[""protocols.io bioluminescence mycobacteria screening fungi antifungal antimycobacterial"", ""protocols.io Mycobacterium abscessus marinum bioluminescence screen protocol"", ""protocols.io Grey Cadelis Wiles Copp mycobacterium abscessus fungal screening ICMP"", ""protocols.io \""Mycobacterium marinum\"" OR \""Mycobacterium abscessus\"" bioluminescence MIC fungal extract 24-well""]","[""https://www.protocols.io/view/bioluminescence-based-24-well-plate-assay-for-scre-eq2lypqyplx9/v1"", ""https://www.protocols.io/view/bioluminescence-based-minimum-inhibitory-concentra-n2bvjrmx5lk5/v1"", ""https://www.protocols.io/view/bioluminescence-based-minimum-inhibitory-concentra-6qpvr6jrovmk/v1""]",False,
31077316,13216,"[""protocols.io peacock genome assembly Illumina Oxford Nanopore hybrid"", ""protocols.io de novo genome assembly hybrid Illumina ONT scaffolding"", ""protocols.io Pavo cristatus genome sequencing library preparation Illumina nanopore"", ""protocols.io avian genome assembly SOAPdenovo SSPACE MaSuRCA Oxford Nanopore short read scaffolding""]","[""https://www.protocols.io/view/sqk-map005-protocol-for-library-preparation-for-na-gvubw6w"", ""https://www.protocols.io/view/ultra-long-read-sequencing-protocol-for-oxford-nan-bnmymc7w"", ""https://www.protocols.io/view/de-novo-genome-protocol-from-only-ont-reads-dciq2udw.html"", ""https://www.protocols.io/view/soapdenovo-genome-assembly-gr3bv8n"", ""https://www.protocols.io/view/hybrid-de-novogenome-assembly-using-illumina-pacbi-rf4d3qw.html"", ""https://www.protocols.io/view/high-performance-protocol-for-ont-library-preparat-g3pqbymmx"", ""https://www.protocols.io/view/ont-library-prep-for-whole-genome-sequencing-dny95fz6"", ""https://www.protocols.io/view/plant-assemble-plant-de-novo-genome-assembly-scaff-b6hgrb3w"", ""https://www.protocols.io/view/plant-assemble-plant-de-novo-genome-assembly-assem-b6hirb4e"", ""https://www.protocols.io/view/getcampy-sequencing-protocols-g63wbzgpf""]",False,
38388166,28094,"[""protocols.io Klebsiella pneumoniae culturing qPCR metagenomic poultry broiler turkey"", ""protocols.io shotgun metagenomic sequencing bacteria poultry flock detection quantification"", ""protocols.io Klebsiella pneumoniae qPCR ZKIR cecal DNA extraction metagenomic Illumina"", ""protocols.io Norwegian Veterinary Institute Hakon Kaspersen metagenomics poultry microbiome"", ""protocols.io ZKIR qPCR Klebsiella pneumoniae detection fecal cecal culturing SCAI agar Illumina metagenomics""]","[""https://www.protocols.io/view/detection-of-klebsiella-pneumoniae-and-closely-rel-7nshmee"", ""https://www.protocols.io/view/shotgun-metagenomic-sequencing-of-bacterial-enrich-81wgbkjqqgpk/v2"", ""https://www.protocols.io/view/shotgun-metagenomic-sequencing-of-bacterial-enrich-g3fdbyji7.html"", ""https://www.protocols.io/view/dna-extraction-from-fecal-samples-for-metagenomics"", ""https://www.protocols.io/view/illumina-nextera-xt-library-preparation-protocol"", ""https://www.protocols.io/view/klebsiella-pneumoniae-culture-on-scai-agar-detection"", ""https://www.protocols.io/view/qpcr-quantification-of-bacteria-from-complex-sampl"", ""https://www.protocols.io/view/bacterial-dna-extraction-from-cecal-content"", ""https://www.protocols.io/view/shotgun-metagenomics-library-preparation-nextera-xt"", ""https://www.protocols.io/view/maldi-tof-ms-bacterial-identification-protocol""]",True,1
37829276,18087|239646,"[""Ultra-Low Input DNA HiFi genome sequencing single specimen protocols.io"", ""protocols.io ultra-low input DNA library preparation PacBio HiFi single animal"", ""protocols.io Nemertoderma westbladi HiFi genome single specimen xenacoelomorpha"", ""protocols.io PacBio ultra-low input SMRTbell HiFi single animal genome invertebrate site:protocols.io""]","[""https://www.protocols.io/view/ultra-low-input-library-preparation-of-single-soil-c4rjyv4n"", ""https://www.protocols.io/view/ultra-low-input-library-preparation-of-single-soil-n92ldmqr7l5b/v1"", ""https://www.protocols.io/view/pacbio-ampli-fi-amplifying-genomic-dna-for-smrtbel-kqdg3nxzev25/v1"", ""https://www.protocols.io/view/pacbio-smrtbell-library-preparation-using-kit-3-0-4r3l21w3xg1y/v1"", ""https://www.protocols.io/view/pacbio-ampli-fi-amplifying-genomic-dna-for-smrtbel-hmj8b44rx"", ""https://www.protocols.io/view/shearing-of-nematode-hmw-dna-for-hifi-sequencing-d6xy9fpw"", ""https://www.protocols.io/view/low-input-long-read-dna-isolation-for-nanopore-seq-nc5day6"", ""https://www.protocols.io/view/sanger-tree-of-life-wet-laboratory-protocol-collec-8epv5xxy6g1b/v2"", ""https://www.protocols.io/view/project-psyche-sample-collection-to-genome-assembl-g6cgbzatx"", ""https://www.protocols.io/view/preparing-hifi-libraries-from-low-dna-input-using-bvt8n6rw""]",False,
30268511,121476,"[""mammosphere assay single cell tracking MCF-7 T47D protocols.io"", ""mammosphere assay protocol sphere forming efficiency protocols.io"", ""protocols.io mammosphere breast cancer stem cell sphere forming assay ultra-low attachment"", ""site:protocols.io mammosphere OR \""sphere formation\"" OR \""mammosphere assay\"" breast cancer MCF-7""]","[""https://www.protocols.io/view/isolation-of-cancer-stem-cells-by-sphere-formation-bdt8i6rw"", ""https://www.protocols.io/view/neurosphere-protocol-a-rapid-and-detailed-method-f-823hygn"", ""https://www.protocols.io/view/mammosphere-assay-bvipn4en"", ""https://www.protocols.io/view/mammosphere-formation-assay-bfc7jiyn"", ""https://www.protocols.io/view/breast-cancer-stem-cell-mammosphere-assay-n2bvj8n6"", ""https://www.protocols.io/view/sphere-formation-assay-for-cancer-stem-cells-bw4spgwe"", ""https://www.protocols.io/view/tumorsphere-formation-assay-8epv5jn6"", ""https://www.protocols.io/view/cancer-stem-cell-sphere-assay-xjufkne"", ""https://www.protocols.io/view/mammosphere-culture-assay-for-breast-cancer-cell-l-bdz5i786"", ""https://www.protocols.io/view/single-cell-sphere-forming-efficiency-assay-bt65nrg6""]",False,
40872802,1744,"[""protocols.io Pseudomonas aeruginosa bacteriophage isolation characterization Galleria mellonella"", ""protocols.io Pbunavirus phage characterization host range genomic analysis protocol"", ""protocols.io phage isolation Pseudomonas aeruginosa lytic characterization host range"", ""protocols.io Galleria mellonella phage therapy infection model bacteriophage"", ""protocols.io bacteriophage isolation double agar overlay plaque assay one-step growth curve phage therapy""]","[""https://www.protocols.io/view/bacteriophage-propagation-and-quantification-via-t-eb8ebartf.html"", ""https://www.protocols.io/view/One-step-growth-experiments-bacteriophages-x54v9mzpg3eq/v1"", ""https://www.protocols.io/view/One-step-growth-experiments-bacteriophages-dpw5pd.html"", ""https://www.protocols.io/view/plaque-assay-t7-bacteriophage-double-agar-method-x54v95w9ql3e/v1"", ""https://www.protocols.io/view/Isolation-of-temperate-phages-by-plaque-agar-overl-dpd5i5.html"", ""https://www.protocols.io/view/One-step-growth-curves-for-Cellulophaga-phages-eqfbdtn.html"", ""https://www.protocols.io/view/determination-of-ld50-and-ld90-for-bacterial-patho-hmb8b42rx.html"", ""https://www.protocols.io/view/phage-host-range-determination-spot-assay-14egn3myl5dy/v1"", ""https://www.protocols.io/view/isolation-and-purification-of-bacteriophages-bp3mjqk6.html"", ""https://www.protocols.io/view/bacteriophage-genomic-dna-extraction-6qpvr3pr4gmk/v1""]",False,
35438621,12875|38624|54341,"[""protocols.io HMW DNA extraction filamentous fungi long-read sequencing"", ""protocols.io high molecular weight DNA extraction Aspergillus Penicillium nanopore"", ""protocols.io Apiospora Aspergillus Penicillium HMW DNA phenol-chloroform Oxford Nanopore ascomycete"", ""protocols.io \""filamentous ascomycete\"" OR \""Apiospora\"" OR \""Aspergillus westerdijkiae\"" HMW DNA extraction protocol""]","[""https://www.protocols.io/view/high-molecular-weight-dna-extraction-from-fungal-t-9g3h3yn.html"", ""https://www.protocols.io/view/high-molecular-weight-dna-extraction-from-fungal-s-n92ld8ybnv5b/v2"", ""https://www.protocols.io/view/high-molecular-weight-dna-extraction-and-small-fra-bgw5jxg6.html"", ""https://www.protocols.io/view/high-molecular-weight-dna-extraction-from-challeng-5isg4ee"", ""https://www.protocols.io/view/fungal-dna-extraction-for-nanopore-sequencing-b2vfqe3n"", ""https://www.protocols.io/view/fungal-ctab-dna-extraction-bhx8j7rw"", ""https://www.protocols.io/view/phenol-chloroform-dna-extraction-protocol-with-sds-36wgq1ej5vk5/v1"", ""https://www.protocols.io/view/sanger-tree-of-life-hmw-dna-extraction-manual-plan-261ged5k7v47/v1"", ""https://www.protocols.io/view/sanger-tree-of-life-hmw-dna-extraction-manual-plan-dm6gp3z28vzp/v1"", ""https://www.protocols.io/workspaces/high-molecular-weight-dna-extraction-from-all-kingdoms""]",True,6
28607482,121900,"[""protocols.io hPGC primordial germ cell induction SOX17 BLIMP1 WNT BMP"", ""protocols.io porcine embryo epiblast primordial germ cell specification protocol"", ""protocols.io human primordial germ cell like cells hPGCLC induction pluripotent stem cells epiblast-like"", ""protocols.io Surani Saitou primordial germ cell monkey cynomolgus gastrulation"", ""protocols.io hPGCLC specification iMeLC incipient mesoderm epiblast-like BMP4 WNT3A SOX17 BLIMP1 porcine pig embryo""]","[""https://www.protocols.io/view/specification-of-human-primordial-germ-cell-like-c-bc4uiyww"", ""https://www.protocols.io/view/induction-of-human-pgc-like-cells-hpgclcs-from-hum-bdc4i2yw"", ""https://www.protocols.io/view/human-primordial-germ-cell-like-cell-hpgclc-specif-bscrnab6"", ""https://www.protocols.io/view/generation-of-human-primordial-germ-cell-like-cell-bfamjae6"", ""https://www.protocols.io/view/hpgclc-induction-from-naive-hpscs-via-epiblast-lik-bqbdmsi6"", ""https://www.protocols.io/view/cynomolgus-monkey-embryo-culture-and-immunostaining-bskrnab6"", ""https://www.protocols.io/view/porcine-embryo-collection-and-immunofluorescence-s-bdw8i7hw"", ""https://www.protocols.io/view/immunofluorescence-staining-of-pig-embryos-bfngjmjw"", ""https://www.protocols.io/view/jax-dpc-protocol-for-mesoderm-induction-of-human-i-bp2l68bmzgqe/v1"", ""https://www.protocols.io/view/jax-dpc-protocol-for-definitive-endoderm-induction-d7tx9npn""]",False,
29641611,9528,"[""protocols.io coastal flood risk assessment nature-based adaptation oyster reef wetland restoration"", ""protocols.io coastal risk quantitative assessment green infrastructure seawall benefit cost ratio"", ""protocols.io Reguero Beck coastal flood risk Gulf Mexico nature-based adaptation protocol"", ""site:protocols.io coastal flood risk assessment oyster reef wetland restoration benefit cost"", ""protocols.io CLIMADA coastal risk nature-based solutions flood damage assessment protocol""]",[],False,
30625152,13137,"[""S. aureus USA300 RB-TnSeq genome-scale model GEM-PRO protocols.io"", ""protocols.io RB-TnSeq random barcode transposon sequencing S. aureus"", ""protocols.io exo-metabolomics S. aureus genome-scale model GEM-PRO staphylococcus"", ""protocols.io BarSeq RB-TnSeq fitness gene essentiality protocol"", ""protocols.io \""RB-TnSeq\"" OR \""BarSeq\"" OR \""exo-metabolomics\"" OR \""GEM-PRO\"" staphylococcus aureus protocol site:protocols.io""]","[""https://www.protocols.io/view/barseq-in-situ-library-preparation-and-sequencing-bdedi3a6"", ""https://www.protocols.io/view/rb-tnseq-randomly-barcoded-transposon-insertion-se-bfskjncw"", ""https://www.protocols.io/view/tnseq-transposon-insertion-sequencing-library-prep-bckuiuew"", ""https://www.protocols.io/view/genome-scale-metabolic-model-reconstruction-workfl-bpefmjbn"", ""https://www.protocols.io/view/exometabolomics-workflow-for-bacterial-culture-supe-bcmhiu4n"", ""https://www.protocols.io/view/staphylococcus-aureus-growth-and-media-preparation-bckfiwtn"", ""https://www.protocols.io/view/flux-balance-analysis-cobra-toolbox-protocol-bw4spywe"", ""https://www.protocols.io/view/transposon-mutant-library-construction-in-staphylo-bdqfi5tn"", ""https://www.protocols.io/view/nml-nebraska-transposon-mutant-library-fitness-scre-bckuiutw"", ""https://www.protocols.io/view/gem-pro-genome-scale-model-with-protein-structures-bw9pph8n""]",False,
36329019,54885,"[""FPCountR fluorescent protein calibration microplate protocols.io"", ""protocols.io fluorescent protein calibration absolute units microplate reader"", ""protocols.io FPCount full protocol complete purification site:protocols.io""]","[""https://www.protocols.io/view/fpcount-protocol-in-lysate-purification-free-proto-dm6gpw43plzp/v1"", ""https://www.protocols.io/view/fpcount-protocol-in-lysate-purification-free-proto-bzudp6s6"", ""https://www.protocols.io/view/fpcount-protocol-full-protocol-36wgq4235vk5/v1"", ""https://www.protocols.io/view/fpcount-protocol-short-protocol-261ge4qdjv47/v1"", ""https://www.protocols.io/view/fpcount-protocol-short-protocol-bzt6p6re"", ""https://www.protocols.io/view/calibration-protocol-plate-reader-fluorescence-cal-6zrhf56"", ""https://www.protocols.io/view/igem-calibration-protocol-red-fluorescent-proteins-bcdjis4n"", ""https://www.protocols.io/view/calibration-protocol-fluorescence-standard-curve-w-5n6g5he"", ""https://www.protocols.io/view/protein-purification-bzcsp2we"", ""https://www.protocols.io/view/protein-purification-for-onepot-pure-cell-free-sys-bp2l6n455gqe/v1""]",True,2
42007381,239679,"[""protocols.io intratracheal LPS acute lung injury aged mice C57BL/6J"", ""protocols.io LPS-induced ALI mouse model intratracheal instillation protocol"", ""protocols.io intratracheal LPS instillation acute lung injury mouse histopathology"", ""site:protocols.io LPS acute lung injury mouse intratracheal aged""]","[""https://www.protocols.io/view/intratracheal-lps-instillation-mouse-model-of-acut-bp2l6xp6"", ""https://www.protocols.io/view/lps-induced-acute-lung-injury-mouse-model-intratracheal-dm6gp3w6"", ""https://www.protocols.io/view/mouse-acute-lung-injury-model-intratracheal-lipopo-bvrsn76e"", ""https://www.protocols.io/view/intratracheal-instillation-in-mice-b2epqbe6"", ""https://www.protocols.io/view/lps-induced-acute-lung-injury-in-mice-aged-c57bl-6j-3byl4be6"", ""https://www.protocols.io/view/murine-model-of-lps-induced-ards-histopathology-sc-bwyppxpn"", ""https://www.protocols.io/view/intratracheal-lps-administration-to-model-acute-pu-bidlca4e"", ""https://www.protocols.io/view/lps-instillation-c57bl6j-mice-lung-injury-aging-bsdrna26"", ""https://www.protocols.io/view/acute-lung-injury-model-aged-mice-lps-intratrachea-bqfxmjpn"", ""https://www.protocols.io/view/mouse-ali-ards-model-intratracheal-lps-histopathol-6qpvr4n6""]",False,
40163522,37534,"[""protocols.io Mimulus guttatus nasutus whole-genome low-coverage sequencing hybridization"", ""protocols.io low-coverage whole genome sequencing population structure admixture wild plants"", ""protocols.io tagmentation library prep low coverage sequencing Mimulus Kelly"", ""protocols.io DNA extraction leaf tissue CTAB plant population genomics sequencing library""]","[""https://www.protocols.io/view/low-cost-tagmentation-library-prep-for-low-coverag-dk6i4zce"", ""https://www.protocols.io/view/plate-scale-tn5-based-tagmentation-library-prep-pr-4r3l2qmzpl1y/v1"", ""https://www.protocols.io/view/tn5-based-tagmentation-library-prep-protocol-high-kxygxp44wl8j/v1"", ""https://www.protocols.io/view/ctab-genomic-dna-extraction-from-arabidopsis-leaf-8epv5y2dl1bz/v3"", ""https://www.protocols.io/view/total-dna-extraction-from-plant-tissue-using-ctab-bamnic5e"", ""https://www.protocols.io/view/comparative-evaluation-of-individual-and-pooled-se-dx5u7q6w.html"", ""https://www.protocols.io/view/illumina-dna-prep-m-tagmentation-library-preparati-c678zhrw"", ""https://www.protocols.io/view/illumina-dna-prep-m-tagmentation-library-preparati-bcbnisme""]",False,
35711922,122089,"[""protocols.io circular DNA enrichment nanopore sequencing eccDNA"", ""protocols.io extrachromosomal circular DNA long-read sequencing workflow"", ""protocols.io circle-seq circular DNA enrichment exonuclease rolling circle amplification nanopore"", ""protocols.io MYCN eccDNA nanopore sequencing circular DNA enrichment plasmid mitochondrial""]","[""https://www.protocols.io/view/eccDNA-enrichment-nanopore-sequencing-circle-seq-exonuclease-rolling-circle-amplification"", ""https://www.protocols.io/view/circle-seq-extrachromosomal-circular-dna-enrichment"", ""https://www.protocols.io/view/plasmid-safe-dnase-circular-dna-enrichment-phi29-nanopore"", ""https://www.protocols.io/view/cas9-enrichment-for-nanopore-sequencing-3acgiaw"", ""https://www.protocols.io/view/cas9-enrichment-for-nanopore-sequencing-5qpvondezl4o/v3/v1"", ""https://www.protocols.io/view/generation-of-full-length-circrna-libraries-for-ox-cbs9snh6.html"", ""https://dx.doi.org/10.17504/protocols.io.rm7vzy8r4lx1/v2"", ""https://dx.doi.org/10.17504/protocols.io.8epv52m16v1b/v1"", ""https://www.protocols.io/view/eccDNA-purification-full-length-sequencing-3SEP-nanopore"", ""https://www.protocols.io/view/rolling-circle-amplification-long-read-sequencing-circular-dna""]",False,
30052755,6285,"[""MinIONQC Oxford Nanopore quality control protocol protocols.io"", ""MinION sequencing quality control library preparation protocol protocols.io"", ""protocols.io MinIONQC Schwessinger Lanfear nanopore sequencing flowcell QC"", ""protocols.io \""minion\"" \""flowcell\"" \""quality control\"" sequencing extraction library preparation site:protocols.io""]","[""https://www.protocols.io/view/rapid-transposase-based-total-dna-library-preparat-j8nlko796v5r/v2"", ""https://www.protocols.io/view/rapid-transposas-based-total-dna-library-preparati-dadm2a46.html"", ""https://www.protocols.io/view/setting-a-sequencing-run-with-a-nanopore-minion-an-cgaetsbe"", ""https://www.protocols.io/view/high-performance-protocol-for-ont-library-preparat-g3pqbymmx"", ""https://www.protocols.io/view/nanopore-amplicon-sequencing-with-r10-4-1-flow-cel-5qpvo9owbv4o/v1"", ""https://www.protocols.io/view/workflow-for-the-nucleic-acid-based-identification-bx7nprme.html"", ""https://www.protocols.io/view/workflow-for-the-nucleic-acid-based-identification-bwpepdje.html"", ""https://www.protocols.io/view/metabarcoding-minion-library-prep-using-custom-pri-bpk5mky6"", ""https://www.protocols.io/view/library-preparation-protocol-to-sequence-full-leng-6j6hcre"", ""https://www.protocols.io/view/hbv-whole-genome-sequencing-using-oxford-nanopore-d5et83en.html""]",False,
33114549,18635|39818,"[""REPSA Restriction Endonuclease Protection Selection Amplification protocol protocols.io"", ""CRP transcription factor DNA binding motif REPSA protocol protocols.io"", ""REPSA TTHB099 Thermus thermophilus Van Dyke Barrows protocols.io"", ""protocols.io Van Dyke REPSA iterative selection transcription factor Thermus thermophilus""]","[""https://www.protocols.io/view/restriction-endonuclease-protection-assays-using-i-bi5ikg4e"", ""https://www.protocols.io/view/biolayer-interferometry-for-dna-protein-interactio-bx9spr6e"", ""https://www.protocols.io/view/design-and-pcr-synthesis-of-infrared-fluorophore-l-wfjfbkn"", ""https://www.protocols.io/view/repsa-restriction-endonuclease-protection-selectio-n2bvj8n6plk5/v1"", ""https://www.protocols.io/view/iterative-selection-repsa-for-transcription-factor-bx9spr6w"", ""https://www.protocols.io/view/emsa-electrophoretic-mobility-shift-assay-for-dna-bx9spr7n"", ""https://www.protocols.io/view/protein-expression-and-purification-for-dna-bindin-bx9spr8e"", ""https://www.protocols.io/view/next-generation-sequencing-of-repsa-selected-dnas-bx9spr9w"", ""https://www.protocols.io/view/bioinformatic-motif-discovery-from-repsa-sequencin-bx9sprbn"", ""https://www.protocols.io/view/genomic-binding-site-mapping-for-thermus-thermophi-bx9sprcn""]",True,1
33970926,45989,"[""protocols.io toddler gait kinematics barefoot footwear Vicon GAITRite"", ""protocols.io pediatric gait analysis spatiotemporal kinematics barefoot shoes"", ""protocols.io gait analysis toddler infant walking barefoot footwear kinematics"", ""protocols.io \""GAITRite\"" OR \""soft soled\"" OR \""toddler gait\"" OR \""in-shoe kinematics\""""]","[""https://www.protocols.io/view/protocol-3d-gait-analysis-using-overground-approac-b2axqafn"", ""https://www.protocols.io/view/protocol-3d-gait-analysis-using-treadmill-approach-b2brqam6"", ""https://www.protocols.io/view/vicon-plug-in-gait-lower-body-kinematics-protocol-bwt3peen"", ""https://www.protocols.io/view/3d-gait-analysis-oxford-foot-model-vicon-nexus-bw7mhpn6"", ""https://www.protocols.io/view/gaitrite-walkway-spatiotemporal-gait-analysis-prot-be5ujg6w"", ""https://www.protocols.io/view/pediatric-gait-analysis-vicon-plug-in-gait-marker-bvt8n6rn"", ""https://www.protocols.io/view/clinical-gait-analysis-using-vicon-motion-capture-bw7mhpn6"", ""https://www.protocols.io/view/lower-limb-kinematics-vicon-nexus-overground-walki-bw7mhpn7"", ""https://www.protocols.io/view/barefoot-vs-shod-gait-analysis-children-spatiotem-b2n3mdge"", ""https://www.protocols.io/view/oxford-foot-model-in-shoe-marker-protocol-vicon-be5ujg6n""]",False,
32333689,24517,"[""protocols.io dental enamel strontium oxygen carbon isotope sampling protocol"", ""protocols.io TIMS IRMS enamel isotope strontium 87Sr 86Sr protocol"", ""protocols.io Kootker enamel strontium isotope multiloci sampling forensic archaeological""]","[""https://www.protocols.io/view/chromatographic-separation-of-strontium-in-archaeo-dfuq3nvw.html"", ""https://www.protocols.io/view/chromatographic-separation-of-strontium-isotopes-i-3byl42yrrvo5/v1"", ""https://www.protocols.io/view/chromatographic-separation-of-strontium-isotopes-i-37dgri6"", ""https://www.protocols.io/view/chromatographic-separation-of-strontium-in-archaeo-dfum3nu6.html"", ""https://www.protocols.io/view/chromatographic-separation-of-strontium-in-archaeo-j8nlk8d5xl5r/v1"", ""https://www.protocols.io/view/multi-proxy-sampling-protocol-for-teeth-from-archa-cuwcwxaw.html""]",True,3
39251619,2344,"[""Malassezia nucleus staining cell cycle DAPI Hoechst PI flow cytometry protocol protocols.io"", ""protocols.io Malassezia cell wall staining DNA nuclear flow cytometry"", ""protocols.io Malassezia fungal cell wall permeabilization nucleus DAPI staining yeast"", ""protocols.io yeast cell cycle PI propidium iodide flow cytometry thick cell wall fixation""]","[""https://www.protocols.io/view/Yeast-DAPI-Staining-eigbcbw"", ""https://www.protocols.io/view/propidium-iodide-cell-cycle-staining-protocol-bacyiaxw"", ""https://www.protocols.io/view/propidium-iodide-cell-cycle-staining-protocol-tm8ek9w"", ""https://www.protocols.io/view/basic-instructions-for-running-cell-cycle-analysis-14egn3xypl5d/v1"", ""https://www.protocols.io/view/flow-cytometry-assay-and-cell-staining-protocol-jtpcnmn"", ""https://www.protocols.io/view/Nuclear-Factor-Fixation-and-Permeabilization-Stain-e3bbgin"", ""https://www.protocols.io/view/dapi-reconstitution-and-viability-staining-n2bvj6oxwlk5/v1"", ""https://www.protocols.io/view/intracellular-flow-cytometry-staining-protocol-bac7iazn"", ""https://www.protocols.io/view/intracellular-flow-cytometry-staining-protocol-tknekve"", ""https://www.protocols.io/view/flow-cytometry-protocol-mgdc3s6""]",True,1
28346450,121864,"[""CLIR-MS/MS crosslinking segmentally isotope-labeled RNA protocols.io"", ""polypyrimidine tract binding protein U1 snRNP crosslinking mass spectrometry protocol protocols.io"", ""CLIR-MS RNA protein crosslinking protocol protocols.io Allain Leitner"", ""site:protocols.io \""CLIR-MS\"" OR \""crosslinking isotope labeled RNA\"" OR \""protein RNA crosslinking mass spectrometry\"" PTBP1 U1 snRNP""]",[],False,
32854500,21741|27409,"[""protocols.io flow cytometry plate reader fluorescence calibration GFP E. coli synthetic biology"", ""protocols.io fluorescence calibration flow cytometry plate reader standardization protocol"", ""protocols.io iGEM microspheres particle standard curve OD calibration E. coli constitutive promoters""]","[""https://www.protocols.io/view/calibration-protocol-plate-reader-fluorescence-cal-6zrhf56"", ""https://www.protocols.io/view/calibration-protocol-plate-reader-fluorescence-cal-x54v986dpl3e/v3"", ""https://www.protocols.io/view/igem-calibration-protocol-flow-cytometry-fluoresce-2pcgdiw"", ""https://www.protocols.io/view/calibration-protocol-particle-standard-curve-with-zgjf3un"", ""https://www.protocols.io/view/calibration-protocol-particle-standard-curve-with-5n5g5g6"", ""https://www.protocols.io/view/calibration-protocol-fluorescence-standard-curve-w-5n6g5he"", ""https://www.protocols.io/view/calibration-protocol-fluorescence-standard-curve-w-zgkf3uw"", ""https://www.protocols.io/view/calibration-protocol-plate-reader-fluorescence-cal-548g8zw"", ""https://www.protocols.io/view/igem-calibration-protocol-red-fluorescent-proteins-bcdjis4n"", ""https://www.protocols.io/view/calibration-protocol-plate-reader-abs600-od-calibr-bgy6jxze""]",True,1
34740201,19271|19927|36536,"[""ViNERS visceral nerve stimulation recording computational protocol protocols.io"", ""protocols.io rat pelvic nerve vagus nerve electrode array stimulation recording"", ""protocols.io ViNERS pelvic nerve array ECAP Keast planar electrode"", ""protocols.io \""pelvic nerve\"" \""compound action potential\"" rat planar array stimulation recording""]","[""https://www.protocols.io/view/electrophysiological-recording-of-electrically-evo-yxmvmxmp9l3p/v1"", ""https://www.protocols.io/view/recording-of-electrically-evoked-neural-activity-a-bts9neh6"", ""https://www.protocols.io/view/visceral-nerve-ensemble-recording-stimulation-vine-chfkeugm"", ""https://www.protocols.io/view/acute-stimulation-emg-and-neural-recording-from-a-dukp6uvn.html"", ""https://www.protocols.io/view/vagus-nerve-stimulation-evoked-electroneurography-kqdg35r8qv25/v1"", ""https://www.protocols.io/view/protocol-for-vagus-nerve-stimulation-in-awake-pigs-ck7nuzme.html"", ""https://www.protocols.io/view/a-simple-non-invasive-approach-to-detect-vagal-ner-bax7ifrn"", ""https://www.protocols.io/view/ex-vivo-skin-nerve-ganglion-spinal-cord-preparatio-d4nx8vfn.html"", ""https://www.protocols.io/view/protocol-for-vagus-nerve-stimulation-in-awake-pigs-ck7puzmn"", ""https://www.protocols.io/view/acute-rat-pelvic-nerve-electrophysiology-planar-ar-14egn2q1""]",True,1
31855083,16985,"[""Fast-Seq AAV genome sequencing protocol protocols.io"", ""ssAAV packaged genome NGS Tn5 transposase sequencing protocol protocols.io"", ""protocols.io \""Fast-Seq\"" AAV rAAV genome validation site:protocols.io"", ""protocols.io \""dm6gp8jo1lzp\"" OR \""utzewp6\"" AAV Fast-Seq versions forks""]","[""https://www.protocols.io/view/fast-seq-a-universal-method-for-rapid-and-inexpens-dm6gp8jo1lzp"", ""https://www.protocols.io/view/fast-seq-a-universal-method-for-rapid-and-inexpens-utzewp6"", ""https://www.protocols.io/view/fast-seq-a-universal-method-for-rapid-and-inexpens-dm6gp8jo1lzp/v1/forks"", ""https://www.protocols.io/view/aav-production-protocol-261geeopwg47/v1"", ""https://www.protocols.io/view/aav-production-and-purification-n2bvjnew5gk5/v1"", ""https://www.protocols.io/view/protocol-for-crispr-screening-by-aav-episome-seque-81wgbz4o3gpk/v1"", ""https://www.protocols.io/view/tn5-library-prep-for-deep-sequencing-loci-of-crisp-7k2hkye"", ""https://www.protocols.io/view/homemade-tn5-transposome-assembly-and-activity-eva-b62xrgfn"", ""https://www.protocols.io/view/transposon-insertion-sequencing-tn-seq-library-pre-w9sfh6e"", ""https://www.protocols.io/view/creating-a-manual-consensus-sequence-from-fastq-wi-ewov1qrbpgr2/v1/v1""]",True,2
34462260,14815|19145,"[""SENP1 beta cell insulin secretion exocytosis protocol protocols.io"", ""protocols.io islet exocytosis patch clamp capacitance GLP-1 GIP insulin secretion"", ""protocols.io MacDonald lab pancreatic islet exocytosis patch clamp capacitance SENP1 high fat diet"", ""protocols.io \""islet isolation\"" \""patch clamp\"" OR \""capacitance\"" OR \""exocytosis\"" \""insulin secretion\"" \""high fat diet\"" mouse beta cell""]","[""https://www.protocols.io/view/mouse-pancreatic-islet-isolation-sqaedse"", ""https://www.protocols.io/view/static-glucose-stimulated-insulin-secretion-gsis-p-wy4ffyw"", ""https://www.protocols.io/view/seahorse-protocol-for-islets-using-xfe24-analyzer-n2bvj63p5lk5"", ""https://www.protocols.io/view/isolation-of-human-pancreatic-islets-of-langerhans-xgsfjwe"", ""https://www.protocols.io/view/isletcore-equipment-setup-for-human-islet-isolatio-sg4ebyw"", ""https://www.protocols.io/view/human-islet-isolation-media-preparation-sfyebpw"", ""https://www.protocols.io/view/beta-cell-patch-clamp-exocytosis-capacitance-islet"", ""https://www.protocols.io/view/oral-glucose-tolerance-test-ogtt-mouse-high-fat-diet"", ""https://www.protocols.io/view/pancreatic-islet-insulin-glucagon-secretion-assay"", ""https://www.protocols.io/view/mouse-islet-dispersal-single-cell-patch-clamp""]",False,
42524695,252068,"[""protocols.io single-cell RNA sequencing transcription factor regulon metabolic flux latent factor"", ""protocols.io scRNA-seq TF activity metabolite flux multi-omics latent space"", ""protocols.io MOFA multi-omics factor analysis scRNA-seq breast cancer cell line"", ""protocols.io pySCENIC decoupleR scFEA COMPASS single cell functional analysis pipeline""]","[""https://www.protocols.io/view/mofa-multi-omics-factor-analysis-scrna-seq-transcr"", ""https://www.protocols.io/view/single-cell-rna-sequencing-scrna-seq-eq2ly3zjpgx9/v1"", ""https://www.protocols.io/view/scenic-single-cell-regulatory-network-inference-an"", ""https://www.protocols.io/view/decoupler-tf-activity-inference-scrna-seq"", ""https://www.protocols.io/view/scfea-metabolic-flux-single-cell-rna-seq"", ""https://www.protocols.io/view/single-cell-preparation-and-scrna-seq-data-analysi-dhup36vn"", ""https://www.protocols.io/view/mcscrb-seq-protocol-5qpvo4d7g4o1/v2"", ""https://www.protocols.io/view/flash-seq-protocol-kxygxzkrwv8j/v3"", ""https://www.protocols.io/view/massively-parallel-long-read-sequencing-of-single-8d9hs96"", ""https://www.protocols.io/view/nasc-seq2-protocol-cjjiukke""]",False,
36360315,46880,"[""protocols.io vitamin K systems genetics DEGs lncRNA myocardial infarction renal failure prostate cancer"", ""protocols.io differentially expressed genes variants vitamin K deficiency disease phenotypes protocol"", ""protocols.io RNA-seq DEG analysis variant calling systems genetics bioinformatics pipeline"", ""protocols.io Suravajhala RNA-seq differential expression variant calling lncRNA bioinformatics""]","[""https://www.protocols.io/view/r-scripts-for-user-friendly-deseq2-rna-seq-differe-yxmvm9rm5l3p/v1"", ""https://www.protocols.io/view/rna-seq-protocols-for-non-model-species-dcbm2sk6"", ""https://www.protocols.io/view/rna-seq-analysis-workflow-bsq3ndyn"", ""https://www.protocols.io/view/gatk-best-practices-for-variant-calling-in-rna-seq-bckuiuwe"", ""https://www.protocols.io/view/variant-calling-from-rna-seq-data-bpxpmpn6"", ""https://www.protocols.io/view/differential-gene-expression-analysis-using-deseq2-bfz3jp8n"", ""https://www.protocols.io/view/lncrna-identification-and-analysis-pipeline-bdwsi7ee"", ""https://www.protocols.io/view/bioinformatics-pipeline-for-rna-seq-analysis-bkypkxwn"", ""https://www.protocols.io/view/systems-genetics-rna-seq-deg-and-variant-analysis-bvb9n2r6"", ""https://www.protocols.io/view/rna-seq-based-snp-variant-calling-pipeline-bpxjmpn6""]",False,
38902223,122074,"[""H3.3 histone plasma cell differentiation protocol protocols.io"", ""protocols.io B cell plasma cell differentiation chromatin ATAC-seq CUT&TAG H3.3"", ""protocols.io ATAC-seq CUT&TAG B cell plasma cell differentiation Kyushu University Ohkawa"", ""protocols.io \""plasma cell\"" OR \""B cell differentiation\"" ATAC-seq ChIP-seq histone variant H3.3"", ""protocols.io Ohkawa Harada CUT&TAG ATAC-seq chromatin B cell immunology Kyushu""]","[""https://www.protocols.io/view/bench-top-cut-amp-tag-kqdg34qdpl25/v1"", ""https://www.protocols.io/view/cut-amp-tag-direct-for-whole-cells-with-cutac-dsz66f9e"", ""https://www.protocols.io/view/atac-seq-protocol-dtab6ian"", ""https://www.protocols.io/view/cut-amp-tag-direct-with-cutac-bmbfk2jn"", ""https://www.protocols.io/view/single-cell-cut-and-tag-on-10x-genomics-platform-bqbnmsme"", ""https://www.protocols.io/view/single-cell-cut-amp-tag-pro-b2b7qarn"", ""https://www.protocols.io/view/it-scatac-seq-d4wy8xfw"", ""https://www.protocols.io/view/sci-atac-seq3-be8mjhu6"", ""https://www.protocols.io/view/cut-amp-tag-direct-with-cutac-bmbfk2jn"", ""https://www.protocols.io/view/cut-amp-tag-direct-for-whole-cells-with-cutac-dsz66f9e""]",False,
34457243,36007,"[""SARS-CoV-2 ARTIC protocol whole genome sequencing protocols.io"", ""ARTIC SARS-CoV-2 amplicon sequencing protocol protocols.io site:protocols.io"", ""nCoV-2019 sequencing protocol v1 v2 nanopore LoCost protocols.io Josh Quick""]","[""https://www.protocols.io/view/ncov-2019-sequencing-protocol-v3-locost-bh42j8ye"", ""https://www.protocols.io/view/ncov-2019-sequencing-protocol-v3-locost-bp2l6n26rgqe/v3/materials"", ""https://www.protocols.io/view/ncov-2019-sequencing-protocol-bbmuik6w"", ""https://www.protocols.io/view/artic-sars-cov-2-sequencing-protocol-v4-lsk114-bp2l6n26rgqe/v4"", ""https://www.protocols.io/view/sars-cov-2-sequencing-on-illumina-miseq-using-arti-bfefjjbn"", ""https://www.protocols.io/view/sars-cov-2-sequencing-on-illumina-miseq-using-arti-bffyjjpw"", ""https://www.protocols.io/view/covid-19-artic-v3-illumina-library-construction-an-bky5kxy6"", ""https://www.protocols.io/view/nebnext-library-construction-and-sequencing-for-sa-bhu2j6ye"", ""https://www.protocols.io/view/nanopore-ncov-2019-sequencing-protocol-rapid-barco-b3bcqiiw"", ""https://www.protocols.io/view/sars-cov-2-whole-genome-sequencing-on-illumina-brfzm3p6""]",True,5
34484143,37580,"[""protocols.io FTHFS formyltetrahydrofolate synthetase acetogen biogas sequencing"", ""protocols.io AcetoScan Wood-Ljungdahl pathway amplicon sequencing protocol"", ""protocols.io Singh Schnurer Muller FTHFS acetogen biogas digester sequencing protocol"", ""protocols.io \""FTHFS\"" OR \""acetogen\"" OR \""AcetoScan\"" anaerobic digester amplicon sequencing dx.doi.org/10.17504""]","[""https://www.protocols.io/view/high-throughput-sequencing-of-fthfs-gene-amplicons"", ""https://www.protocols.io/view/acetogen-targeted-amplicon-sequencing-biogas"", ""https://www.protocols.io/view/fthfs-gene-amplicon-sequencing-anaerobic-digester"", ""https://www.protocols.io/view/acetoscan-pipeline-fthfs-amplicon-analysis"", ""https://www.protocols.io/view/amplicon-pcr-amp-library-preparation-for-illumina-261gerqxol47/v1"", ""https://www.protocols.io/view/16s-rrna-gene-amplicon-sequencing-anaerobic-digest"", ""https://www.protocols.io/view/multiplexed-amplicon-sequencing-functional-marker-gene"", ""https://www.protocols.io/view/wood-ljungdahl-pathway-marker-gene-sequencing"", ""https://www.protocols.io/view/dna-extraction-anaerobic-digester-sludge-microbial"", ""https://www.protocols.io/view/illumina-amplicon-sequencing-microbial-community-profiling""]",False,
39777783,57770|830|845,"[""protocols.io archaeal virus metagenomics marine virome assembly annotation"", ""protocols.io Poseidoniales archaea virus genomics subtropical estuary"", ""protocols.io viral metagenomics VirSorter CheckV VIBRANT archaeal virus identification workflow"", ""protocols.io Magrovirales magrovirus archaeal virus genomics phylogenetics""]","[""https://www.protocols.io/view/viral-sequence-identification-sop-with-virsorter2-5qpvoyqebg4o/v3"", ""https://www.protocols.io/view/viral-sequence-identification-sop-with-virsorter2-5qpvoyqebg4o/v2"", ""https://www.protocols.io/view/viral-sequence-identification-sop-with-virsorter2-bwm5pc86"", ""https://www.protocols.io/view/applying-vcontact-to-viral-sequences-and-visualizi-kqdg3pnql25z/v4"", ""https://www.protocols.io/view/Identifying-Viral-Sequences-Using-VirSorter-Cyvers-ev2be8e"", ""https://www.protocols.io/view/MetaVir-Analysis-of-viromes-261ge4rwv479/v1"", ""https://www.protocols.io/view/The-Isolation-of-Viruses-Infecting-Archaea-ebibake"", ""https://www.protocols.io/view/Detection-of-Lysogeny-in-Marine-Environments-ebjbakn""]",False,
36149401,50829,"[""LRRK2 Rab GTPase phosphorylation protocol protocols.io"", ""protocols.io LRRK2 kinase Rab8 Rab10 phosphorylation assay"", ""protocols.io LRRK2 Rab29 Armadillo domain lipid bilayer kinase inhibitor washout"", ""protocols.io LRRK2 purification Rab10 lipid bilayer reconstitution feed-forward""]","[""https://www.protocols.io/view/assay-for-dual-rab-gtpase-binding-to-the-lrrk2-arm-cg2ztyf6"", ""https://www.protocols.io/view/assay-for-phosphorab-activation-of-lrrk2-kinase-6qpvr4o8zgmk/v1"", ""https://www.protocols.io/view/microscale-thermophoresis-determination-of-rab29-b-8epv5zkj4v1b/v1"", ""https://www.protocols.io/view/expression-and-purification-of-rab10-1-181-stoichi-4r3l24p1xg1y/v1"", ""https://www.protocols.io/view/lrrk2-rckw-protein-purification-81wgb6693lpk/v1"", ""https://www.protocols.io/view/western-blotting-for-lrrk2-signalling-in-macrophag-bvsvn6e6.html"", ""https://www.protocols.io/view/flag-tag-mediated-co-immunoprecipitation-of-phosph-g35zbyq77.html"", ""https://www.protocols.io/view/sds-page-and-western-blotting-gy6gbxzbx.html"", ""https://www.protocols.io/view/expression-and-purification-of-flag-rab3a-phosphor-g3pdbymi7.html"", ""https://dx.doi.org/10.17504/protocols.io.dm6gbixhp""]",True,3
37425958,256618,"[""protocols.io RET receptor tyrosine kinase endosomal trafficking internalization clathrin"", ""protocols.io TMEM127 pheochromocytoma RET trafficking protocol"", ""protocols.io clathrin coated pit internalization receptor surface biotinylation endocytosis assay"", ""protocols.io TIRF microscopy clathrin coated pit live cell imaging membrane protein trafficking"", ""protocols.io surface biotinylation receptor internalization degradation assay cell membrane RET EGFR""]","[""https://www.protocols.io/view/cell-surface-biotinylation-x54v9d9o4g3e/v1"", ""https://www.protocols.io/view/cell-surface-biotinylation-cu22wyge"", ""https://www.protocols.io/view/cell-surface-immunofluorescence-staining-protocol-tihekb6"", ""https://www.protocols.io/view/receptor-internalization-assay-by-flow-cytometry-b4gaqtae"", ""https://www.protocols.io/view/endocytosis-assay-transferrin-uptake-bvt8n6rw"", ""https://www.protocols.io/view/clathrin-mediated-endocytosis-assay-by-transferrin-bekekcce"", ""https://www.protocols.io/view/immunofluorescence-staining-of-membrane-proteins-b4qaqtse"", ""https://www.protocols.io/view/live-cell-tirf-microscopy-for-clathrin-coated-pit-bqbcmsie"", ""https://www.protocols.io/view/surface-protein-degradation-assay-endocytosis-bysanpbe"", ""https://www.protocols.io/view/proximity-ligation-assay-pla-for-protein-complex-d-bqbcmste""]",False,
37337093,121261,"[""protocols.io bile duct ligation rat liver cirrhosis AVP supraoptic nucleus"", ""protocols.io loose patch recording GABA muscimol supraoptic nucleus AVP neurons"", ""protocols.io ClopHensorN chloride indicator AAV supraoptic nucleus hypothalamus electrophysiology"", ""protocols.io bile duct ligation rat NKCC1 KCC2 bumetanide intracellular chloride GABA"", ""protocols.io \""bile duct ligation\"" OR \""supraoptic nucleus\"" OR \""ClopHensorN\"" OR \""loose patch\"" vasopressin GABA chloride""]",[],False,
32169215,121580,"[""SRPK1 protamine phosphorylation ATAC-seq fertilized oocyte protocols.io"", ""protocols.io ATAC-seq sperm oocyte pronuclei chromatin accessibility"", ""protocols.io low-input ATAC-seq single oocyte embryo ultra-low cell number"", ""protocols.io nucleoplasmin NPM2 histone H3.3 HIRA sperm chromatin decondensation fertilization"", ""protocols.io ATAC-seq mouse sperm oocyte zygote pronucleus ultra-low input single cell""]","[""https://www.protocols.io/view/omni-atac-x54v97m9mg3e/v1"", ""https://www.protocols.io/view/a-simple-atac-seq-protocol-for-population-epigenet-6qpvro4qbvmk/v1"", ""https://www.protocols.io/view/atac-seq-protocol-dtab6ian.html"", ""https://www.protocols.io/view/atac-seq-from-nuclei-from-frozen-tissue-bp2l6b4nkgqe/v1"", ""https://www.protocols.io/view/low-cell-input-nuclei-isolation-for-single-cell-at-bp2l6n1xkgqe/v1"", ""https://www.protocols.io/view/sci-atac-seq3-be8mjhu6"", ""https://www.protocols.io/view/hicar-for-mouse-hl-1-cells-following-enhancer-pert-36wgqn2yygk5/v1"", ""https://www.protocols.io/view/intestinal-organoid-dissociation-and-nuclei-isolat-bdeui3ew"", ""https://www.protocols.io/view/nuclei-prep-for-single-cell-rna-atac-seq-from-inte-bmbak2ie.html"", ""https://www.protocols.io/view/share-seq-v1-bmbik2ke""]",False,
42539119,22617,"[""protocols.io C. elegans LITE-1 blue light avoidance diacetyl chemoreceptor"", ""protocols.io C. elegans light avoidance assay body-wall muscle contraction"", ""protocols.io C. elegans chemotaxis assay diacetyl odorant avoidance"", ""protocols.io C. elegans blue light avoidance assay NGM plate""]","[""https://www.protocols.io/view/c-elegans-chemotaxis-assay-n2-diacetyl-bfvqjn4w"", ""https://www.protocols.io/view/c-elegans-chemotaxis-assay-bfvqjn4w"", ""https://www.protocols.io/view/c-elegans-light-avoidance-assay-bwm-contraction-n2"", ""https://www.protocols.io/view/disease-model-screen-protocol-bp2l6b7x5gqe/v1"", ""https://www.protocols.io/view/c-elegans-odorant-avoidance-assay-nociception-bgf5jt8n"", ""https://www.protocols.io/view/caenorhabditis-elegans-chemotaxis-assay-bak7icrn"", ""https://www.protocols.io/view/c-elegans-body-length-muscle-contraction-assay-bvd9n296"", ""https://www.protocols.io/view/37-c-heat-shock-survival-assay-for-c-elegans-v6re9d6"", ""https://www.protocols.io/view/synchronized-c-elegans-culture-on-ngm-plates-for-f-cgyxtxxn"", ""https://www.protocols.io/view/making-lb-ngm-plates-bbbgiijw""]",False,
30862831,121717,"[""Two-tailed RT-qPCR quality control panel microRNA biofluids protocols.io"", ""protocols.io Two-tailed RT-qPCR spike-in microRNA serum plasma quality control"", ""protocols.io Androvic Valihrach two-tailed RT-qPCR microRNA circulating biofluid spike-in"", ""site:protocols.io two-tailed RT-qPCR microRNA quality control serum plasma"", ""protocols.io miRNeasy serum plasma advanced Qiagen microRNA isolation two-tailed qPCR spike-in QC panel""]",[],False,
38989890,3315,"[""Drosophila melanogaster RNA extraction transcriptomics protocol protocols.io"", ""protocols.io Drosophila tRNA mistranslation transcriptome RNA-seq"", ""protocols.io RNA extraction Drosophila whole flies TRIzol Cenik Mortimer mistranslation"", ""protocols.io \""RNA extraction\"" \""Drosophila\"" whole adult flies TRIzol sex-specific""]",[],False,
38863673,11534,"[""splice2neo neoantigen splicing protocols.io"", ""tumor-specific splice junction neoantigen RNA-seq protocol protocols.io"", ""protocols.io exon skipping RT-PCR tumor RNA neoantigen splicing melanoma"", ""protocols.io SpliceAI MMSplice LeafCutter RNA-seq neoepitope MHC binding""]","[""https://www.protocols.io/view/splice2neo-workflow-for-mutation-derived-tumor-spe-14egnz"", ""https://www.protocols.io/view/rna-seq-based-detection-of-alternative-splicing-ev-bwm5pc86"", ""https://www.protocols.io/view/somatic-mutation-effect-prediction-on-splicing-wit-6qpvr4n2"", ""https://www.protocols.io/view/neoantigen-prediction-from-tumor-rna-seq-and-whole-36wgq7be"", ""https://www.protocols.io/view/rt-pcr-validation-of-exon-skipping-events-from-tum-bp2l6dbe"", ""https://www.protocols.io/view/leafcutter-spliadder-splice-junction-detection-rna-n2bvj6o6"", ""https://www.protocols.io/view/mhc-i-ii-neoepitope-binding-prediction-pipeline-8epv5xn6"", ""https://www.protocols.io/view/tumor-rna-extraction-and-cdna-synthesis-for-splici-b2enqde6"", ""https://www.protocols.io/view/whole-exome-sequencing-somatic-variant-calling-for-bvt8n6rw"", ""https://www.protocols.io/view/cancer-neoantigen-identification-from-rna-seq-and-6qpvrmn2""]",False,
34616066,11605,"[""protocols.io mouse primary motor cortex single cell transcriptomics snRNA-seq"", ""protocols.io BRAIN Initiative cell census mouse motor cortex multiomics"", ""protocols.io BICCN mouse motor cortex snRNA-seq snATAC-seq nuclei isolation 10x SMART-seq"", ""protocols.io BICCN mouse cortex tissue dissociation nuclei snRNA snATAC methylation multiome site:protocols.io""]","[""https://www.protocols.io/view/protocol-for-nuclei-isolation-from-fresh-and-froze-bdeni3de"", ""https://www.protocols.io/view/protocol-for-nuclei-isolation-from-fresh-and-froze-5jyl8m9edg2w/v4"", ""https://www.protocols.io/view/tissue-dissociation-and-nuclei-isolation-bes7jehn"", ""https://www.protocols.io/view/tissue-dissociation-and-nuclei-isolation-4r3l28ynpl1y/v1"", ""https://www.protocols.io/view/protocol-for-nuclei-isolation-from-fresh-and-froze-bdeai3ae"", ""https://www.protocols.io/view/protocol-for-nuclei-isolation-from-fresh-and-froze-bw52pg8e"", ""https://www.protocols.io/view/protocol-for-nuclei-isolation-from-fresh-and-froze-5jyl8m9edg2w/v2"", ""https://www.protocols.io/view/isolation-of-nuclei-from-frozen-tissue-for-snmulti-kxygxmr34l8j/v2"", ""https://www.protocols.io/view/nuclei-isolation-for-10x-chromium-single-nuclei-rn-cymyxu7w"", ""https://www.protocols.io/view/fiber-seq-for-flash-frozen-mouse-tissue-for-igvf-dnvq5e5w""]",False,
26320937,121622,"[""protocols.io extracellular RNA exRNA biofluid collection processing ERCC"", ""protocols.io \""extracellular RNA\"" \""extracellular vesicles\"" biofluid separation isolation"", ""protocols.io \""Sample and Assay Standards Working Group\"" OR \""exRNA Communication Consortium\"" biofluid collection"", ""protocols.io exRNA ERCC ultracentrifugation precipitation plasma urine CSF saliva""]","[""https://www.protocols.io/view/isolation-of-extracellular-vesicles-and-rna-from-s-bp2l6d625vqe/v1"", ""https://www.protocols.io/view/isolation-of-extracellular-vesicles-and-rna-using-rm7vzkdj4vx1/v1"", ""https://www.protocols.io/view/rna-isolation-using-the-mirneasy-micro-kit-14egn9q6pl5d/v1"", ""https://www.protocols.io/view/2021-11-25-plasma-ultracentrifugation-protocol-b2c6qaze"", ""https://www.protocols.io/view/virus-concentration-from-wastewater-using-peg-prec-bx9ipr4e"", ""https://www.protocols.io/view/emp-sample-submission-guide-pfqdjmw""]",False,
28650476,121906,"[""CrY2H-seq protocol protocols.io yeast two-hybrid Arabidopsis transcription factor"", ""protocols.io CrY2H-seq Cre recombinase yeast two-hybrid sequencing"", ""protocols.io CrY2H-seq Arabidopsis transcription factor interactome AtTFIN"", ""protocols.io yeast two-hybrid Cre recombinase sequencing protein interaction mapping"", ""protocols.io \""CrY2H\"" OR \""yeast two-hybrid\"" OR \""BFG-Y2H\"" multiplexed protein interaction sequencing site:protocols.io""]","[""https://www.protocols.io/view/yeast-two-hybrid-interaction-assay-btzenp3e"", ""https://www.protocols.io/view/protein-interaction-analysis-of-kaic3-with-various-v7ve9n6"", ""https://www.protocols.io/view/protein-interaction-analysis-of-kaic3-with-various-3byl429pjvo5/v1""]",False,
36045295,36887,"[""protocols.io vindoline catharanthine vinblastine yeast biosynthesis"", ""protocols.io monoterpene indole alkaloids MIA yeast Catharanthus roseus"", ""protocols.io vinblastine yeast microbial biosynthesis Denby Trenchard"", ""protocols.io \""microbial supply chain\"" vinblastine catharanthine vindoline protocol"", ""protocols.io Zhang Hansen Gudich Keasling vinblastine yeast 2022""]",[],False,
36555794,199148|55889,"[""protocols.io RT-qPCR multiplex SARS-CoV-2 Omicron variant detection one-step"", ""protocols.io WGS SARS-CoV-2 Omicron subvariants RT-qPCR clinical samples"", ""protocols.io \""ins214EPE\"" OR \""ERS31del\"" SARS-CoV-2 Omicron RT-qPCR BA.1 BA.2"", ""protocols.io SARS-CoV-2 Omicron one-step RT-qPCR ORF1 ins214EPE multiplex WGS cross-validation""]","[""https://www.protocols.io/view/sars-cov-2-omicron-detection-rt-qpcr-assay-with-b-kqdg3p9nql25"", ""https://www.protocols.io/view/one-step-rt-pcr-ins214epe-assay-for-omicron-b-1-1-b2trqem6"", ""https://www.protocols.io/view/quantification-of-various-sars-cov-2-variant-mutat-cnacvaaw"", ""https://www.protocols.io/view/multiplexed-rt-qpcr-to-screen-for-sars-cov-2-b-1-1-ewov14dnkvr2"", ""https://www.protocols.io/view/multiplexed-rt-qpcr-to-screen-for-sars-cov-2-b-1-1-br9vm966"", ""https://www.protocols.io/view/one-step-rt-qpcr-for-sars-cov-2-wastewater-surveil-bpk3mkyn"", ""https://www.protocols.io/view/one-step-rt-qpcr-for-sars-cov-2-wastewater-surveil-bsgvnbw6""]",True,2
38819130,53258|53350|53493,"[""protocols.io GenomeTrakr SARS-CoV-2 wastewater sequencing FDA"", ""protocols.io SARS-CoV-2 wastewater surveillance sequencing PRJNA757291"", ""protocols.io GenomeTrakr wastewater SARS-CoV-2 collection concentration library prep sequencing workspace"", ""protocols.io GenomeTrakr wastewater SARS-CoV-2 ARTIC amplicon sequencing library prep QC collection site""]","[""https://www.protocols.io/view/ncbi-submission-protocol-for-sars-cov-2-wastewater-ewov14w27vr2/v10"", ""https://www.protocols.io/view/ncbi-submission-protocol-for-sars-cov-2-wastewater-ewov14w27vr2/v7"", ""https://www.protocols.io/view/ncbi-submission-protocol-for-sars-cov-2-wastewater-ewov14w27vr2/v3"", ""https://www.protocols.io/view/ncbi-submission-protocol-for-sars-cov-2-wastewater-b2uyqexw"", ""https://www.protocols.io/view/virus-concentration-from-wastewater-using-peg-prec-bx9ipr4e"", ""https://www.protocols.io/view/rt-qpcr-detection-of-sars-cov-2-from-wastewater-us-b66krhcw"", ""https://www.protocols.io/view/rna-extraction-from-wastewater-concentrates-using-bygvptw6"", ""https://www.protocols.io/view/rt-qpcr-detection-of-process-controls-murine-norov-b66rrhd6"", ""https://www.protocols.io/view/artic-neb-sars-cov-2-library-prep-bh3cj8iw"", ""https://www.protocols.io/view/artic-sars-cov-2-sequencing-protocol-v4-lsk114-dbw62phe""]",True,5
40880479,161270,"[""protocols.io microglia phagocytosis synaptic pruning actin cytoskeleton DISC1"", ""protocols.io bone marrow transplantation microglia replacement mouse protocol"", ""protocols.io microglia synaptosome phagocytosis actin filopodia lamellipodia hippocampal electrophysiology"", ""protocols.io DISC1 microglia bone marrow transplantation synaptic pruning spatial memory"", ""protocols.io primary microglia culture phagocytosis synaptosome pHrodo actin staining mouse hippocampus electrophysiology""]","[""https://www.protocols.io/view/isolation-and-phenotyping-of-adult-mouse-microglia-bnrbmd2n"", ""https://www.protocols.io/view/primary-microglial-culture-b4ubqwsn"", ""https://www.protocols.io/view/protocol-to-assess-engulfment-and-degradation-of-s-bp2l6xb3pxqe"", ""https://www.protocols.io/view/microglia-phagocytosis-assay-using-phrodo-labeled-s-bvt8n6rw"", ""https://www.protocols.io/view/bone-marrow-transplantation-in-mice-for-microglia-byyppxpn"", ""https://www.protocols.io/view/mouse-synaptosome-preparation-bqcpmswn"", ""https://www.protocols.io/view/actin-cytoskeleton-staining-phalloidin-fluorescent-bqebmtan"", ""https://www.protocols.io/view/hippocampal-neuron-culture-from-mouse-b4khqut6"", ""https://www.protocols.io/view/ex-vivo-hippocampal-slice-electrophysiology-epsc-r-bscenaee"", ""https://www.protocols.io/view/flow-cytometry-based-microglia-isolation-from-mous-bnnbmdan""]",False,
40875780,211793,"[""protocols.io capture ELISA IgE mosquito salivary protein"", ""protocols.io ELISA IgE detection mosquito saliva Aedes aegypti"", ""protocols.io capture ELISA IgE specific antibody detection anti-IgE coating"", ""protocols.io ELISA indirect capture IgE allergy serum mosquito AAEL000749""]","[""https://www.protocols.io/view/elisa-for-quantification-of-human-immunoglobulin-bj7xkrpn"", ""https://www.protocols.io/view/salivary-protein-extraction-and-precipitation-prot-kxygxqxdkv8j/v1"", ""https://www.protocols.io/view/indirect-enzyme-linked-immunosorbent-assay-elisa-f-bp2l6njdrgqe/v1"", ""https://www.protocols.io/view/elisa-protocol-mf2c3qe"", ""https://www.protocols.io/view/sars-cov-2-rbd-elisa-bikbkcsn"", ""https://www.protocols.io/view/protocol-of-ebv-ebna1-iga-elisa-test-v3ne8me""]",False,
30804551,122091,"[""protocols.io CAR-T cell Cpf1 AAV knock-in knockout CRISPR genome engineering"", ""protocols.io CRISPR Cpf1 T cell engineering chimeric antigen receptor AAV HDR"", ""protocols.io \""AAV-Cpf1\"" OR \""AAV Cpf1\"" CAR-T KIKO knock-in knockout T cell""]","[""https://www.protocols.io/view/rapid-modular-car-t-generation-with-crispr-cpf1-an-d3gj8jun"", ""https://www.protocols.io/view/aavs1-knock-in-kqdg3p63pl25/v1"", ""https://www.protocols.io/view/generation-of-knockout-and-rescue-cell-lines-using-eq2lynx5wvx9/v1""]",True,1
36824594,33534|33594,"[""Limnodynastes dumerilii genome assembly protocols.io"", ""amphibian genome assembly annotation protocol protocols.io Hi-C scaffolding repeat annotation"", ""protocols.io \""Limnodynastes dumerilii\"" genome sequencing assembly all protocols"", ""protocols.io banjo frog genome DNA extraction library construction sequencing""]","[""https://www.protocols.io/view/protocols-for-the-draft-genome-assembly-of-the-eas-bc37iyrn"", ""https://www.protocols.io/view/dna-extraction-protocol-for-the-eastern-banjo-frog-6qpvrop43vmk/v1"", ""https://www.protocols.io/view/construction-and-sequencing-of-dna-libraries-on-hi-x54v9m124g3e/v1"", ""https://www.protocols.io/view/quality-control-protocol-for-the-raw-sequencing-re-bghvjt66"", ""https://www.protocols.io/view/repetitive-element-annotation-for-the-eastern-banj-bgkbjusn"", ""https://www.protocols.io/view/protein-coding-gene-annotation-protocol-for-the-ea-kxygxen7wv8j/v1"", ""https://www.protocols.io/view/the-pipeline-of-assembly-and-annotation-eq2lyxrwgx9k/v1"", ""https://www.protocols.io/view/the-pipeline-of-hi-c-assembly-of-the-scapharca-bro-bp2l64y4rvqe/v1"", ""https://www.protocols.io/view/fish-genome-assembly-and-annotation-pipeline-ss3eegn"", ""https://www.protocols.io/view/plant-assemble-plant-de-novo-genome-assembly-scaff-b6hgrb3w""]",True,2
29901420,201300,"[""protocols.io macrophage conditioned medium hybridoma production protocol"", ""protocols.io MCM hybridoma bioassay RMH359"", ""protocols.io macrophage conditioned medium production monoclonal antibody hybridoma"", ""protocols.io \""conditioned medium\"" \""J774\"" OR \""macrophage\"" hybridoma cell viability MTT site:protocols.io""]","[""https://www.protocols.io/view/cell-culture-of-j774a-1-cells-cs67whhn"", ""https://www.protocols.io/view/l929-conditioned-medium-lcm-q26g7n1e3lwz/v1"", ""https://www.protocols.io/view/bone-marrow-derived-macrophage-bmdm-differentiatio-cupdwvi6"", ""https://www.protocols.io/view/igg-sequencing-of-rat-hybridoma-x54v9ppw1g3e/v1"", ""https://www.protocols.io/view/Optimized-Concentrations-for-Developmental-Studies-bp2l645zvqe5/v1""]",False,
34658337,43690,"[""protocols.io LRRK2 cilia striatum immunofluorescence mouse brain"", ""protocols.io Hedgehog signaling Gli1 in situ hybridization mouse brain striatum"", ""protocols.io Khan Dhekne LRRK2 cilia cholinergic interneuron striatum immunofluorescence"", ""protocols.io RNAscope Gli1 striatum mouse brain LRRK2 Parkinson""]","[""https://www.protocols.io/view/immunohistochemistry-of-human-brain-striatum-cilia-cyhzxt76"", ""https://www.protocols.io/view/v2-rnascope-c7vbzn2n"", ""https://www.protocols.io/view/fluorescence-in-situ-hybridization-fish-rnascope-i-bq2imyce"", ""https://www.protocols.io/view/immunofluorescence-based-assay-to-assess-lrrk2-ass-b5jhq4j6"", ""https://www.protocols.io/view/lrrk2-immunofluorescent-staining-n92ldze17v5b/v1"", ""https://www.protocols.io/view/experiments-in-hek-293-cells-g2twbyepf"", ""https://www.protocols.io/view/immunofluorescence-microscopy-of-primary-cilia-in-bp2l6bz6"", ""https://www.protocols.io/view/mouse-brain-sectioning-and-immunofluorescence-b4kbqusn"", ""https://www.protocols.io/view/rnascope-fluorescent-multiplex-assay-on-fresh-froz-bckniuve"", ""https://www.protocols.io/view/immunostaining-of-mouse-brain-sections-brhzm376""]",False,
41559478,52136,"[""protocols.io patch-seq brain slice pyramidal neurons HCN channel"", ""protocols.io patch-seq acute brain slice primate neocortex"", ""protocols.io patch-seq human neocortex slice culture Allen Institute supragranular"", ""protocols.io \""brain slice\"" \""non-human primate\"" OR \""macaque\"" patch-seq recording extraction""]","[""https://www.protocols.io/view/patch-seq-recording-and-extraction-8epv51n45l1b/v2"", ""https://www.protocols.io/view/patch-seq-recording-and-extraction-detailed-protoc-5qpvoyb2bg4o/v2"", ""https://www.protocols.io/view/patch-seq-recording-and-extraction-detailed-protoc-5qpvoyb2bg4o/v1"", ""https://www.protocols.io/en/view/patch-seq-recording-and-extraction-8epv51n45l1b/v3"", ""https://www.protocols.io/view/acute-human-brain-slice-preparation-for-ex-vivo-el-d7jv9kn6.html"", ""https://www.protocols.io/view/extraction-of-nuclei-from-brain-tissue-2srged6.html"", ""https://www.protocols.io/view/patch-seq-of-cultured-human-dorsal-root-ganglion-n-j8nlkyw15g5r/v1/v1"", ""https://www.protocols.io/view/patch-seq-of-cultured-human-dorsal-root-ganglion-n-g7fzbzjp7.html"", ""https://www.protocols.io/view/cortical-slice-culture-protocol-for-rodent-brain-gr5pbv85p"", ""https://www.protocols.io/view/cortical-slice-culture-protocol-for-rodent-brain-q26g79pz9vwz/v1""]",True,2
38273288,42445,"[""protocols.io brain cortex DNA methylation deconvolution neuronal glial cell types"", ""protocols.io epigenome-wide association study bulk brain tissue cell type deconvolution reference panel"", ""protocols.io FANS fluorescence activated nuclei sorting postmortem human cortex NeuN SOX10 DNA methylation"", ""protocols.io Hannon Roadmap brain cell type deconvolution EWAS cortex methylation""]","[""https://www.protocols.io/view/fluorescence-activated-nuclei-sorting-fans-on-huma-bmh2k38e"", ""https://www.protocols.io/view/fluorescence-activated-nuclei-sorting-fans-on-huma-36wgq4965vk5/v1"", ""https://www.protocols.io/view/isolation-of-neuronal-nuclei-from-human-frozen-pos-cbcdsis6"", ""https://www.protocols.io/view/fluorescence-activated-nuclei-sorting-fans-for-sin-81wgbzybygpk/v1"", ""https://www.protocols.io/view/nuclei-isolation-immunostaining-and-fluorescence-a-ddz52786"", ""https://www.protocols.io/view/fluorescence-activated-nuclei-sorting-fans-for-sin-dd2d28a6""]",False,
34447628,55692,"[""protocols.io SARS-CoV-2 RNA wastewater settled solids extraction PMMoV"", ""protocols.io wastewater solids SARS-CoV-2 RNA storage 4C -20C -80C PMMoV normalization"", ""protocols.io \""high throughput pre-analytical processing\"" wastewater settled solids SARS-CoV-2 Topol"", ""protocols.io \""high throughput RNA extraction\"" settled solids wastewater SARS-CoV-2 PCR inhibitor removal""]","[""https://www.protocols.io/view/high-throughput-pre-analytical-processing-of-waste-kxygxpod4l8j/v2"", ""https://www.protocols.io/view/high-throughput-pre-analytical-processing-of-waste-kxygxpod4l8j/v1"", ""https://www.protocols.io/view/high-throughput-rna-extraction-and-pcr-inhibitor-r-81wgb72bovpk/v2"", ""https://www.protocols.io/view/high-throughput-rna-extraction-and-pcr-inhibitor-r-b2mkqc4w"", ""https://www.protocols.io/view/high-throughput-sars-cov-2-pmmov-and-bcov-quantifi-b2mjqc4n"", ""https://www.protocols.io/view/high-throughput-sars-cov-2-pmmov-and-bcov-quantifi-b8kjruun.html"", ""https://www.protocols.io/view/high-throughput-sars-cov-2-pmmov-and-bcov-quantifi-e6nvw5orwvmk/v1"", ""https://www.protocols.io/view/extraction-of-rna-from-wastewater-primary-solids-u-6qpvroj6zvmk/v1"", ""https://www.protocols.io/view/quantification-of-various-sars-cov-2-variant-mutat-cnacvaaw.html"", ""https://www.protocols.io/view/v-2-direct-wastewater-rna-capture-and-purification-bjr9km96.html""]",True,4
42367214,217486,"[""protocols.io RNAscope FISH immunohistochemistry combined mRNA protein brain neurons"", ""protocols.io ACDBio RNAscope fluorescent in situ hybridization IHC murine brain tissue"", ""protocols.io RNAscope FISH IHC combined neuronal subpopulations FIJI ImageJ macro colocalization brain"", ""protocols.io RNAscope immunohistochemistry combined mRNA protein neuronal subtype colocalization murine brain FISH IHC single cell""]","[""https://www.protocols.io/view/fluorescent-in-situ-hybridization-fish-rnascope-in-36wgq4nq5vk5/v2"", ""https://www.protocols.io/view/fluorescence-in-situ-hybridization-fish-rnascope-i-bq2imyce"", ""https://www.protocols.io/view/fluorescence-in-situ-hybridization-fish-rnascope-i-36wgq4nq5vk5/v1"", ""https://www.protocols.io/view/v2-rnascope-in-situ-hybridization-c66kzhcw.html"", ""https://www.protocols.io/view/v2-rnascope-in-situ-hybridization-bp2l6xey1lqe/v1"", ""https://www.protocols.io/view/rna-in-situ-hybridization-ish-using-rnascope-dydu7s6w.html"", ""https://www.protocols.io/view/rnascope-in-situ-hybridization-ish-multiplex-fluor-b4bzqsp6.html"", ""https://www.protocols.io/view/fresh-frozen-rnascope-protocol-36wgqp83kvk5/v1"", ""https://www.protocols.io/view/hcr-fish-on-mouse-brain-sections-hrt2b56qf"", ""https://www.protocols.io/view/dot-measuring-co-localisation-fiji-macro-byp6pvre""]",False,
36217031,28026,"[""large serine recombinase LSR Bxb1 PhiC31 human cells integration protocol protocols.io"", ""protocols.io site-specific recombinase landing pad genome integration human cells"", ""protocols.io Bxb1 integrase recombinase human cells transfection protocol"", ""protocols.io large serine recombinase attB attP integration mammalian cells"", ""protocols.io \""serine integrase\"" OR \""recombinase\"" \""landing pad\"" OR \""genome integration\"" site:protocols.io""]","[""https://www.protocols.io/view/protocol-for-assembly-of-a-serine-integrase-based-c6rwzd7e.html"", ""https://www.protocols.io/view/molecular-analyses-c6rzzd76.pdf"", ""https://www.protocols.io/view/protocol-for-assembly-of-a-serine-integrase-based-c6ryzd7w.html"", ""https://www.protocols.io/view/protocol-for-assembly-of-a-serine-integrase-based-c6rxzd7n.html"", ""https://www.protocols.io/view/library-transfection-dm6gpzjj1lzp/v1/v1"", ""https://www.protocols.io/view/culture-and-transfection-of-hek293t-cells-eq2lynkzpvx9/v1"", ""https://www.protocols.io/view/cell-culture-transfection-immunocytochemistry-and-eq2lyp55mlx9/v1"", ""https://www.protocols.io/view/general-transfection-4xqgxmw.pdf"", ""https://www.protocols.io/view/transfection-for-recombinant-antibodies-q26g741oqgwz/v1"", ""https://www.protocols.io/view/optimized-transfection-protocol-for-efficient-em-i-kxygxwxnwv8j/v1/v1""]",False,
30397333,122011|122015|122022|122026|122028|122029,"[""protocols.io parasitic nematode platyhelminth comparative genomics worm genome"", ""protocols.io 81 worm genomes parasitic nematode flatworm drug targets"", ""protocols.io International Helminth Genomes Consortium comparative genomics OrthoFinder gene family"", ""protocols.io helminth genome sequencing assembly annotation worm parasite site:protocols.io""]","[""https://www.protocols.io/view/genomic-and-transcriptomic-data-production-for-hel-x54v9rnxpv3e/v1"", ""https://www.protocols.io/view/creation-of-a-comprehensive-repeat-library-for-a-n-8epv52q8dv1b/v1"", ""https://www.protocols.io/workspaces/international-helminth-genomes-consortium"", ""https://www.protocols.io/view/gene-prediction-and-annotation-for-parasitic-worm-x54v9y3npv3e/v1"", ""https://www.protocols.io/view/ortholog-gene-family-analysis-for-helminths-x54v9mnxpv3e/v1"", ""https://www.protocols.io/view/in-silico-drug-target-screening-parasitic-worms-x54v9lnxpv3e/v1"", ""https://www.protocols.io/view/phylogenomics-pipeline-for-parasitic-worm-genomes-x54v9knxpv3e/v1"", ""https://www.protocols.io/view/rna-seq-data-production-for-helminths-x54v9rnxpv3e/v1"", ""https://www.protocols.io/view/repeat-masking-for-nematode-and-platyhelminth-geno-8epv52q8dv1b/v1"", ""https://www.protocols.io/view/busco-quality-assessment-helminth-genome-assembly-x54v9pnxpv3e/v1""]",True,1
29269866,121966,"[""protocols.io epigenome-wide association EWAS DNA methylation HIV HCV drug use"", ""protocols.io EPIC array whole blood DNA methylation bisulfite protocol"", ""protocols.io Illumina 450K methylation array blood DNA extraction bisulfite EWAS"", ""protocols.io VACS Veterans Aging Cohort Study DNA methylation epigenome"", ""protocols.io DNA methylation 450K HumanMethylation whole blood buffy coat bisulfite conversion Illumina Infinium""]","[""https://www.protocols.io/view/infinium-methylation-epic-array-protocol-bpqfmmtn"", ""https://www.protocols.io/view/illumina-human-methylation-450k-beadchip-protocol-n2bvj6n"", ""https://www.protocols.io/view/sinai-scent-tmc-methylation-array-epic-81wgbzqyygpk/v2"", ""https://www.protocols.io/view/sinai-scent-tmc-methylation-array-epic-dpzc5p2w"", ""https://www.protocols.io/view/dna-bisulfite-conversion-using-zymo-ez-96-dna-meth-g3f5byjq7"", ""https://www.protocols.io/view/dna-extraction-from-whole-blood-using-qiagen-gentr-bpvfmn3n"", ""https://www.protocols.io/view/bisulfite-conversion-of-dna-for-methylation-analys-bscfabn"", ""https://www.protocols.io/view/ewas-data-analysis-pipeline-for-illumina-humanmeth-bppdmim6"", ""https://www.protocols.io/view/differential-methylation-analysis-using-minfi-and-9yih7ue"", ""https://www.protocols.io/view/dna-methylation-profiling-from-blood-samples-using-brkfm4tn""]",False,
21702933,121131,"[""lymphatic ring assay protocol protocols.io"", ""lymphangiogenesis corneal assay lymphatic ring assay protocols.io"", ""protocols.io lymphatic ring assay thoracic duct 3D collagen lymphangiogenesis in vitro""]","[""https://www.protocols.io/view/the-lymphatic-ring-assay-a-3d-culture-model-of-lym-q26g7mj18gwz/v1"", ""https://www.protocols.io/view/lymphatic-ring-assay-lymphangiogenesis-in-vitro-model"", ""https://www.protocols.io/view/corneal-lymphangiogenesis-assay-mouse-model"", ""https://www.protocols.io/view/transmission-electron-microscopy-tem-for-vascular-endothelial-cells"", ""https://www.protocols.io/view/ex-vivo-thoracic-duct-ring-sprouting-assay"", ""https://www.protocols.io/view/in-vivo-corneal-micropocket-lymphangiogenesis-assay"", ""https://www.protocols.io/view/lymphatic-endothelial-cell-isolation-culture"", ""https://www.protocols.io/view/lymphangioma-mouse-model-lymphangiogenesis"", ""https://www.protocols.io/view/3d-collagen-gel-sprouting-assay-lymphatic"", ""https://www.protocols.io/view/extracellular-matrix-remodeling-lymphangiogenesis-assay""]",True,1
36951106,121325,"[""protocols.io aminoacyl-tRNA synthetase D-amino acid charging editing deacylase"", ""protocols.io AlaRS tRNA aminoacylation in vitro biochemical protocol"", ""protocols.io DTD D-aminoacyl-tRNA deacylase aminoacylation assay chiral proofreading"", ""protocols.io tRNA aminoacylation radioactive ATP pyrophosphate exchange assay protocol"", ""protocols.io site:protocols.io \""tRNA\"" \""aminoacylation\"" OR \""deacylase\"" OR \""tRNA synthetase\"" chiral""]","[""https://www.protocols.io/view/trna-northern-analysis-3byl4wy1ovo5/v1"", ""https://www.protocols.io/view/in-vitro-aminoacylation-assay-for-aminoacyl-trna-s"", ""https://www.protocols.io/view/atp-ppi-exchange-assay-aminoacyl-trna-synthetase"", ""https://www.protocols.io/view/d-aminoacyl-trna-deacylase-activity-assay"", ""https://www.protocols.io/view/post-transfer-editing-assay-trna-synthetase"", ""https://www.protocols.io/view/radioactive-aminoacylation-assay-trna"", ""https://www.protocols.io/view/trna-charging-assay-filter-binding"", ""https://www.protocols.io/view/in-vitro-transcription-trna-preparation"", ""https://www.protocols.io/view/e-coli-growth-complementation-assay-trna-synthetase"", ""https://www.protocols.io/view/protein-purification-his-tag-affinity-chromatography""]",False,
42391002,258601,"[""MATQ-seq Bacteroides thetaiotaomicron single-cell RNA sequencing protocol protocols.io"", ""Bornet Bacteroides thetaiotaomicron scRNA-seq FACS MATQ-seq Cas9 depletion protocols.io"", ""Bornet Bacteroidota anaerobic single-cell RNA sequencing MATQ-seq protocols.io 2024 2025"", ""protocols.io Homberger automated MATQ-seq Cas9 rRNA depletion bacterial scRNA-seq""]","[""https://www.protocols.io/view/matq-seq-protocol-j8nlk9jn5v5r/v1"", ""https://www.protocols.io/view/bacterial-single-cell-rna-seq-matq-seq-with-cas9-b-dm6gpzro8lzp/v1"", ""https://www.protocols.io/view/single-cell-rna-seq-dm6gpzro8lzp/v1"", ""https://www.protocols.io/view/improved-bacterial-single-cell-rna-seq-automated-m-81wgbx39jvpk/v1"", ""https://www.protocols.io/view/cas9-based-rrna-depletion-for-bacterial-scrna-seq-bp2l64m85lqe/v1"", ""https://www.protocols.io/view/bacterial-scrna-seq-facs-lysis-cdna-library-prep-b-kqdg35b9wl25/v1"", ""https://www.protocols.io/view/matq-seq-bacterial-scrna-seq-anaerobic-bacteroidota-cx2dqan5/v1"", ""https://www.protocols.io/view/fluorescence-activated-cell-sorting-facs-for-singl-ewov1n7q/v1"", ""https://www.protocols.io/view/single-cell-rna-sequencing-library-preparation-2-l-36wgq4n3kvk5/v1"", ""https://www.protocols.io/view/dash-depletion-of-abundant-sequences-by-hybridizat-bc5ciy6w/v1""]",False,
35243422,47595,"[""protocols.io metastatic breast cancer serial biopsy omic spatial atlas OMS"", ""protocols.io multiplexed immunostaining scanning electron microscopy breast cancer biopsy longitudinal"", ""protocols.io Brett Johnson Joe Gray OMS atlas breast cancer OHSU"", ""protocols.io \""omic and multidimensional spatial\"" OR \""OMS atlas\"" breast cancer biopsy protocol"", ""protocols.io \""OMS Atlas\"" Brett Johnson site:protocols.io""]","[""https://www.protocols.io/view/oms-atlas-ffpe-spatial-mapping-cnmvvc66"", ""https://dx.doi.org/10.17504/protocols.io.8epv56ppjg1b/v6"", ""https://www.protocols.io/view/oms-atlas-ffpe-spatial-mapping-8epv56ppjg1b/v1"", ""https://dx.doi.org/10.17504/protocols.io.8epv5xy24g1b/v1"", ""https://dx.doi.org/10.17504/protocols.io.261ge677dl47/v4"", ""https://www.protocols.io/view/oms-atlas-oct-spatial-mapping-c9tvz6n6"", ""https://www.protocols.io/view/oms-atlas-oct-spatial-mapping-cfu7tnzn"", ""https://www.protocols.io/workspaces/gray-lab"", ""https://www.protocols.io/researchers/brett-johnson"", ""https://www.protocols.io/view/multiplexed-immunostaining-ffpe-tissue-sections-bp2l647n""]",False,
39359233,237191,"[""protocols.io 3D skin model in vitro toxicology testing protocol"", ""protocols.io reconstructed human epidermis skin model toxicology"", ""protocols.io 3D skin model keratinocytes fibroblasts air-liquid interface toxicology site:protocols.io"", ""protocols.io in vitro 3D skin model toxicology reconstructed human epidermis""]","[""https://www.protocols.io/view/reconstructed-human-epidermis-rhe-skin-irritation-n2bvj6n85lk5/v1"", ""https://www.protocols.io/view/3d-full-thickness-skin-equivalent-model-collagen-i-bp2l6xo7rgqe/v1"", ""https://www.protocols.io/view/in-vitro-skin-corrosion-test-epiderm-oecd-tg-431-eq2ly7xz5vx9/v1"", ""https://www.protocols.io/view/skin-irritation-test-using-reconstructed-human-epi-bqbamsue/v1"", ""https://www.protocols.io/view/epiderm-skin-irritation-mattek-epi-200-sit-protocol-bqcamsue/v1"", ""https://www.protocols.io/view/3d-skin-model-air-liquid-interface-keratinocyte-fi-dm6gpzr6/v1"", ""https://www.protocols.io/view/human-skin-equivalent-hse-preparation-multicell-3d-n2bvj6n85lk5/v1"", ""https://www.protocols.io/view/reconstructed-skin-micronucleus-rsmn-assay-epiderm-bvrun55e/v1"", ""https://www.protocols.io/view/comet-assay-3d-reconstructed-human-epidermis-skin-bqeamtee/v1"", ""https://www.protocols.io/view/open-source-skin-model-alexandra-fabrication-toxi-b4p6qsrn/v1""]",False,
30462808,24110,"[""protocols.io TBARS lipid peroxidation oxidative stress redox profile protocol"", ""protocols.io GSH GSSG glutathione catalase oxidative stress protocol blood"", ""protocols.io protein carbonylation FOX assay TBARS catalase blood plasma oxidative stress thyroid"", ""protocols.io subclinical hyperthyroidism redox oxidative stress thyroidectomy LT4""]","[""https://www.protocols.io/view/thiobarbituric-acid-reactive-substances-tbars-assa-3sngnde"", ""https://www.protocols.io/view/lipid-peroxidation-assessment-q26g7rz43vwz/v1"", ""https://www.protocols.io/view/determination-of-total-glutathione-gsh-and-oxidize-i35cgq6"", ""https://www.protocols.io/view/antioxidant-activity-by-reduced-glutathione-gsh-as-btaynifw"", ""https://www.protocols.io/view/integrated-protocol-for-ros-rns-glutathione-enzyme-hf4tb3qwp.html"", ""https://www.protocols.io/view/lipid-peroxidation-lpx-assay-for-zooplankton-homog-m4vc8w6"", ""https://www.protocols.io/view/flow-cytometry-measurements-of-lipid-peroxidation-dm6gp92x1vzp/v1""]",True,1
33350435,281914,"[""protocols.io hepatic stellate cell isolation Nycodenz mouse liver"", ""protocols.io HSC isolation culture quiescent hepatic stellate cells"", ""protocols.io hepatic stellate cell isolation mouse Nycodenz density gradient Oil Red O qRT-PCR"", ""protocols.io \""hepatic stellate\"" isolation culture vitamin A DMEM serum-free""]","[""https://www.protocols.io/view/isolation-of-hepatic-stellate-cells-from-mouse-liv-bp2l647e"", ""https://www.protocols.io/view/mouse-hepatic-stellate-cell-isolation-and-culture-6qpvr4n7bvmk"", ""https://www.protocols.io/view/hepatic-stellate-cell-isolation-using-nycodenz-den-j8nlkwk9xl5r"", ""https://www.protocols.io/view/isolation-of-primary-mouse-hepatic-stellate-cells-bvt8n6rw"", ""https://www.protocols.io/view/isolation-and-culture-of-primary-mouse-hepatic-ste-bc4hiyw6"", ""https://www.protocols.io/view/murine-hepatic-stellate-cell-isolation-nycodenz-gr-8epv5xn45l1b"", ""https://www.protocols.io/view/isolation-of-hepatic-stellate-cells-from-balb-c-mi-yxmvmm3n"", ""https://www.protocols.io/view/primary-hepatic-stellate-cell-isolation-oil-red-o-q26g7yb7kgwz"", ""https://www.protocols.io/view/hepatic-stellate-cell-quiescence-maintenance-serum-ewov14o87gr4"", ""https://www.protocols.io/view/flow-cytometry-purity-assessment-hepatic-stellate-n92ldmzq7l5b""]",False,
30271992,121300,"[""Leasi meiofauna metabarcoding biodiversity protocols.io"", ""meiofauna metabarcoding environmental DNA protocol protocols.io"", ""protocols.io meiofauna benthic invertebrate DNA extraction COI 18S metabarcoding"", ""protocols.io Leasi meiofauna morphology barcoding metabarcoding biodiversity""]","[""https://www.protocols.io/view/environmental-dna-edna-18s-metabarcoding-illumina-6qpvrydzgmkn/v2"", ""https://www.protocols.io/view/environmental-dna-edna-18s-metabarcoding-illumina-mv2c68e"", ""https://www.protocols.io/view/dna-extraction-protocol-for-dna-metabarcoding-of-m-bucjnsun"", ""https://www.protocols.io/view/stream-benthic-metabarcoding-lab-protocol-dn3f5gjn"", ""https://www.protocols.io/view/environmental-dna-metabarcoding-full-pipeline-coll-dfyj3pun"", ""https://www.protocols.io/view/stream-benthic-metabarcoding-lab-protocol-draft-cyu4xwyw"", ""https://www.protocols.io/view/environmental-dna-edna-12s-metabarcoding-illumina-bcppivmn"", ""https://www.protocols.io/view/environmental-dna-edna-12s-metabarcoding-illumina-wxxffpn"", ""https://www.protocols.io/view/universal-plant-and-animal-edna-metabarcoding-usin-hca5b2sg7"", ""https://www.protocols.io/view/environmental-dna-metabarcoding-protocol-for-973h9qn""]",False,
39510801,162311|206474,"[""protocols.io macrophage BMDM proteomics mass spectrometry sample preparation"", ""protocols.io bone marrow derived macrophage differentiation protocol"", ""protocols.io iBMDM J774 RAW264.7 macrophage proteomics DIA label-free S-Trap"", ""protocols.io murine macrophage cell line characterization MSR1 J2 virus immortalization"", ""protocols.io DIA label-free BMDM macrophage proteomics S-Trap Howden Baker Brenes Dundee""]","[""https://www.protocols.io/view/dia-label-free-proteomic-analysis-of-murine-bone-m-bz3ep8mw"", ""https://www.protocols.io/view/s-trap-column-digestion-protocol-protifi-of-protei-yxmvmn6q9g3p/v1"", ""https://www.protocols.io/view/s-trap-plate-digestion-protocol-protifi-of-protein-kxygxzd2zv8j/v1"", ""https://www.protocols.io/view/s-trap-plate-digestion-protocol-protifi-of-protein-5jyl82mndl2w/v1"", ""https://www.protocols.io/view/label-free-quantification-lfq-proteomic-data-analy-5qpvobk7xl4o/v2"", ""https://www.protocols.io/view/bone-marrow-derived-macrophage-bmdm-differentiatio-j8nlkw7bwl5r/v1"", ""https://www.protocols.io/view/l929-conditioned-medium-lcm-g8njbzvcp.html"", ""https://www.protocols.io/view/differentiation-of-bone-marrow-derived-macrophages-81wgbr2e3lpk/v1"", ""https://www.protocols.io/view/cell-culture-of-j774a-1-cells-q26g7ye1qgwz/v1"", ""https://www.protocols.io/view/cell-culture-of-raw264-7-cells-q26g7ynbqgwz/v1""]",False,
21572423,121336,"[""protocols.io basement membrane sliding laminin collagen photobleaching C. elegans"", ""protocols.io C. elegans basement membrane invasion vulval photobleaching optical highlighting"", ""protocols.io C. elegans anchor cell invasion RNAi laser ablation basement membrane integrin VAB-19"", ""protocols.io C. elegans live imaging basement membrane gap vulval invasion Bhatt Bhatt lab Sherwood""]","[""https://www.protocols.io/view/fluorescence-recovery-after-photobleaching-frap-in-kxygxp9ewl8j/v1"", ""https://www.protocols.io/view/bleach-synchronisation-of-c-elegans-2bzgap6"", ""https://www.protocols.io/view/immunofluorescence-for-c-elegans-gonads-xrgfm3w"", ""https://www.protocols.io/view/c-elegans-rnai-by-feeding-protocol-j8nlk4po1l5r/v1"", ""https://www.protocols.io/view/laser-ablation-in-c-elegans-ewov14n94lr2/v1"", ""https://www.protocols.io/view/c-elegans-live-imaging-confocal-microscopy-x5xfq7n/v1"", ""https://www.protocols.io/view/c-elegans-mounting-for-live-fluorescence-imaging-bphjmj4n/v1"", ""https://www.protocols.io/view/c-elegans-synchronization-and-staging-ynhftt6/v1"", ""https://www.protocols.io/view/photoactivation-and-photobleaching-in-c-elegans-bp2l6b7x5gqe/v1"", ""https://www.protocols.io/view/disease-model-screen-protocol-bp2l6b7x5gqe/v1""]",False,
24218132,239411,"[""protocols.io PCR optimization GC-rich EGFR promoter SNP"", ""protocols.io PCR GC-rich template optimization protocol"", ""protocols.io EGFR promoter PCR SNP -216 -191 GC-rich optimization"", ""protocols.io PCR optimization GC-rich promoter betaine DMSO touchdown""]","[""https://www.protocols.io/view/pcr-protocol-for-phusion-high-fidelity-dna-polymer-bdd3i28n"", ""https://www.protocols.io/view/pcr-protocol-for-phusion-high-fidelity-dna-polymer-irrcd56"", ""https://www.protocols.io/view/pcr-using-q5-hot-start-high-fidelity-dna-polymeras-bfknjkve"", ""https://www.protocols.io/view/PCR-Using-Q5-Hot-Start-High-Fidelity-DNA-Polymeras-imsunm"", ""https://www.protocols.io/view/PCR-Protocol-for-OneTaq-DNA-Polymerase-M0480-imsvzv"", ""https://www.protocols.io/view/pcr-protocol-for-taq-dna-polymerase-with-thermopol-bd2wi8fe"", ""https://www.protocols.io/view/PCR-with-Taq-DNA-Polymerase-M0273-imst9m"", ""https://www.protocols.io/view/colony-pcr-protocol-for-thermo-scientific-phire-ho-yxmvmxomnl3p/v1/1000"", ""https://www.protocols.io/view/first-strand-cdna-synthesis-thermoscientific-rever-ze3f3gn"", ""https://www.protocols.io/view/optimized-pcr-with-sequence-specific-primers-pcr-s-rm7vzj86plx1""]",False,
29256496,121971|121973|121974|121975,"[""STARR-seq human cells HeLa ORI core promoter interferon protocols.io"", ""protocols.io STARR-seq enhancer screen human genome episomal"", ""protocols.io \""STARR-seq\"" \""HeLa\"" OR \""ORI\"" OR \""interferon\"" genome-wide human enhancer"", ""protocols.io \""UMI-STARR-seq\"" OR \""WHG-STARR-seq\"" OR \""genome-wide STARR-seq\"" human luciferase plasmid library cloning""]","[""https://www.protocols.io/view/starr-seq-screening-protocol-j8nlk9jpwv5r/v1"", ""https://www.protocols.io/view/atac-starr-seq-5jyl89rorv2w/v1"", ""https://www.protocols.io/view/atac-starr-seq-b2nqqddw.html"", ""https://www.protocols.io/view/umi-starr-seq-screening-protocol-bzubp7an"", ""https://www.protocols.io/view/starr-seq-plasmid-library-cloning-bz9rp36n"", ""https://www.protocols.io/view/whole-genome-starr-seq-library-preparation-bz8np7tn"", ""https://www.protocols.io/view/luciferase-reporter-assay-human-cells-episomal-bz9np76n"", ""https://www.protocols.io/view/maxcyte-stx-transfection-human-cells-starr-seq-bz2np7en"", ""https://www.protocols.io/view/genome-wide-starr-seq-human-hela-cells-bz3np7dn"", ""https://www.protocols.io/view/human-starr-seq-library-preparation-bz6np7tn""]",False,
33923007,20442,"[""protocols.io soil heavy metals pollution indices PCA geo-accumulation enrichment factor"", ""protocols.io soil chemical elements land capability class determination protocol"", ""protocols.io soil metals digestion ICP analysis agricultural sampling protocol"", ""protocols.io soil heavy metal sampling preparation pollution index Abu Dhabi UAE""]","[""https://www.protocols.io/view/soil-sampling-and-preparation-for-soil-chemical-an-x72frqe"", ""https://www.protocols.io/view/determination-of-water-holding-capacity-whc-of-soi-14egnjxbyv5d/v1"", ""https://www.protocols.io/view/soil-edna-sample-collection-protocol-5jyl8pdj9g2w/v3"", ""https://www.protocols.io/view/soil-plating-protocol-36wgq347xlk5/v1""]",True,1
33529123,35043,"[""protocols.io sheep somatic cell nuclear transfer zona-free aggregation vitrification cloning"", ""protocols.io sheep cloning SCT zona-free caffeine calcium cytoplast blastocyst"", ""protocols.io sheep nuclear transfer morula aggregation caffeine cytoplast cell cycle"", ""protocols.io \""zona-free\"" \""somatic cell transfer\"" sheep cloning blastocyst aggregation vitrification site:protocols.io""]","[""https://www.protocols.io/view/generating-cloned-sheep-embryos-by-zona-free-somat-begbjbsn""]",True,1
37237607,28876,"[""protocols.io diabetic zebrafish wound healing OCTA"", ""protocols.io adult zebrafish diabetes wound model streptozotocin"", ""protocols.io zebrafish cutaneous wound healing full thickness skin imaging"", ""protocols.io zebrafish OCT optical coherence tomography skin protocol""]","[""https://www.protocols.io/view/diabetic-zebrafish-wound-healing-octa-monitoring-protocol"", ""https://www.protocols.io/view/adult-zebrafish-type-1-diabetes-model-streptozotocin-induction"", ""https://www.protocols.io/view/full-thickness-cutaneous-wound-generation-adult-zebrafish"", ""https://www.protocols.io/view/zebrafish-skin-wound-healing-longitudinal-imaging"", ""https://www.protocols.io/view/oct-angiography-zebrafish-skin-vasculature-imaging"", ""https://www.protocols.io/view/modeling-acute-visceral-pain-in-adult-zebrafish-kxygx3ywog8j/v1"", ""https://www.protocols.io/view/single-cell-dissociation-from-zebrafish-larvae-bp2l6zqn5gqe/v1"", ""https://www.protocols.io/view/tissue-clearing-of-mouse-organs-and-zebrafish-usin-yxmvm9kr5l3p/v1"", ""https://www.protocols.io/view/zebrafish-immunofluorescence-protocol-e6nvw62ozgmk/v1"", ""https://www.protocols.io/view/zebrafish-anesthesia-and-in-vivo-imaging-setup-protocol""]",False,
41800616,200568,"[""RAP-MS vault RNA vtRNA antisense purification mass spectrometry protocol protocols.io"", ""protocols.io RNA antisense purification mass spectrometry small ncRNA UV crosslinking biotinylated probes"", ""Stok vtRNA vault RNA RAP-MS protocol protocols.io lung epithelial"", ""protocols.io RAP-MS vault RNA protein interactors small ncRNA STAR protocol"", ""protocols.io \""RAP-MS\"" OR \""RNA antisense purification\"" \""vault RNA\"" OR \""vtRNA\"" OR \""small ncRNA\"" UV crosslinking""]",[],False,
35528780,28312|38526|49795|49797|51001,"[""protocols.io metatranscriptomics harmful algal bloom Microcystis sequencing protocol"", ""protocols.io metatranscriptomics RNA extraction sequencing bloom"", ""protocols.io BLASTx read recruitment metatranscriptomics Kaiju MG-RAST GhostKOALA annotation"", ""protocols.io \""Microcystis\"" metatranscriptomics genome read recruitment composite genome""]","[""https://www.protocols.io/view/metatranscriptomics-sample-preparation-protocol-w-dib4am"", ""https://www.protocols.io/view/rna-extraction-from-sterivex-filters-an-optimized-heuab3esf.html"", ""https://www.protocols.io/view/sample-fixation-and-rna-extraction-of-brackish-and-di6f4hbn.html"", ""https://www.protocols.io/view/total-rna-protocol-extraction-quantification-and-i-457gy9n.html"", ""https://www.protocols.io/view/an-optimized-ctab-based-rna-extraction-from-rhizos-djr24m8e.html"", ""https://www.protocols.io/view/bacterial-genome-annotation-script-using-blastn-dm6gpjrb1gzp/v3"", ""https://www.protocols.io/view/week-4-calling-open-reading-frames-with-prodigal-u-gz3bx8n"", ""https://www.protocols.io/view/protocol-for-whole-shotgun-metagenomics-pipeline-f-dvbk62kw"", ""https://www.protocols.io/view/shotgun-metagenomic-sequencing-of-bacterial-enrich-g3fdbyji7"", ""https://www.protocols.io/view/bacterial-genome-annotation-script-using-blastn-dd3s28ne.html""]",False,
33996275,822,"[""protocols.io virome ultrafiltration iron chloride flocculation wastewater virus concentration"", ""protocols.io viral metagenomics aquatic virus concentration purification protocol"", ""protocols.io virome ultrafiltration chloroform DNase aquatic environmental virus DNA purification site:protocols.io"", ""protocols.io iron chloride flocculation virus seawater freshwater virome DNA extraction""]","[""https://www.protocols.io/view/Iron-Chloride-Precipitation-of-Viruses-from-Seawat-x54v981pl3eq/v1"", ""https://www.protocols.io/view/Iron-Chloride-Precipitation-of-Viruses-from-Seawat-c2wyfd"", ""https://www.protocols.io/view/resuspension-and-concentration-of-iron-chloride-pr-b4niqvce"", ""https://www.protocols.io/view/concentration-and-nucleic-acid-extraction-of-virus-gzzhbx737"", ""https://www.protocols.io/view/virome-dna-extraction-with-phenol-chloroform-cptrvnm6"", ""https://www.protocols.io/view/virome-extraction-byzzpx76"", ""https://www.protocols.io/view/concentration-and-nucleic-acid-extraction-of-virus-c66mzhc6"", ""https://www.protocols.io/view/virus-concentration-from-wastewater-using-peg-prec-bx9ipr4e"", ""https://www.protocols.io/view/concentration-of-viruses-from-wastewater-influent-bi6jkhcn"", ""https://www.protocols.io/view/Purification-of-viruses-by-centrifugation-d2v8e5""]",True,2
32488088,121164,"[""FIB/SEM mitotic chromosome chromatin fibre protocol protocols.io"", ""focused ion beam scanning electron microscopy chromosome cross-section protocol protocols.io"", ""protocols.io metaphase chromosome sample preparation electron microscopy osmium glutaraldehyde resin embedding"", ""protocols.io FIB-SEM biological sample preparation chromosome chromatin ultrastructure""]","[""https://www.protocols.io/view/preparation-of-tissue-for-volume-electron-microsco-crzcv72w"", ""https://www.protocols.io/view/3d-fibsem-clem-b5wsq7ee"", ""https://www.protocols.io/view/fib-sem-protocol-for-anaerobic-ciliates-to-visuali-kqdg356kev25/v1"", ""https://www.protocols.io/view/cryo-fixation-and-resin-embedding-of-biological-sa-dasy2efw"", ""https://www.protocols.io/view/post-fixation-heavy-metal-staining-and-resin-embed-36vgre6"", ""https://www.protocols.io/view/preparation-of-cells-for-transmission-electron-mic-bzqvp5w6"", ""https://www.protocols.io/view/preparation-of-tissue-for-transmission-electron-mi-n92ldpz9nl5b/v1"", ""https://www.protocols.io/view/protocol-sonication-based-circular-chromosome-conf-dm6gp9621vzp/v1"", ""https://www.protocols.io/view/chromatin-immunoprecipitation-chip-assay-protocol-gsmbwc6"", ""https://www.protocols.io/view/fiber-seq-for-flash-frozen-mouse-tissue-for-igvf-dnvq5e5w""]",False,
39664262,38081,"[""protocols.io phytoplankton isolation culture long-read sequencing 18S 28S rRNA"", ""protocols.io phytoplankton strain isolation marine long-read sequencing ITS rRNA"", ""protocols.io microalgae phytoplankton isolation PacBio nanopore 18S 28S rRNA amplicon sequencing marine"", ""protocols.io \""long-read\"" \""18S\"" \""28S\"" rRNA phytoplankton OR microeukaryote OR protist sequencing""]","[""https://www.protocols.io/view/dna-extraction-protocol-for-dna-metabarcoding-of-m-bucjnsun"", ""https://www.protocols.io/view/fuhrman-lab-515f-926r-16s-and-18s-rrna-gene-sequen-j8nlkpd1g5r7/v2"", ""https://www.protocols.io/view/fuhrman-lab-515f-926r-16s-and-18s-rrna-gene-sequen-vb7e2rn"", ""https://www.protocols.io/view/library-preparation-of-bee-18s-and-28s-rrna-amplic-bapqidmw"", ""https://www.protocols.io/view/library-preparation-of-bee-18s-and-28s-rrna-amplic-yxmvmx3k9l3p/v1"", ""https://www.protocols.io/view/dna-clean-up-and-size-selection-for-long-read-sequ-betdjei6"", ""https://www.protocols.io/view/18s-rrna-gene-amplification-and-sequencing-bpwdmpe6"", ""https://www.protocols.io/view/environmental-dna-extraction-and-18s-rrna-amplicon-dm6gpj4rdlzp/v1"", ""https://www.protocols.io/view/long-read-amplicon-sequencing-of-the-18s-its-28s-r-kqdg3xzw"", ""https://www.protocols.io/view/phytoplankton-culture-isolation-and-dna-extraction-n2bvj6n35lw5/v1""]",False,
28877184,7166,"[""WetLab-2 ISS RNA extraction PCR protocol protocols.io"", ""protocols.io microgravity RNA extraction quantitative PCR ISS space station"", ""protocols.io WetLab-2 NASA ISS RNA sample preparation lyophilized PCR"", ""protocols.io \""WetLab-2\"" RNA preparation Escherichia coli mouse liver gene expression ISS""]","[""https://www.protocols.io/view/wetlab-2-rt-qpcr-procedure-i8wchxe"", ""https://www.protocols.io/view/wetlab-2-rt-qpcr-procedure-i86chze"", ""https://www.protocols.io/view/wetlab-2-preparation-of-lyophilized-reagents-i87chzn"", ""https://www.protocols.io/view/wetlab-2-preparation-of-lyophilized-reagents-i8wchxe"", ""https://www.protocols.io/view/protocol-2-pcr-wet-lab-3byl4k7orvo5/v1"", ""https://www.protocols.io/view/protocol-2-pcr-wet-lab-bmfhk3j6"", ""https://www.protocols.io/view/protocol-pcr-wet-lab-bpzpmp5n"", ""https://www.protocols.io/view/rna-extraction-and-pcr-protocol-dcmv2u66"", ""https://www.protocols.io/view/rna-extraction-and-quantitative-pcr-to-assay-infla-cbuusnww"", ""https://www.protocols.io/view/high-throughput-rna-extraction-and-pcr-inhibitor-r-81wgb72bovpk/v2""]",True,2
